experiment,case_id,u_inf_m_s,v_inf_m_s,w_inf_m_s,speed_m_s,split_type,part_name,method,feature_set,sensor_count,requested_sensor_count,mode_count,requested_mode_count,noise_level,noise_percent,repeat,sampling_rank,condition_number,scaled_condition_number,runtime_ms,parameter_rbf_length_scale,parameter_rbf_noise,parameter_rbf_ridge,cp_rmse,cp_mae,cp_max_abs_error,cp_error_p95,cp_error_p99,cp_bias,cp_r2,cp_correlation,cp_area_weighted_relative_l2,cp_relative_l2_variance_normalized,observation_source,sensor_layout,solver,ridge_lambda_used,prior_lambda,sensor_weights_enabled,random_seed
pod_mode_sensitivity,suboff_0000_u-0p5_v-0p5_w-0p5,-5.000000000000e-01,-5.000000000000e-01,-5.000000000000e-01,8.660254037844e-01,interpolation,all_surface,practical,,126,126,10,10,0.000000000000e+00,0.000000000000e+00,0,10,3.437426715273e+00,3.024804894322e+00,8.436000207439e-01,,,,2.237262622141e-01,1.717756924035e-01,1.397443690962e+00,4.377513488037e-01,6.012209594022e-01,3.700505626927e-02,8.349514563234e-01,9.162516012673e-01,3.181795435381e-01,3.996247397397e-01,cgns_extracted_sensor_matrix,engineering_practical,ridge,1.000000000000e-04,0.000000000000e+00,False,
pod_mode_sensitivity,suboff_0000_u-0p5_v-0p5_w-0p5,-5.000000000000e-01,-5.000000000000e-01,-5.000000000000e-01,8.660254037844e-01,interpolation,all_surface,practical,,126,126,20,20,0.000000000000e+00,0.000000000000e+00,0,20,7.150352116823e+00,5.493329484220e+00,1.346000004560e+00,,,,1.681471565646e-01,1.257255385180e-01,1.093784182638e+00,3.363554347466e-01,4.832984882513e-01,2.467364736728e-02,9.067697566174e-01,9.574927402484e-01,2.385616532842e-01,2.996268633283e-01,cgns_extracted_sensor_matrix,engineering_practical,ridge,1.000000000000e-04,0.000000000000e+00,False,
pod_mode_sensitivity,suboff_0000_u-0p5_v-0p5_w-0p5,-5.000000000000e-01,-5.000000000000e-01,-5.000000000000e-01,8.660254037844e-01,interpolation,all_surface,practical,,126,126,30,30,0.000000000000e+00,0.000000000000e+00,0,30,8.941512264709e+00,6.736654309848e+00,1.758200000040e+00,,,,1.209045812903e-01,8.979735404846e-02,9.772369479453e-01,2.637016226732e-01,3.649196069205e-01,2.236362159045e-02,9.517981976626e-01,9.767848503642e-01,1.715724554366e-01,2.154902766153e-01,cgns_extracted_sensor_matrix,engineering_practical,ridge,1.000000000000e-04,0.000000000000e+00,False,
pod_mode_sensitivity,suboff_0000_u-0p5_v-0p5_w-0p5,-5.000000000000e-01,-5.000000000000e-01,-5.000000000000e-01,8.660254037844e-01,interpolation,all_surface,practical,,126,126,40,40,0.000000000000e+00,0.000000000000e+00,0,40,1.127593504695e+01,9.369737838864e+00,2.089600020554e+00,,,,1.180380534068e-01,8.911644680944e-02,9.976908835466e-01,2.294114703397e-01,3.333040815957e-01,2.746844339991e-02,9.540567365961e-01,9.784594238157e-01,1.679499492352e-01,2.109405086388e-01,cgns_extracted_sensor_matrix,engineering_practical,ridge,1.000000000000e-04,0.000000000000e+00,False,
pod_mode_sensitivity,suboff_0000_u-0p5_v-0p5_w-0p5,-5.000000000000e-01,-5.000000000000e-01,-5.000000000000e-01,8.660254037844e-01,interpolation,all_surface,practical,,126,126,50,50,0.000000000000e+00,0.000000000000e+00,0,50,1.284662012714e+01,1.080784399935e+01,2.519400004530e+00,,,,1.372671176182e-01,1.024217290933e-01,1.137696147094e+00,2.763812539526e-01,4.014600701893e-01,4.335097053342e-02,9.378686498250e-01,9.753073192149e-01,1.947280711100e-01,2.445730918839e-01,cgns_extracted_sensor_matrix,engineering_practical,ridge,1.000000000000e-04,0.000000000000e+00,False,
pod_mode_sensitivity,suboff_0000_u-0p5_v-0p5_w-0p5,-5.000000000000e-01,-5.000000000000e-01,-5.000000000000e-01,8.660254037844e-01,interpolation,all_surface,practical,,126,126,60,60,0.000000000000e+00,0.000000000000e+00,0,60,1.602400343275e+01,1.469976944883e+01,3.093799983617e+00,,,,1.639497438775e-01,1.177147569328e-01,1.848260641831e+00,3.416561299056e-01,4.772980630912e-01,2.430783708550e-02,9.113662247748e-01,9.620973972831e-01,2.278334195612e-01,2.861524973721e-01,cgns_extracted_sensor_matrix,engineering_practical,ridge,1.000000000000e-04,0.000000000000e+00,False,
pod_mode_sensitivity,suboff_0000_u-0p5_v-0p5_w-0p5,-5.000000000000e-01,-5.000000000000e-01,-5.000000000000e-01,8.660254037844e-01,interpolation,all_surface,practical,,126,126,70,70,0.000000000000e+00,0.000000000000e+00,0,70,2.538768855500e+01,2.219485031872e+01,3.717199986568e+00,,,,1.523988375171e-01,1.124301338339e-01,1.720940125351e+00,3.034499582379e-01,4.444551117223e-01,1.339666386944e-02,9.234154665044e-01,9.662670797502e-01,2.142902155750e-01,2.691426063274e-01,cgns_extracted_sensor_matrix,engineering_practical,ridge,1.000000000000e-04,0.000000000000e+00,False,
pod_mode_sensitivity,suboff_0000_u-0p5_v-0p5_w0p5,-5.000000000000e-01,-5.000000000000e-01,5.000000000000e-01,8.660254037844e-01,interpolation,all_surface,practical,,126,126,10,10,0.000000000000e+00,0.000000000000e+00,0,10,3.437426715273e+00,3.024804894322e+00,7.390999817289e-01,,,,3.616102013219e-01,2.679535581173e-01,2.359566265793e+00,7.496170569174e-01,1.039181429304e+00,1.482326079126e-01,7.314231745182e-01,8.881508345585e-01,3.992366287877e-01,5.141473563061e-01,cgns_extracted_sensor_matrix,engineering_practical,ridge,1.000000000000e-04,0.000000000000e+00,False,
pod_mode_sensitivity,suboff_0000_u-0p5_v-0p5_w0p5,-5.000000000000e-01,-5.000000000000e-01,5.000000000000e-01,8.660254037844e-01,interpolation,all_surface,practical,,126,126,20,20,0.000000000000e+00,0.000000000000e+00,0,20,7.150352116823e+00,5.493329484220e+00,1.120900007663e+00,,,,1.532671360720e-01,1.124294304754e-01,1.999102592621e+00,2.871102939071e-01,4.735828602689e-01,2.739887024467e-02,9.517513381067e-01,9.771546228042e-01,1.649318242392e-01,2.124035103213e-01,cgns_extracted_sensor_matrix,engineering_practical,ridge,1.000000000000e-04,0.000000000000e+00,False,
pod_mode_sensitivity,suboff_0000_u-0p5_v-0p5_w0p5,-5.000000000000e-01,-5.000000000000e-01,5.000000000000e-01,8.660254037844e-01,interpolation,all_surface,practical,,126,126,30,30,0.000000000000e+00,0.000000000000e+00,0,30,8.941512264709e+00,6.736654309848e+00,1.573699992150e+00,,,,1.534981587862e-01,1.160219492842e-01,1.582525685403e+00,2.967172401321e-01,4.445244297547e-01,4.428518328492e-02,9.516057760793e-01,9.780225337852e-01,1.683976457494e-01,2.168668857694e-01,cgns_extracted_sensor_matrix,engineering_practical,ridge,1.000000000000e-04,0.000000000000e+00,False,
pod_mode_sensitivity,suboff_0000_u-0p5_v-0p5_w0p5,-5.000000000000e-01,-5.000000000000e-01,5.000000000000e-01,8.660254037844e-01,interpolation,all_surface,practical,,126,126,40,40,0.000000000000e+00,0.000000000000e+00,0,40,1.127593504695e+01,9.369737838864e+00,2.830200013705e+00,,,,1.701581546358e-01,1.182451450873e-01,1.652162825421e+00,3.687552000625e-01,5.659576866313e-01,3.535902325662e-02,9.405307142209e-01,9.711604821482e-01,1.852658239282e-01,2.385901661273e-01,cgns_extracted_sensor_matrix,engineering_practical,ridge,1.000000000000e-04,0.000000000000e+00,False,
pod_mode_sensitivity,suboff_0000_u-0p5_v-0p5_w0p5,-5.000000000000e-01,-5.000000000000e-01,5.000000000000e-01,8.660254037844e-01,interpolation,all_surface,practical,,126,126,50,50,0.000000000000e+00,0.000000000000e+00,0,50,1.284662012714e+01,1.080784399935e+01,2.535799983889e+00,,,,1.695072907081e-01,1.173076349665e-01,1.421394367741e+00,3.838425384963e-01,5.496778004269e-01,4.089001272068e-02,9.409847904415e-01,9.718139965591e-01,1.865628813936e-01,2.402605506029e-01,cgns_extracted_sensor_matrix,engineering_practical,ridge,1.000000000000e-04,0.000000000000e+00,False,
pod_mode_sensitivity,suboff_0000_u-0p5_v-0p5_w0p5,-5.000000000000e-01,-5.000000000000e-01,5.000000000000e-01,8.660254037844e-01,interpolation,all_surface,practical,,126,126,60,60,0.000000000000e+00,0.000000000000e+00,0,60,1.602400343275e+01,1.469976944883e+01,3.059699985897e+00,,,,1.742134834020e-01,1.182104655877e-01,1.199032101677e+00,3.895041561486e-01,5.597082548694e-01,4.547482125320e-02,9.376623081476e-01,9.705228499480e-01,1.928956399767e-01,2.484160424813e-01,cgns_extracted_sensor_matrix,engineering_practical,ridge,1.000000000000e-04,0.000000000000e+00,False,
pod_mode_sensitivity,suboff_0000_u-0p5_v-0p5_w0p5,-5.000000000000e-01,-5.000000000000e-01,5.000000000000e-01,8.660254037844e-01,interpolation,all_surface,practical,,126,126,70,70,0.000000000000e+00,0.000000000000e+00,0,70,2.538768855500e+01,2.219485031872e+01,3.171200020006e+00,,,,1.861089010521e-01,1.297361471627e-01,1.503854946016e+00,4.051328593803e-01,6.151874571132e-01,5.510336955736e-02,9.288587522460e-01,9.676002690321e-01,2.075457868331e-01,2.672828841802e-01,cgns_extracted_sensor_matrix,engineering_practical,ridge,1.000000000000e-04,0.000000000000e+00,False,
pod_mode_sensitivity,suboff_0000_u-0p5_v-1_w-2,-5.000000000000e-01,-1.000000000000e+00,-2.000000000000e+00,2.291287847478e+00,interpolation,all_surface,practical,,126,126,10,10,0.000000000000e+00,0.000000000000e+00,0,10,3.529982092167e+00,2.831930989395e+00,5.998999986332e-01,,,,3.226351427836e-01,2.656953485595e-01,1.944262295442e+00,6.020952563875e-01,7.082619167900e-01,3.840996790833e-02,8.193053228510e-01,9.065961153227e-01,3.438683818649e-01,4.180519103839e-01,cgns_extracted_sensor_matrix,engineering_practical,ridge,1.000000000000e-04,0.000000000000e+00,False,
pod_mode_sensitivity,suboff_0000_u-0p5_v-1_w-2,-5.000000000000e-01,-1.000000000000e+00,-2.000000000000e+00,2.291287847478e+00,interpolation,all_surface,practical,,126,126,20,20,0.000000000000e+00,0.000000000000e+00,0,20,7.037795444940e+00,5.950174270409e+00,1.245799998287e+00,,,,2.187451632663e-01,1.801501119957e-01,1.755404930616e+00,4.105737698304e-01,5.115694375767e-01,7.256714788837e-02,9.169386594970e-01,9.630022451948e-01,2.353951451137e-01,2.861774891201e-01,cgns_extracted_sensor_matrix,engineering_practical,ridge,1.000000000000e-04,0.000000000000e+00,False,
pod_mode_sensitivity,suboff_0000_u-0p5_v-1_w-2,-5.000000000000e-01,-1.000000000000e+00,-2.000000000000e+00,2.291287847478e+00,interpolation,all_surface,practical,,126,126,30,30,0.000000000000e+00,0.000000000000e+00,0,30,9.303217041096e+00,7.049677774227e+00,1.626100012800e+00,,,,1.786757480106e-01,1.284426769823e-01,1.040014048472e+00,3.750423276491e-01,5.542708551154e-01,2.877389358821e-02,9.445816953691e-01,9.728179759004e-01,1.910018424622e-01,2.322071156852e-01,cgns_extracted_sensor_matrix,engineering_practical,ridge,1.000000000000e-04,0.000000000000e+00,False,
pod_mode_sensitivity,suboff_0000_u-0p5_v-1_w-2,-5.000000000000e-01,-1.000000000000e+00,-2.000000000000e+00,2.291287847478e+00,interpolation,all_surface,practical,,126,126,40,40,0.000000000000e+00,0.000000000000e+00,0,40,1.127501220562e+01,9.271157781390e+00,1.955399988219e+00,,,,1.662964395804e-01,1.271254006941e-01,1.145169796226e+00,3.365016456051e-01,5.096768827020e-01,5.556353707842e-03,9.519948401827e-01,9.757508734062e-01,1.776479525735e-01,2.159723599663e-01,cgns_extracted_sensor_matrix,engineering_practical,ridge,1.000000000000e-04,0.000000000000e+00,False,
pod_mode_sensitivity,suboff_0000_u-0p5_v-1_w-2,-5.000000000000e-01,-1.000000000000e+00,-2.000000000000e+00,2.291287847478e+00,interpolation,all_surface,practical,,126,126,50,50,0.000000000000e+00,0.000000000000e+00,0,50,1.363340512093e+01,1.146210535633e+01,2.327700000023e+00,,,,1.875589524532e-01,1.361209947281e-01,1.563417743004e+00,4.098554434829e-01,5.801528455188e-01,-2.153009955858e-02,9.389342613439e-01,9.694019248445e-01,2.012902058009e-01,2.447150116574e-01,cgns_extracted_sensor_matrix,engineering_practical,ridge,1.000000000000e-04,0.000000000000e+00,False,
pod_mode_sensitivity,suboff_0000_u-0p5_v-1_w-2,-5.000000000000e-01,-1.000000000000e+00,-2.000000000000e+00,2.291287847478e+00,interpolation,all_surface,practical,,126,126,60,60,0.000000000000e+00,0.000000000000e+00,0,60,1.684959446184e+01,1.478726395810e+01,3.136800020002e+00,,,,1.657019515114e-01,1.189124315712e-01,1.949514561868e+00,3.666522403229e-01,5.133264328995e-01,-2.450118794590e-02,9.523374510544e-01,9.766299824197e-01,1.759699459065e-01,2.139323530050e-01,cgns_extracted_sensor_matrix,engineering_practical,ridge,1.000000000000e-04,0.000000000000e+00,False,
pod_mode_sensitivity,suboff_0000_u-0p5_v-1_w-2,-5.000000000000e-01,-1.000000000000e+00,-2.000000000000e+00,2.291287847478e+00,interpolation,all_surface,practical,,126,126,70,70,0.000000000000e+00,0.000000000000e+00,0,70,2.455491399346e+01,2.010701320024e+01,3.102400019998e+00,,,,1.575596171076e-01,1.143868703736e-01,2.342458712561e+00,3.336656671363e-01,4.795408604370e-01,-2.839616707923e-02,9.569064917744e-01,9.790249275534e-01,1.662590303856e-01,2.021264790160e-01,cgns_extracted_sensor_matrix,engineering_practical,ridge,1.000000000000e-04,0.000000000000e+00,False,
pod_mode_sensitivity,suboff_0000_u-0p5_v0p5_w-0p5,-5.000000000000e-01,5.000000000000e-01,-5.000000000000e-01,8.660254037844e-01,interpolation,all_surface,practical,,126,126,10,10,0.000000000000e+00,0.000000000000e+00,0,10,3.437426715273e+00,3.024804894322e+00,6.074999982957e-01,,,,2.202577829483e-01,1.480436027097e-01,2.292153424507e+00,4.336667902264e-01,8.278499838854e-01,3.774590248733e-03,9.105707129524e-01,9.563729822656e-01,2.294424726168e-01,2.832207961900e-01,cgns_extracted_sensor_matrix,engineering_practical,ridge,1.000000000000e-04,0.000000000000e+00,False,
pod_mode_sensitivity,suboff_0000_u-0p5_v0p5_w-0p5,-5.000000000000e-01,5.000000000000e-01,-5.000000000000e-01,8.660254037844e-01,interpolation,all_surface,practical,,126,126,20,20,0.000000000000e+00,0.000000000000e+00,0,20,7.150352116823e+00,5.493329484220e+00,1.064999989467e+00,,,,2.083901624036e-01,1.459131697349e-01,2.264100096454e+00,4.238409290331e-01,7.528354441237e-01,2.680163129802e-02,9.199480956384e-01,9.603726061018e-01,2.191697765576e-01,2.705403141341e-01,cgns_extracted_sensor_matrix,engineering_practical,ridge,1.000000000000e-04,0.000000000000e+00,False,
pod_mode_sensitivity,suboff_0000_u-0p5_v0p5_w-0p5,-5.000000000000e-01,5.000000000000e-01,-5.000000000000e-01,8.660254037844e-01,interpolation,all_surface,practical,,126,126,30,30,0.000000000000e+00,0.000000000000e+00,0,30,8.941512264709e+00,6.736654309848e+00,1.476100005675e+00,,,,2.072072026426e-01,1.454362321771e-01,2.196215464762e+00,4.194755720271e-01,6.757160108908e-01,5.027069382288e-02,9.208543706367e-01,9.620807999392e-01,2.219449753537e-01,2.739659833384e-01,cgns_extracted_sensor_matrix,engineering_practical,ridge,1.000000000000e-04,0.000000000000e+00,False,
pod_mode_sensitivity,suboff_0000_u-0p5_v0p5_w-0p5,-5.000000000000e-01,5.000000000000e-01,-5.000000000000e-01,8.660254037844e-01,interpolation,all_surface,practical,,126,126,40,40,0.000000000000e+00,0.000000000000e+00,0,40,1.127593504695e+01,9.369737838864e+00,1.897699985420e+00,,,,2.237568651702e-01,1.664730869586e-01,2.367937138336e+00,4.478361700842e-01,6.580724802789e-01,1.017307469446e-02,9.077067414838e-01,9.531009645585e-01,2.435112146366e-01,3.005870678781e-01,cgns_extracted_sensor_matrix,engineering_practical,ridge,1.000000000000e-04,0.000000000000e+00,False,
pod_mode_sensitivity,suboff_0000_u-0p5_v0p5_w-0p5,-5.000000000000e-01,5.000000000000e-01,-5.000000000000e-01,8.660254037844e-01,interpolation,all_surface,practical,,126,126,50,50,0.000000000000e+00,0.000000000000e+00,0,50,1.284662012714e+01,1.080784399935e+01,2.212399995187e+00,,,,2.334187920341e-01,1.691057480091e-01,2.740115538439e+00,4.543418080761e-01,7.921766108695e-01,2.484048281798e-02,8.995641230278e-01,9.519322502954e-01,2.555981871896e-01,3.155070691793e-01,cgns_extracted_sensor_matrix,engineering_practical,ridge,1.000000000000e-04,0.000000000000e+00,False,
pod_mode_sensitivity,suboff_0000_u-0p5_v0p5_w-0p5,-5.000000000000e-01,5.000000000000e-01,-5.000000000000e-01,8.660254037844e-01,interpolation,all_surface,practical,,126,126,60,60,0.000000000000e+00,0.000000000000e+00,0,60,1.602400343275e+01,1.469976944883e+01,2.866700000595e+00,,,,2.361048593939e-01,1.645479874292e-01,2.601734944973e+00,4.607860006160e-01,8.563735481262e-01,1.449602140227e-03,8.972392908123e-01,9.495548466466e-01,2.550774205045e-01,3.148642415742e-01,cgns_extracted_sensor_matrix,engineering_practical,ridge,1.000000000000e-04,0.000000000000e+00,False,
pod_mode_sensitivity,suboff_0000_u-0p5_v0p5_w-0p5,-5.000000000000e-01,5.000000000000e-01,-5.000000000000e-01,8.660254037844e-01,interpolation,all_surface,practical,,126,126,70,70,0.000000000000e+00,0.000000000000e+00,0,70,2.538768855500e+01,2.219485031872e+01,3.161100001307e+00,,,,2.444299296226e-01,1.714087301224e-01,2.683762599449e+00,4.692261444832e-01,8.742455410300e-01,1.478193915456e-03,8.898648349273e-01,9.466946688475e-01,2.668172554990e-01,3.293557407999e-01,cgns_extracted_sensor_matrix,engineering_practical,ridge,1.000000000000e-04,0.000000000000e+00,False,
pod_mode_sensitivity,suboff_0000_u-0p5_v0p5_w0p5,-5.000000000000e-01,5.000000000000e-01,5.000000000000e-01,8.660254037844e-01,interpolation,all_surface,practical,,126,126,10,10,0.000000000000e+00,0.000000000000e+00,0,10,3.437426715273e+00,3.024804894322e+00,6.137999880593e-01,,,,2.375023682680e-01,1.728927114773e-01,1.622620577565e+00,4.807042481116e-01,8.048553727100e-01,-4.037276655809e-02,8.759155328781e-01,9.378178727528e-01,2.749549580051e-01,3.376891467972e-01,cgns_extracted_sensor_matrix,engineering_practical,ridge,1.000000000000e-04,0.000000000000e+00,False,
pod_mode_sensitivity,suboff_0000_u-0p5_v0p5_w0p5,-5.000000000000e-01,5.000000000000e-01,5.000000000000e-01,8.660254037844e-01,interpolation,all_surface,practical,,126,126,20,20,0.000000000000e+00,0.000000000000e+00,0,20,7.150352116823e+00,5.493329484220e+00,9.495000122115e-01,,,,1.658923446048e-01,1.237009988054e-01,1.539645625744e+00,2.851588522688e-01,5.641512205776e-01,-3.026366928823e-02,9.394611424149e-01,9.703923306895e-01,1.916793422617e-01,2.354132255575e-01,cgns_extracted_sensor_matrix,engineering_practical,ridge,1.000000000000e-04,0.000000000000e+00,False,
pod_mode_sensitivity,suboff_0000_u-0p5_v0p5_w0p5,-5.000000000000e-01,5.000000000000e-01,5.000000000000e-01,8.660254037844e-01,interpolation,all_surface,practical,,126,126,30,30,0.000000000000e+00,0.000000000000e+00,0,30,8.941512264709e+00,6.736654309848e+00,1.427699986380e+00,,,,1.537510051053e-01,1.141305103027e-01,1.436610819127e+00,2.733645375525e-01,5.033292425392e-01,-1.145621805618e-02,9.479983100089e-01,9.744549320257e-01,1.815530351544e-01,2.229764830739e-01,cgns_extracted_sensor_matrix,engineering_practical,ridge,1.000000000000e-04,0.000000000000e+00,False,
pod_mode_sensitivity,suboff_0000_u-0p5_v0p5_w0p5,-5.000000000000e-01,5.000000000000e-01,5.000000000000e-01,8.660254037844e-01,interpolation,all_surface,practical,,126,126,40,40,0.000000000000e+00,0.000000000000e+00,0,40,1.127593504695e+01,9.369737838864e+00,1.739300001645e+00,,,,1.690536299650e-01,1.240997233066e-01,1.432041184689e+00,3.410404930334e-01,5.376027729776e-01,-2.223500668518e-02,9.371318715541e-01,9.701832118218e-01,2.017127129063e-01,2.477358270375e-01,cgns_extracted_sensor_matrix,engineering_practical,ridge,1.000000000000e-04,0.000000000000e+00,False,
pod_mode_sensitivity,suboff_0000_u-0p5_v0p5_w0p5,-5.000000000000e-01,5.000000000000e-01,5.000000000000e-01,8.660254037844e-01,interpolation,all_surface,practical,,126,126,50,50,0.000000000000e+00,0.000000000000e+00,0,50,1.284662012714e+01,1.080784399935e+01,2.634600008605e+00,,,,1.705269370053e-01,1.253104509105e-01,1.369748599886e+00,3.401070816845e-01,5.564609466401e-01,-3.191319663077e-02,9.360313016714e-01,9.692032815252e-01,2.030498643115e-01,2.493780651715e-01,cgns_extracted_sensor_matrix,engineering_practical,ridge,1.000000000000e-04,0.000000000000e+00,False,
pod_mode_sensitivity,suboff_0000_u-0p5_v0p5_w0p5,-5.000000000000e-01,5.000000000000e-01,5.000000000000e-01,8.660254037844e-01,interpolation,all_surface,practical,,126,126,60,60,0.000000000000e+00,0.000000000000e+00,0,60,1.602400343275e+01,1.469976944883e+01,2.720199991018e+00,,,,1.944576807770e-01,1.389117067318e-01,1.711315983581e+00,4.141264473436e-01,6.195478579923e-01,-1.292360113601e-02,9.168175448762e-01,9.578269358025e-01,2.342492328528e-01,2.876959344683e-01,cgns_extracted_sensor_matrix,engineering_practical,ridge,1.000000000000e-04,0.000000000000e+00,False,
pod_mode_sensitivity,suboff_0000_u-0p5_v0p5_w0p5,-5.000000000000e-01,5.000000000000e-01,5.000000000000e-01,8.660254037844e-01,interpolation,all_surface,practical,,126,126,70,70,0.000000000000e+00,0.000000000000e+00,0,70,2.538768855500e+01,2.219485031872e+01,3.223400010029e+00,,,,2.493817866394e-01,1.759325120358e-01,1.837398179950e+00,5.314535217861e-01,8.467487957249e-01,-3.879325703201e-02,8.631921572284e-01,9.310868777267e-01,3.020247499081e-01,3.709352282573e-01,cgns_extracted_sensor_matrix,engineering_practical,ridge,1.000000000000e-04,0.000000000000e+00,False,
pod_mode_sensitivity,suboff_0000_u-0p5_v1_w2,-5.000000000000e-01,1.000000000000e+00,2.000000000000e+00,2.291287847478e+00,interpolation,all_surface,practical,,126,126,10,10,0.000000000000e+00,0.000000000000e+00,0,10,3.529982092167e+00,2.831930989395e+00,7.416000007652e-01,,,,2.821925457781e-01,2.049799519305e-01,1.314349328686e+00,6.017819322518e-01,8.784978065025e-01,-2.896114368561e-03,8.552771496190e-01,9.248927632243e-01,3.056813433651e-01,3.720151663155e-01,cgns_extracted_sensor_matrix,engineering_practical,ridge,1.000000000000e-04,0.000000000000e+00,False,
pod_mode_sensitivity,suboff_0000_u-0p5_v1_w2,-5.000000000000e-01,1.000000000000e+00,2.000000000000e+00,2.291287847478e+00,interpolation,all_surface,practical,,126,126,20,20,0.000000000000e+00,0.000000000000e+00,0,20,7.037795444940e+00,5.950174270409e+00,1.206699991599e+00,,,,2.129716341198e-01,1.627243544268e-01,1.520666554275e+00,4.338383537300e-01,5.744928702752e-01,4.339628556830e-02,9.175691916046e-01,9.600373849076e-01,2.335606178269e-01,2.842440141395e-01,cgns_extracted_sensor_matrix,engineering_practical,ridge,1.000000000000e-04,0.000000000000e+00,False,
pod_mode_sensitivity,suboff_0000_u-0p5_v1_w2,-5.000000000000e-01,1.000000000000e+00,2.000000000000e+00,2.291287847478e+00,interpolation,all_surface,practical,,126,126,30,30,0.000000000000e+00,0.000000000000e+00,0,30,9.303217041096e+00,7.049677774227e+00,1.467099995352e+00,,,,1.861698613265e-01,1.450687396642e-01,1.177685984235e+00,3.706476455593e-01,4.907003425691e-01,2.204134153913e-02,9.370109899353e-01,9.691903088731e-01,2.023816720218e-01,2.462991380095e-01,cgns_extracted_sensor_matrix,engineering_practical,ridge,1.000000000000e-04,0.000000000000e+00,False,
pod_mode_sensitivity,suboff_0000_u-0p5_v1_w2,-5.000000000000e-01,1.000000000000e+00,2.000000000000e+00,2.291287847478e+00,interpolation,all_surface,practical,,126,126,40,40,0.000000000000e+00,0.000000000000e+00,0,40,1.127501220562e+01,9.271157781390e+00,1.983300026041e+00,,,,1.397986322660e-01,1.047314956949e-01,9.003057944549e-01,2.885228724288e-01,4.169874044085e-01,1.776239515555e-02,9.644817240169e-01,9.825212561949e-01,1.495162868094e-01,1.819617962024e-01,cgns_extracted_sensor_matrix,engineering_practical,ridge,1.000000000000e-04,0.000000000000e+00,False,
pod_mode_sensitivity,suboff_0000_u-0p5_v1_w2,-5.000000000000e-01,1.000000000000e+00,2.000000000000e+00,2.291287847478e+00,interpolation,all_surface,practical,,126,126,50,50,0.000000000000e+00,0.000000000000e+00,0,50,1.363340512093e+01,1.146210535633e+01,2.412600006210e+00,,,,1.353480583255e-01,1.024484860977e-01,1.166958491239e+00,2.651515603871e-01,4.014555351631e-01,1.099300500547e-02,9.667072176019e-01,9.836462311918e-01,1.453538268126e-01,1.768960691582e-01,cgns_extracted_sensor_matrix,engineering_practical,ridge,1.000000000000e-04,0.000000000000e+00,False,
pod_mode_sensitivity,suboff_0000_u-0p5_v1_w2,-5.000000000000e-01,1.000000000000e+00,2.000000000000e+00,2.291287847478e+00,interpolation,all_surface,practical,,126,126,60,60,0.000000000000e+00,0.000000000000e+00,0,60,1.684959446184e+01,1.478726395810e+01,2.922700019553e+00,,,,1.261229232272e-01,9.091454829561e-02,1.117321363698e+00,2.714196110232e-01,4.024028035867e-01,3.094548676967e-02,9.710909321298e-01,9.864133541459e-01,1.353539109063e-01,1.647261397210e-01,cgns_extracted_sensor_matrix,engineering_practical,ridge,1.000000000000e-04,0.000000000000e+00,False,
pod_mode_sensitivity,suboff_0000_u-0p5_v1_w2,-5.000000000000e-01,1.000000000000e+00,2.000000000000e+00,2.291287847478e+00,interpolation,all_surface,practical,,126,126,70,70,0.000000000000e+00,0.000000000000e+00,0,70,2.455491399346e+01,2.010701320024e+01,3.406500007259e+00,,,,1.381720690100e-01,9.892514594206e-02,1.183442500157e+00,2.774591240644e-01,4.754250362493e-01,2.806237233996e-02,9.653034291739e-01,9.833504055790e-01,1.486295468256e-01,1.808826308241e-01,cgns_extracted_sensor_matrix,engineering_practical,ridge,1.000000000000e-04,0.000000000000e+00,False,
pod_mode_sensitivity,suboff_0000_u-1p5_v-1p5_w0,-1.500000000000e+00,-1.500000000000e+00,0.000000000000e+00,2.121320343560e+00,interpolation,all_surface,practical,,126,126,10,10,0.000000000000e+00,0.000000000000e+00,0,10,3.437426715273e+00,3.024804894322e+00,8.024999988265e-01,,,,1.164274258097e+00,8.996898412655e-01,9.300834434882e+00,2.144468147633e+00,3.237709290250e+00,5.516781892435e-01,1.612911648983e-01,6.955820373043e-01,8.960344073394e-01,9.773775534092e-01,cgns_extracted_sensor_matrix,engineering_practical,ridge,1.000000000000e-04,0.000000000000e+00,False,
pod_mode_sensitivity,suboff_0000_u-1p5_v-1p5_w0,-1.500000000000e+00,-1.500000000000e+00,0.000000000000e+00,2.121320343560e+00,interpolation,all_surface,practical,,126,126,20,20,0.000000000000e+00,0.000000000000e+00,0,20,7.150352116823e+00,5.493329484220e+00,1.633000007132e+00,,,,8.292146327563e-01,6.165373349112e-01,7.427325746078e+00,1.637264848837e+00,2.468210534337e+00,2.138386258911e-01,5.745637011905e-01,8.090182676746e-01,6.373516807446e-01,6.952112790368e-01,cgns_extracted_sensor_matrix,engineering_practical,ridge,1.000000000000e-04,0.000000000000e+00,False,
pod_mode_sensitivity,suboff_0000_u-1p5_v-1p5_w0,-1.500000000000e+00,-1.500000000000e+00,0.000000000000e+00,2.121320343560e+00,interpolation,all_surface,practical,,126,126,30,30,0.000000000000e+00,0.000000000000e+00,0,30,8.941512264709e+00,6.736654309848e+00,1.645299984375e+00,,,,8.291707795448e-01,6.212093474036e-01,7.481269090405e+00,1.562869326730e+00,2.368595292017e+00,2.273882281219e-01,5.746086985987e-01,8.068683282142e-01,6.258138039913e-01,6.826259791193e-01,cgns_extracted_sensor_matrix,engineering_practical,ridge,1.000000000000e-04,0.000000000000e+00,False,
pod_mode_sensitivity,suboff_0000_u-1p5_v-1p5_w0,-1.500000000000e+00,-1.500000000000e+00,0.000000000000e+00,2.121320343560e+00,interpolation,all_surface,practical,,126,126,40,40,0.000000000000e+00,0.000000000000e+00,0,40,1.127593504695e+01,9.369737838864e+00,2.273699996294e+00,,,,7.679182082638e-01,5.478718195607e-01,7.518185949994e+00,1.463435035259e+00,2.419790136669e+00,1.578546395600e-01,6.351363840095e-01,8.194633270626e-01,5.665370769266e-01,6.179680351854e-01,cgns_extracted_sensor_matrix,engineering_practical,ridge,1.000000000000e-04,0.000000000000e+00,False,
pod_mode_sensitivity,suboff_0000_u-1p5_v-1p5_w0,-1.500000000000e+00,-1.500000000000e+00,0.000000000000e+00,2.121320343560e+00,interpolation,all_surface,practical,,126,126,50,50,0.000000000000e+00,0.000000000000e+00,0,50,1.284662012714e+01,1.080784399935e+01,2.396900003077e+00,,,,7.905108381374e-01,5.566553147413e-01,7.738958868431e+00,1.623392537101e+00,2.528747208234e+00,1.477512078013e-01,6.133515402869e-01,8.002271711842e-01,5.898675881505e-01,6.434165199680e-01,cgns_extracted_sensor_matrix,engineering_practical,ridge,1.000000000000e-04,0.000000000000e+00,False,
pod_mode_sensitivity,suboff_0000_u-1p5_v-1p5_w0,-1.500000000000e+00,-1.500000000000e+00,0.000000000000e+00,2.121320343560e+00,interpolation,all_surface,practical,,126,126,60,60,0.000000000000e+00,0.000000000000e+00,0,60,1.602400343275e+01,1.469976944883e+01,3.358399990248e+00,,,,8.046257988594e-01,5.728208757342e-01,6.325359883556e+00,1.685037622403e+00,2.435754099088e+00,2.491661208502e-01,5.994206718375e-01,8.085346823460e-01,6.169338807826e-01,6.729399251586e-01,cgns_extracted_sensor_matrix,engineering_practical,ridge,1.000000000000e-04,0.000000000000e+00,False,
pod_mode_sensitivity,suboff_0000_u-1p5_v-1p5_w0,-1.500000000000e+00,-1.500000000000e+00,0.000000000000e+00,2.121320343560e+00,interpolation,all_surface,practical,,126,126,70,70,0.000000000000e+00,0.000000000000e+00,0,70,2.538768855500e+01,2.219485031872e+01,3.310800006147e+00,,,,8.628777203653e-01,6.210760349023e-01,7.053897188750e+00,1.813539880184e+00,2.700025900402e+00,2.334549229298e-01,5.393202331570e-01,7.808779113311e-01,6.609241256438e-01,7.209236605421e-01,cgns_extracted_sensor_matrix,engineering_practical,ridge,1.000000000000e-04,0.000000000000e+00,False,
pod_mode_sensitivity,suboff_0000_u-1p5_v0_w-1p5,-1.500000000000e+00,0.000000000000e+00,-1.500000000000e+00,2.121320343560e+00,interpolation,all_surface,practical,,126,126,10,10,0.000000000000e+00,0.000000000000e+00,0,10,3.437426715273e+00,3.024804894322e+00,6.684999971185e-01,,,,2.274094582837e-01,1.631755334317e-01,2.821169054154e+00,4.838151510350e-01,7.238659527465e-01,1.557245805264e-02,7.093073160177e-01,8.431685897070e-01,4.260832858306e-01,5.048008097775e-01,cgns_extracted_sensor_matrix,engineering_practical,ridge,1.000000000000e-04,0.000000000000e+00,False,
pod_mode_sensitivity,suboff_0000_u-1p5_v0_w-1p5,-1.500000000000e+00,0.000000000000e+00,-1.500000000000e+00,2.121320343560e+00,interpolation,all_surface,practical,,126,126,20,20,0.000000000000e+00,0.000000000000e+00,0,20,7.150352116823e+00,5.493329484220e+00,1.487000001362e+00,,,,2.051947528125e-01,1.535662423274e-01,1.927310702572e+00,4.386389102079e-01,5.914908611236e-01,6.213621640479e-02,7.633265419612e-01,8.862454812740e-01,4.079462016899e-01,4.833129573653e-01,cgns_extracted_sensor_matrix,engineering_practical,ridge,1.000000000000e-04,0.000000000000e+00,False,
pod_mode_sensitivity,suboff_0000_u-1p5_v0_w-1p5,-1.500000000000e+00,0.000000000000e+00,-1.500000000000e+00,2.121320343560e+00,interpolation,all_surface,practical,,126,126,30,30,0.000000000000e+00,0.000000000000e+00,0,30,8.941512264709e+00,6.736654309848e+00,1.478300022427e+00,,,,1.897647755190e-01,1.454943133550e-01,1.348124827694e+00,3.878969674724e-01,5.028107330013e-01,5.560572299241e-02,7.975824068493e-01,9.075714126291e-01,3.820467338497e-01,4.526286456983e-01,cgns_extracted_sensor_matrix,engineering_practical,ridge,1.000000000000e-04,0.000000000000e+00,False,
pod_mode_sensitivity,suboff_0000_u-1p5_v0_w-1p5,-1.500000000000e+00,0.000000000000e+00,-1.500000000000e+00,2.121320343560e+00,interpolation,all_surface,practical,,126,126,40,40,0.000000000000e+00,0.000000000000e+00,0,40,1.127593504695e+01,9.369737838864e+00,1.828699983889e+00,,,,2.111072135921e-01,1.585698275935e-01,1.551868985545e+00,4.660081746218e-01,5.785336560301e-01,5.264696640946e-02,7.494910760189e-01,8.908031326854e-01,4.310311928624e-01,5.106628268042e-01,cgns_extracted_sensor_matrix,engineering_practical,ridge,1.000000000000e-04,0.000000000000e+00,False,
pod_mode_sensitivity,suboff_0000_u-1p5_v0_w-1p5,-1.500000000000e+00,0.000000000000e+00,-1.500000000000e+00,2.121320343560e+00,interpolation,all_surface,practical,,126,126,50,50,0.000000000000e+00,0.000000000000e+00,0,50,1.284662012714e+01,1.080784399935e+01,2.189300023019e+00,,,,1.916198919741e-01,1.417920821328e-01,2.131186929694e+00,4.063226139034e-01,5.395846121671e-01,6.295379659652e-02,7.936054446632e-01,9.131389269919e-01,3.868125830124e-01,4.582749702470e-01,cgns_extracted_sensor_matrix,engineering_practical,ridge,1.000000000000e-04,0.000000000000e+00,False,
pod_mode_sensitivity,suboff_0000_u-1p5_v0_w-1p5,-1.500000000000e+00,0.000000000000e+00,-1.500000000000e+00,2.121320343560e+00,interpolation,all_surface,practical,,126,126,60,60,0.000000000000e+00,0.000000000000e+00,0,60,1.602400343275e+01,1.469976944883e+01,2.823999995599e+00,,,,1.918199297684e-01,1.458622349636e-01,1.874453881357e+00,3.780602476506e-01,5.319838281646e-01,4.136674072363e-02,7.931742967130e-01,9.106554531971e-01,3.906130834597e-01,4.627776009936e-01,cgns_extracted_sensor_matrix,engineering_practical,ridge,1.000000000000e-04,0.000000000000e+00,False,
pod_mode_sensitivity,suboff_0000_u-1p5_v0_w-1p5,-1.500000000000e+00,0.000000000000e+00,-1.500000000000e+00,2.121320343560e+00,interpolation,all_surface,practical,,126,126,70,70,0.000000000000e+00,0.000000000000e+00,0,70,2.538768855500e+01,2.219485031872e+01,3.140200016787e+00,,,,2.665187992191e-01,1.890438481683e-01,1.566441306217e+00,5.372524842965e-01,8.979083123650e-01,1.890407436639e-02,6.007244189959e-01,8.453016389049e-01,5.438387857280e-01,6.443112615618e-01,cgns_extracted_sensor_matrix,engineering_practical,ridge,1.000000000000e-04,0.000000000000e+00,False,
pod_mode_sensitivity,suboff_0000_u-1p5_v0_w0,-1.500000000000e+00,0.000000000000e+00,0.000000000000e+00,1.500000000000e+00,interpolation,all_surface,practical,,126,126,10,10,0.000000000000e+00,0.000000000000e+00,0,10,3.465209504846e+00,2.967724576400e+00,8.244999917224e-01,,,,4.258783807420e-01,3.309117626421e-01,5.034797872090e+00,9.064236027261e-01,1.121970086194e+00,-3.391642639035e-02,5.292997304662e-02,4.866103571035e-01,8.965572610471e-02,9.772105768585e-01,cgns_extracted_sensor_matrix,engineering_practical,ridge,1.000000000000e-04,0.000000000000e+00,False,
pod_mode_sensitivity,suboff_0000_u-1p5_v0_w0,-1.500000000000e+00,0.000000000000e+00,0.000000000000e+00,1.500000000000e+00,interpolation,all_surface,practical,,126,126,20,20,0.000000000000e+00,0.000000000000e+00,0,20,7.019804839675e+00,5.384124279851e+00,1.452600001357e+00,,,,2.972536180513e-01,2.101885057268e-01,2.625179325165e+00,6.733349341744e-01,9.067616508694e-01,-1.422236656882e-02,5.386131604597e-01,7.381852970487e-01,6.311411594723e-02,6.879179315404e-01,cgns_extracted_sensor_matrix,engineering_practical,ridge,1.000000000000e-04,0.000000000000e+00,False,
pod_mode_sensitivity,suboff_0000_u-1p5_v0_w0,-1.500000000000e+00,0.000000000000e+00,0.000000000000e+00,1.500000000000e+00,interpolation,all_surface,practical,,126,126,30,30,0.000000000000e+00,0.000000000000e+00,0,30,8.545563041314e+00,6.633870775363e+00,1.676000014413e+00,,,,2.749123681025e-01,1.993827663095e-01,2.393590906245e+00,6.098073647545e-01,8.064138773481e-01,4.799210195945e-03,6.053614909817e-01,7.789429737313e-01,5.800521431274e-02,6.322330028664e-01,cgns_extracted_sensor_matrix,engineering_practical,ridge,1.000000000000e-04,0.000000000000e+00,False,
pod_mode_sensitivity,suboff_0000_u-1p5_v0_w0,-1.500000000000e+00,0.000000000000e+00,0.000000000000e+00,1.500000000000e+00,interpolation,all_surface,practical,,126,126,40,40,0.000000000000e+00,0.000000000000e+00,0,40,1.127007950359e+01,9.632494707714e+00,1.788599998690e+00,,,,2.633150677843e-01,1.890478581051e-01,2.246128810186e+00,5.785045559166e-01,8.171707878531e-01,-6.842260030453e-03,6.379551891484e-01,8.052467288398e-01,5.579275893106e-02,6.081181482583e-01,cgns_extracted_sensor_matrix,engineering_practical,ridge,1.000000000000e-04,0.000000000000e+00,False,
pod_mode_sensitivity,suboff_0000_u-1p5_v0_w0,-1.500000000000e+00,0.000000000000e+00,0.000000000000e+00,1.500000000000e+00,interpolation,all_surface,practical,,126,126,50,50,0.000000000000e+00,0.000000000000e+00,0,50,1.367942552880e+01,1.228738009814e+01,2.222799987067e+00,,,,2.785871525704e-01,1.987041802010e-01,2.557845998325e+00,5.937966587584e-01,8.886510191090e-01,-8.223121360430e-03,5.947406226436e-01,7.838046350701e-01,5.906657503003e-02,6.438013985938e-01,cgns_extracted_sensor_matrix,engineering_practical,ridge,1.000000000000e-04,0.000000000000e+00,False,
pod_mode_sensitivity,suboff_0000_u-1p5_v0_w0,-1.500000000000e+00,0.000000000000e+00,0.000000000000e+00,1.500000000000e+00,interpolation,all_surface,practical,,126,126,60,60,0.000000000000e+00,0.000000000000e+00,0,60,1.729732984218e+01,1.559199971028e+01,3.649100020994e+00,,,,2.863882289813e-01,2.110981909682e-01,2.596939342430e+00,5.861670779168e-01,8.409884020198e-01,-4.272635085179e-03,5.717264715597e-01,7.863876554070e-01,6.103429750792e-02,6.652487651063e-01,cgns_extracted_sensor_matrix,engineering_practical,ridge,1.000000000000e-04,0.000000000000e+00,False,
pod_mode_sensitivity,suboff_0000_u-1p5_v0_w0,-1.500000000000e+00,0.000000000000e+00,0.000000000000e+00,1.500000000000e+00,interpolation,all_surface,practical,,126,126,70,70,0.000000000000e+00,0.000000000000e+00,0,70,2.825453647861e+01,2.593958796565e+01,3.381200018339e+00,,,,3.069244624334e-01,2.184391254791e-01,2.238358715518e+00,6.515315864853e-01,9.374951555869e-01,2.170857880924e-02,5.081032970108e-01,7.812754555559e-01,6.598704498695e-02,7.192316776462e-01,cgns_extracted_sensor_matrix,engineering_practical,ridge,1.000000000000e-04,0.000000000000e+00,False,
pod_mode_sensitivity,suboff_0000_u-1p5_v0_w1p5,-1.500000000000e+00,0.000000000000e+00,1.500000000000e+00,2.121320343560e+00,interpolation,all_surface,practical,,126,126,10,10,0.000000000000e+00,0.000000000000e+00,0,10,3.437426715273e+00,3.024804894322e+00,7.676999957766e-01,,,,1.468711385641e+00,1.122691971905e+00,1.598910819897e+01,2.919053510091e+00,4.702908416457e+00,-2.728292242620e-01,4.947605687889e-01,7.745024742770e-01,6.450007620420e-01,7.478761787440e-01,cgns_extracted_sensor_matrix,engineering_practical,ridge,1.000000000000e-04,0.000000000000e+00,False,
pod_mode_sensitivity,suboff_0000_u-1p5_v0_w1p5,-1.500000000000e+00,0.000000000000e+00,1.500000000000e+00,2.121320343560e+00,interpolation,all_surface,practical,,126,126,20,20,0.000000000000e+00,0.000000000000e+00,0,20,7.150352116823e+00,5.493329484220e+00,1.778999983799e+00,,,,1.195334400574e+00,8.896455561256e-01,1.431564090325e+01,2.298139815493e+00,3.881220910857e+00,-2.115730966266e-01,6.653405053725e-01,8.658988652202e-01,5.272164217237e-01,6.113056387740e-01,cgns_extracted_sensor_matrix,engineering_practical,ridge,1.000000000000e-04,0.000000000000e+00,False,
pod_mode_sensitivity,suboff_0000_u-1p5_v0_w1p5,-1.500000000000e+00,0.000000000000e+00,1.500000000000e+00,2.121320343560e+00,interpolation,all_surface,practical,,126,126,30,30,0.000000000000e+00,0.000000000000e+00,0,30,8.941512264709e+00,6.736654309848e+00,1.955099985935e+00,,,,1.292443693045e+00,9.641258462788e-01,1.270924957095e+01,2.433908775657e+00,4.102765130007e+00,-2.789434712410e-01,6.087561016725e-01,8.574512832417e-01,5.758152652933e-01,6.676558317647e-01,cgns_extracted_sensor_matrix,engineering_practical,ridge,1.000000000000e-04,0.000000000000e+00,False,
pod_mode_sensitivity,suboff_0000_u-1p5_v0_w1p5,-1.500000000000e+00,0.000000000000e+00,1.500000000000e+00,2.121320343560e+00,interpolation,all_surface,practical,,126,126,40,40,0.000000000000e+00,0.000000000000e+00,0,40,1.127593504695e+01,9.369737838864e+00,2.361099992413e+00,,,,1.243178992449e+00,9.404110172835e-01,1.287527264093e+01,2.319177076244e+00,3.794378530366e+00,-3.025718636217e-01,6.380141121247e-01,8.736430683317e-01,5.547024641786e-01,6.431756110434e-01,cgns_extracted_sensor_matrix,engineering_practical,ridge,1.000000000000e-04,0.000000000000e+00,False,
pod_mode_sensitivity,suboff_0000_u-1p5_v0_w1p5,-1.500000000000e+00,0.000000000000e+00,1.500000000000e+00,2.121320343560e+00,interpolation,all_surface,practical,,126,126,50,50,0.000000000000e+00,0.000000000000e+00,0,50,1.284662012714e+01,1.080784399935e+01,2.761999989161e+00,,,,1.358843976262e+00,9.617243919242e-01,1.647298458405e+01,2.700883470923e+00,4.422685635186e+00,-2.798095356376e-01,5.675225164336e-01,8.602314363758e-01,5.981077595523e-01,6.935039026543e-01,cgns_extracted_sensor_matrix,engineering_practical,ridge,1.000000000000e-04,0.000000000000e+00,False,
pod_mode_sensitivity,suboff_0000_u-1p5_v0_w1p5,-1.500000000000e+00,0.000000000000e+00,1.500000000000e+00,2.121320343560e+00,interpolation,all_surface,practical,,126,126,60,60,0.000000000000e+00,0.000000000000e+00,0,60,1.602400343275e+01,1.469976944883e+01,3.284500009613e+00,,,,1.473825065196e+00,1.034627614391e+00,1.738860010110e+01,2.982706141981e+00,4.604092110191e+00,-3.263430301391e-01,4.912362135601e-01,8.394215271807e-01,6.483558059988e-01,7.517663407432e-01,cgns_extracted_sensor_matrix,engineering_practical,ridge,1.000000000000e-04,0.000000000000e+00,False,
pod_mode_sensitivity,suboff_0000_u-1p5_v0_w1p5,-1.500000000000e+00,0.000000000000e+00,1.500000000000e+00,2.121320343560e+00,interpolation,all_surface,practical,,126,126,70,70,0.000000000000e+00,0.000000000000e+00,0,70,2.538768855500e+01,2.219485031872e+01,3.664199990453e+00,,,,1.420358002950e+00,9.759020924286e-01,1.829606388450e+01,2.986611102985e+00,4.397343382765e+00,-3.173366391438e-01,5.274802564115e-01,8.483416941427e-01,6.279343702425e-01,7.280877557916e-01,cgns_extracted_sensor_matrix,engineering_practical,ridge,1.000000000000e-04,0.000000000000e+00,False,
pod_mode_sensitivity,suboff_0000_u-1p5_v1p5_w0,-1.500000000000e+00,1.500000000000e+00,0.000000000000e+00,2.121320343560e+00,interpolation,all_surface,practical,,126,126,10,10,0.000000000000e+00,0.000000000000e+00,0,10,3.437426715273e+00,3.024804894322e+00,6.829000194557e-01,,,,2.346117332895e+00,1.902795415334e+00,2.430945468929e+01,4.019389414513e+00,6.841303648497e+00,1.006405668276e-01,6.403226299471e-01,8.256424383786e-01,3.440148622251e-01,6.333336065077e-01,cgns_extracted_sensor_matrix,engineering_practical,ridge,1.000000000000e-04,0.000000000000e+00,False,
pod_mode_sensitivity,suboff_0000_u-1p5_v1p5_w0,-1.500000000000e+00,1.500000000000e+00,0.000000000000e+00,2.121320343560e+00,interpolation,all_surface,practical,,126,126,20,20,0.000000000000e+00,0.000000000000e+00,0,20,7.150352116823e+00,5.493329484220e+00,1.103899994632e+00,,,,1.502098325827e+00,1.204029878834e+00,1.370977490869e+01,2.705437120746e+00,4.075034667790e+00,1.121703688301e-02,8.525616771358e-01,9.315557949671e-01,2.227009226057e-01,4.099938519346e-01,cgns_extracted_sensor_matrix,engineering_practical,ridge,1.000000000000e-04,0.000000000000e+00,False,
pod_mode_sensitivity,suboff_0000_u-1p5_v1p5_w0,-1.500000000000e+00,1.500000000000e+00,0.000000000000e+00,2.121320343560e+00,interpolation,all_surface,practical,,126,126,30,30,0.000000000000e+00,0.000000000000e+00,0,30,8.941512264709e+00,6.736654309848e+00,1.407000003383e+00,,,,1.285543689309e+00,1.027190305891e+00,9.180610316499e+00,2.425230799599e+00,3.482361641566e+00,2.647505556511e-01,8.920090555316e-01,9.518796630147e-01,1.935112649517e-01,3.562555016926e-01,cgns_extracted_sensor_matrix,engineering_practical,ridge,1.000000000000e-04,0.000000000000e+00,False,
pod_mode_sensitivity,suboff_0000_u-1p5_v1p5_w0,-1.500000000000e+00,1.500000000000e+00,0.000000000000e+00,2.121320343560e+00,interpolation,all_surface,practical,,126,126,40,40,0.000000000000e+00,0.000000000000e+00,0,40,1.127593504695e+01,9.369737838864e+00,1.881499978481e+00,,,,1.382116358939e+00,1.079532270024e+00,1.151836066427e+01,2.575691365846e+00,3.583453208733e+00,1.182218691081e-01,8.751746269427e-01,9.382640872389e-01,2.071421228728e-01,3.813500000848e-01,cgns_extracted_sensor_matrix,engineering_practical,ridge,1.000000000000e-04,0.000000000000e+00,False,
pod_mode_sensitivity,suboff_0000_u-1p5_v1p5_w0,-1.500000000000e+00,1.500000000000e+00,0.000000000000e+00,2.121320343560e+00,interpolation,all_surface,practical,,126,126,50,50,0.000000000000e+00,0.000000000000e+00,0,50,1.284662012714e+01,1.080784399935e+01,2.279799984535e+00,,,,1.443060508980e+00,1.094827292805e+00,1.124966172158e+01,2.861889690878e+00,4.346988538649e+00,8.575112205398e-02,8.639236217763e-01,9.335824106560e-01,2.157101103008e-01,3.971237208570e-01,cgns_extracted_sensor_matrix,engineering_practical,ridge,1.000000000000e-04,0.000000000000e+00,False,
pod_mode_sensitivity,suboff_0000_u-1p5_v1p5_w0,-1.500000000000e+00,1.500000000000e+00,0.000000000000e+00,2.121320343560e+00,interpolation,all_surface,practical,,126,126,60,60,0.000000000000e+00,0.000000000000e+00,0,60,1.602400343275e+01,1.469976944883e+01,2.757599984761e+00,,,,1.256283220371e+00,9.256147033978e-01,1.185443653499e+01,2.569323431086e+00,3.670337269292e+00,8.689914148029e-02,8.968691074986e-01,9.491135405753e-01,1.853762432737e-01,3.412788736916e-01,cgns_extracted_sensor_matrix,engineering_practical,ridge,1.000000000000e-04,0.000000000000e+00,False,
pod_mode_sensitivity,suboff_0000_u-1p5_v1p5_w0,-1.500000000000e+00,1.500000000000e+00,0.000000000000e+00,2.121320343560e+00,interpolation,all_surface,practical,,126,126,70,70,0.000000000000e+00,0.000000000000e+00,0,70,2.538768855500e+01,2.219485031872e+01,3.173500008415e+00,,,,1.229736749529e+00,9.053756039331e-01,1.473400334408e+01,2.491302442208e+00,3.641481680664e+00,6.197310049583e-02,9.011815673403e-01,9.511427723757e-01,1.801557770274e-01,3.316679612618e-01,cgns_extracted_sensor_matrix,engineering_practical,ridge,1.000000000000e-04,0.000000000000e+00,False,
pod_mode_sensitivity,suboff_0000_u-1_v-2_w0p5,-1.000000000000e+00,-2.000000000000e+00,5.000000000000e-01,2.291287847478e+00,interpolation,all_surface,practical,,126,126,10,10,0.000000000000e+00,0.000000000000e+00,0,10,3.638921136800e+00,3.075837769595e+00,6.148000247777e-01,,,,3.255726794349e-01,2.386423038540e-01,1.500317589338e+00,7.027233652176e-01,8.813813687181e-01,1.290589808221e-01,7.919959649092e-01,9.085446854846e-01,3.689784273930e-01,4.519678823272e-01,cgns_extracted_sensor_matrix,engineering_practical,ridge,1.000000000000e-04,0.000000000000e+00,False,
pod_mode_sensitivity,suboff_0000_u-1_v-2_w0p5,-1.000000000000e+00,-2.000000000000e+00,5.000000000000e-01,2.291287847478e+00,interpolation,all_surface,practical,,126,126,20,20,0.000000000000e+00,0.000000000000e+00,0,20,7.199781053044e+00,5.578638869965e+00,1.037499983795e+00,,,,2.264927390488e-01,1.723299332536e-01,1.562432871935e+00,4.708471265635e-01,6.245924985868e-01,4.476251339129e-03,8.993336272531e-01,9.512876495324e-01,2.537466433100e-01,3.108185316816e-01,cgns_extracted_sensor_matrix,engineering_practical,ridge,1.000000000000e-04,0.000000000000e+00,False,
pod_mode_sensitivity,suboff_0000_u-1_v-2_w0p5,-1.000000000000e+00,-2.000000000000e+00,5.000000000000e-01,2.291287847478e+00,interpolation,all_surface,practical,,126,126,30,30,0.000000000000e+00,0.000000000000e+00,0,30,9.157467401970e+00,7.148660673187e+00,1.670800003922e+00,,,,1.916450698654e-01,1.492869646418e-01,1.712366380581e+00,3.681043002770e-01,5.224278809542e-01,-3.157829453319e-02,9.279272397231e-01,9.648708801849e-01,2.138385956882e-01,2.619344928533e-01,cgns_extracted_sensor_matrix,engineering_practical,ridge,1.000000000000e-04,0.000000000000e+00,False,
pod_mode_sensitivity,suboff_0000_u-1_v-2_w0p5,-1.000000000000e+00,-2.000000000000e+00,5.000000000000e-01,2.291287847478e+00,interpolation,all_surface,practical,,126,126,40,40,0.000000000000e+00,0.000000000000e+00,0,40,1.096695041520e+01,8.837963609950e+00,2.269799995702e+00,,,,1.658071207345e-01,1.248759085883e-01,1.294265593395e+00,3.404856058963e-01,4.841058101996e-01,-2.678608424066e-02,9.460511479448e-01,9.735822225384e-01,1.852631411574e-01,2.269319379287e-01,cgns_extracted_sensor_matrix,engineering_practical,ridge,1.000000000000e-04,0.000000000000e+00,False,
pod_mode_sensitivity,suboff_0000_u-1_v-2_w0p5,-1.000000000000e+00,-2.000000000000e+00,5.000000000000e-01,2.291287847478e+00,interpolation,all_surface,practical,,126,126,50,50,0.000000000000e+00,0.000000000000e+00,0,50,1.369667847152e+01,1.237472294008e+01,2.278500003740e+00,,,,1.807059164360e-01,1.331953483035e-01,1.421919255851e+00,3.613787990897e-01,5.555935751347e-01,-5.707816050301e-02,9.359202813493e-01,9.710794115694e-01,2.025945778005e-01,2.481615062063e-01,cgns_extracted_sensor_matrix,engineering_practical,ridge,1.000000000000e-04,0.000000000000e+00,False,
pod_mode_sensitivity,suboff_0000_u-1_v-2_w0p5,-1.000000000000e+00,-2.000000000000e+00,5.000000000000e-01,2.291287847478e+00,interpolation,all_surface,practical,,126,126,60,60,0.000000000000e+00,0.000000000000e+00,0,60,1.551093678509e+01,1.456792066619e+01,2.915699995356e+00,,,,2.022472602403e-01,1.465002874195e-01,1.192161819318e+00,4.231381987197e-01,6.241943648378e-01,-5.266033534142e-02,9.197322394007e-01,9.632027485585e-01,2.242741435275e-01,2.747171709388e-01,cgns_extracted_sensor_matrix,engineering_practical,ridge,1.000000000000e-04,0.000000000000e+00,False,
pod_mode_sensitivity,suboff_0000_u-1_v-2_w0p5,-1.000000000000e+00,-2.000000000000e+00,5.000000000000e-01,2.291287847478e+00,interpolation,all_surface,practical,,126,126,70,70,0.000000000000e+00,0.000000000000e+00,0,70,2.592901195434e+01,2.349303275795e+01,3.110600024229e+00,,,,2.568725519912e-01,1.841891268173e-01,1.447278629085e+00,5.379335604230e-01,8.344531674442e-01,-4.435732004582e-02,8.705174471548e-01,9.422968050894e-01,2.849685788886e-01,3.490628057582e-01,cgns_extracted_sensor_matrix,engineering_practical,ridge,1.000000000000e-04,0.000000000000e+00,False,
pod_mode_sensitivity,suboff_0000_u-1_v2_w0p5,-1.000000000000e+00,2.000000000000e+00,5.000000000000e-01,2.291287847478e+00,interpolation,all_surface,practical,,126,126,10,10,0.000000000000e+00,0.000000000000e+00,0,10,3.638921136800e+00,3.075837769595e+00,1.005400001304e+00,,,,3.021650047272e-01,2.401822180598e-01,1.665051170053e+00,5.989665169626e-01,8.212733255460e-01,1.874317839928e-02,8.215734864945e-01,9.115299182297e-01,3.307343417657e-01,4.157434616348e-01,cgns_extracted_sensor_matrix,engineering_practical,ridge,1.000000000000e-04,0.000000000000e+00,False,
pod_mode_sensitivity,suboff_0000_u-1_v2_w0p5,-1.000000000000e+00,2.000000000000e+00,5.000000000000e-01,2.291287847478e+00,interpolation,all_surface,practical,,126,126,20,20,0.000000000000e+00,0.000000000000e+00,0,20,7.199781053044e+00,5.578638869965e+00,1.126199989812e+00,,,,2.489262249319e-01,1.887003774289e-01,1.201663244948e+00,4.933076632949e-01,7.453788226956e-01,-7.195584737408e-02,8.789088607717e-01,9.463105562615e-01,2.693038363908e-01,3.385233857933e-01,cgns_extracted_sensor_matrix,engineering_practical,ridge,1.000000000000e-04,0.000000000000e+00,False,
pod_mode_sensitivity,suboff_0000_u-1_v2_w0p5,-1.000000000000e+00,2.000000000000e+00,5.000000000000e-01,2.291287847478e+00,interpolation,all_surface,practical,,126,126,30,30,0.000000000000e+00,0.000000000000e+00,0,30,9.157467401970e+00,7.148660673187e+00,1.594400004251e+00,,,,1.780302276629e-01,1.372696545248e-01,1.607417546934e+00,3.412659053282e-01,5.197043510248e-01,-4.785231937545e-02,9.380618037656e-01,9.709311207398e-01,1.937280828168e-01,2.435222884208e-01,cgns_extracted_sensor_matrix,engineering_practical,ridge,1.000000000000e-04,0.000000000000e+00,False,
pod_mode_sensitivity,suboff_0000_u-1_v2_w0p5,-1.000000000000e+00,2.000000000000e+00,5.000000000000e-01,2.291287847478e+00,interpolation,all_surface,practical,,126,126,40,40,0.000000000000e+00,0.000000000000e+00,0,40,1.096695041520e+01,8.837963609950e+00,2.044699998805e+00,,,,1.652349041405e-01,1.270948386593e-01,1.051584865829e+00,3.207560508093e-01,4.728270956185e-01,-2.710856171738e-02,9.466450588883e-01,9.737005025282e-01,1.799942658255e-01,2.262584488481e-01,cgns_extracted_sensor_matrix,engineering_practical,ridge,1.000000000000e-04,0.000000000000e+00,False,
pod_mode_sensitivity,suboff_0000_u-1_v2_w0p5,-1.000000000000e+00,2.000000000000e+00,5.000000000000e-01,2.291287847478e+00,interpolation,all_surface,practical,,126,126,50,50,0.000000000000e+00,0.000000000000e+00,0,50,1.369667847152e+01,1.237472294008e+01,2.322899992578e+00,,,,1.674491625637e-01,1.273186088441e-01,9.693073073734e-01,3.310388422160e-01,4.415239966021e-01,-1.856504335806e-02,9.452054935993e-01,9.735672761105e-01,1.851156468555e-01,2.326961857532e-01,cgns_extracted_sensor_matrix,engineering_practical,ridge,1.000000000000e-04,0.000000000000e+00,False,
pod_mode_sensitivity,suboff_0000_u-1_v2_w0p5,-1.000000000000e+00,2.000000000000e+00,5.000000000000e-01,2.291287847478e+00,interpolation,all_surface,practical,,126,126,60,60,0.000000000000e+00,0.000000000000e+00,0,60,1.551093678509e+01,1.456792066619e+01,3.035100002307e+00,,,,1.823578521686e-01,1.384766363681e-01,1.471865030982e+00,3.613572263100e-01,5.541765540260e-01,-2.036372835708e-02,9.350139715974e-01,9.690587315176e-01,1.953064141392e-01,2.455063004956e-01,cgns_extracted_sensor_matrix,engineering_practical,ridge,1.000000000000e-04,0.000000000000e+00,False,
pod_mode_sensitivity,suboff_0000_u-1_v2_w0p5,-1.000000000000e+00,2.000000000000e+00,5.000000000000e-01,2.291287847478e+00,interpolation,all_surface,practical,,126,126,70,70,0.000000000000e+00,0.000000000000e+00,0,70,2.592901195434e+01,2.349303275795e+01,3.282699995907e+00,,,,2.501012527150e-01,1.801824746481e-01,1.919698950711e+00,5.345088563306e-01,7.580356531460e-01,1.702176454136e-02,8.777629688592e-01,9.525582006871e-01,2.737740115323e-01,3.441425364311e-01,cgns_extracted_sensor_matrix,engineering_practical,ridge,1.000000000000e-04,0.000000000000e+00,False,
pod_mode_sensitivity,suboff_0000_u-2p5_v0_w0,-2.500000000000e+00,0.000000000000e+00,0.000000000000e+00,2.500000000000e+00,interpolation,all_surface,practical,,126,126,10,10,0.000000000000e+00,0.000000000000e+00,0,10,3.465209504846e+00,2.967724576400e+00,8.423000108451e-01,,,,5.886922046224e-01,4.319675888316e-01,6.335167046996e+00,1.251484110292e+00,1.986499303555e+00,2.564831088104e-01,-1.793024663225e-01,5.229792116761e-01,1.046506054086e-01,1.106417988617e+00,cgns_extracted_sensor_matrix,engineering_practical,ridge,1.000000000000e-04,0.000000000000e+00,False,
pod_mode_sensitivity,suboff_0000_u-2p5_v0_w0,-2.500000000000e+00,0.000000000000e+00,0.000000000000e+00,2.500000000000e+00,interpolation,all_surface,practical,,126,126,20,20,0.000000000000e+00,0.000000000000e+00,0,20,7.019804839675e+00,5.384124279851e+00,1.248999993550e+00,,,,4.268904713266e-01,3.137711612457e-01,5.230623863637e+00,8.901221679953e-01,1.317624494088e+00,1.795664417451e-01,3.798716890990e-01,7.264097141467e-01,7.611427603659e-02,8.047177927793e-01,cgns_extracted_sensor_matrix,engineering_practical,ridge,1.000000000000e-04,0.000000000000e+00,False,
pod_mode_sensitivity,suboff_0000_u-2p5_v0_w0,-2.500000000000e+00,0.000000000000e+00,0.000000000000e+00,2.500000000000e+00,interpolation,all_surface,practical,,126,126,30,30,0.000000000000e+00,0.000000000000e+00,0,30,8.545563041314e+00,6.633870775363e+00,1.624600001378e+00,,,,4.397095636578e-01,3.150282532271e-01,5.083393379526e+00,9.384847252586e-01,1.381205027972e+00,1.802109503079e-01,3.420688328630e-01,7.140928329469e-01,7.884218704683e-02,8.335586179355e-01,cgns_extracted_sensor_matrix,engineering_practical,ridge,1.000000000000e-04,0.000000000000e+00,False,
pod_mode_sensitivity,suboff_0000_u-2p5_v0_w0,-2.500000000000e+00,0.000000000000e+00,0.000000000000e+00,2.500000000000e+00,interpolation,all_surface,practical,,126,126,40,40,0.000000000000e+00,0.000000000000e+00,0,40,1.127007950359e+01,9.632494707714e+00,2.577500010375e+00,,,,5.205397576011e-01,3.982023007219e-01,3.877066069706e+00,1.088230042359e+00,1.416744431608e+00,1.982353327352e-01,7.794580547343e-02,6.420923714201e-01,9.554223201556e-02,1.010119757663e+00,cgns_extracted_sensor_matrix,engineering_practical,ridge,1.000000000000e-04,0.000000000000e+00,False,
pod_mode_sensitivity,suboff_0000_u-2p5_v0_w0,-2.500000000000e+00,0.000000000000e+00,0.000000000000e+00,2.500000000000e+00,interpolation,all_surface,practical,,126,126,50,50,0.000000000000e+00,0.000000000000e+00,0,50,1.367942552880e+01,1.228738009814e+01,2.523700008169e+00,,,,4.645226988286e-01,3.502599999137e-01,3.279179231655e+00,9.900947675845e-01,1.270367861816e+00,1.524078225447e-01,2.657186157151e-01,7.453963099439e-01,8.546781183186e-02,9.036080019726e-01,cgns_extracted_sensor_matrix,engineering_practical,ridge,1.000000000000e-04,0.000000000000e+00,False,
pod_mode_sensitivity,suboff_0000_u-2p5_v0_w0,-2.500000000000e+00,0.000000000000e+00,0.000000000000e+00,2.500000000000e+00,interpolation,all_surface,practical,,126,126,60,60,0.000000000000e+00,0.000000000000e+00,0,60,1.729732984218e+01,1.559199971028e+01,3.297800023574e+00,,,,5.168968281735e-01,3.769086726268e-01,3.729011630272e+00,1.101116043015e+00,1.470205684569e+00,1.704152035361e-01,9.080639729114e-02,7.440556116136e-01,9.589655537004e-02,1.013865839510e+00,cgns_extracted_sensor_matrix,engineering_practical,ridge,1.000000000000e-04,0.000000000000e+00,False,
pod_mode_sensitivity,suboff_0000_u-2p5_v0_w0,-2.500000000000e+00,0.000000000000e+00,0.000000000000e+00,2.500000000000e+00,interpolation,all_surface,practical,,126,126,70,70,0.000000000000e+00,0.000000000000e+00,0,70,2.825453647861e+01,2.593958796565e+01,3.875000023982e+00,,,,5.690719423263e-01,4.138783130326e-01,3.877091407660e+00,1.200741310790e+00,1.676340257646e+00,1.750440731850e-01,-1.020035256495e-01,6.728791492702e-01,1.063631534850e-01,1.124523894366e+00,cgns_extracted_sensor_matrix,engineering_practical,ridge,1.000000000000e-04,0.000000000000e+00,False,
pod_mode_sensitivity,suboff_0000_u-2_v-1_w0p5,-2.000000000000e+00,-1.000000000000e+00,5.000000000000e-01,2.291287847478e+00,interpolation,all_surface,practical,,126,126,10,10,0.000000000000e+00,0.000000000000e+00,0,10,3.465209504846e+00,2.967724576400e+00,6.133000133559e-01,,,,6.542360418891e-01,4.860677881140e-01,5.765437495375e+00,1.275426785572e+00,1.951297180495e+00,3.342284865726e-01,1.545505441869e-01,6.408033214965e-01,5.978659857163e-01,9.379056253996e-01,cgns_extracted_sensor_matrix,engineering_practical,ridge,1.000000000000e-04,0.000000000000e+00,False,
pod_mode_sensitivity,suboff_0000_u-2_v-1_w0p5,-2.000000000000e+00,-1.000000000000e+00,5.000000000000e-01,2.291287847478e+00,interpolation,all_surface,practical,,126,126,20,20,0.000000000000e+00,0.000000000000e+00,0,20,7.019804839675e+00,5.384124279851e+00,1.021300005959e+00,,,,5.001169268880e-01,3.656048036187e-01,5.427350152076e+00,9.552765063222e-01,1.526850387747e+00,1.641500733582e-01,5.059603274769e-01,7.589409057213e-01,4.521030903714e-01,7.092392640665e-01,cgns_extracted_sensor_matrix,engineering_practical,ridge,1.000000000000e-04,0.000000000000e+00,False,
pod_mode_sensitivity,suboff_0000_u-2_v-1_w0p5,-2.000000000000e+00,-1.000000000000e+00,5.000000000000e-01,2.291287847478e+00,interpolation,all_surface,practical,,126,126,30,30,0.000000000000e+00,0.000000000000e+00,0,30,8.545563041314e+00,6.633870775363e+00,1.513600000180e+00,,,,4.823468171358e-01,3.511926688624e-01,5.457179257686e+00,9.390273025840e-01,1.453865362944e+00,1.645905465057e-01,5.404449407584e-01,7.740959389248e-01,4.370882276281e-01,6.856846137470e-01,cgns_extracted_sensor_matrix,engineering_practical,ridge,1.000000000000e-04,0.000000000000e+00,False,
pod_mode_sensitivity,suboff_0000_u-2_v-1_w0p5,-2.000000000000e+00,-1.000000000000e+00,5.000000000000e-01,2.291287847478e+00,interpolation,all_surface,practical,,126,126,40,40,0.000000000000e+00,0.000000000000e+00,0,40,1.127007950359e+01,9.632494707714e+00,2.554599981522e+00,,,,5.200829303239e-01,3.681974709175e-01,5.485757452386e+00,1.040068516053e+00,1.778585871922e+00,1.776126113519e-01,4.657261509209e-01,7.327122089686e-01,4.743711789388e-01,7.441724531644e-01,cgns_extracted_sensor_matrix,engineering_practical,ridge,1.000000000000e-04,0.000000000000e+00,False,
pod_mode_sensitivity,suboff_0000_u-2_v-1_w0p5,-2.000000000000e+00,-1.000000000000e+00,5.000000000000e-01,2.291287847478e+00,interpolation,all_surface,practical,,126,126,50,50,0.000000000000e+00,0.000000000000e+00,0,50,1.367942552880e+01,1.228738009814e+01,2.262800000608e+00,,,,4.353186041551e-01,3.198089350839e-01,5.128704181617e+00,8.948222920517e-01,1.215939461992e+00,1.469664902297e-01,6.256884972952e-01,8.176369805551e-01,4.052917761058e-01,6.358037517093e-01,cgns_extracted_sensor_matrix,engineering_practical,ridge,1.000000000000e-04,0.000000000000e+00,False,
pod_mode_sensitivity,suboff_0000_u-2_v-1_w0p5,-2.000000000000e+00,-1.000000000000e+00,5.000000000000e-01,2.291287847478e+00,interpolation,all_surface,practical,,126,126,60,60,0.000000000000e+00,0.000000000000e+00,0,60,1.729732984218e+01,1.559199971028e+01,2.977500000270e+00,,,,4.535701767109e-01,3.145162584554e-01,6.291492343662e+00,1.011958343245e+00,1.292841109597e+00,3.537703086529e-02,5.936430430990e-01,7.868007865719e-01,4.129822779193e-01,6.478682696537e-01,cgns_extracted_sensor_matrix,engineering_practical,ridge,1.000000000000e-04,0.000000000000e+00,False,
pod_mode_sensitivity,suboff_0000_u-2_v-1_w0p5,-2.000000000000e+00,-1.000000000000e+00,5.000000000000e-01,2.291287847478e+00,interpolation,all_surface,practical,,126,126,70,70,0.000000000000e+00,0.000000000000e+00,0,70,2.825453647861e+01,2.593958796565e+01,3.124399983790e+00,,,,4.383102660415e-01,3.008745240342e-01,5.909812564098e+00,9.972774442234e-01,1.403497361567e+00,2.561070730712e-02,6.205260194196e-01,8.029458659035e-01,4.045362531794e-01,6.346185208721e-01,cgns_extracted_sensor_matrix,engineering_practical,ridge,1.000000000000e-04,0.000000000000e+00,False,
pod_mode_sensitivity,suboff_0000_u-2_v1_w0p5,-2.000000000000e+00,1.000000000000e+00,5.000000000000e-01,2.291287847478e+00,interpolation,all_surface,practical,,126,126,10,10,0.000000000000e+00,0.000000000000e+00,0,10,3.465209504846e+00,2.967724576400e+00,8.886000141501e-01,,,,2.015484871995e+00,1.645777883840e+00,1.508421430375e+01,3.245702582729e+00,5.895867287369e+00,-1.838664112014e-01,4.832396418702e-01,7.008070342102e-01,2.908693612333e-01,7.325244481665e-01,cgns_extracted_sensor_matrix,engineering_practical,ridge,1.000000000000e-04,0.000000000000e+00,False,
pod_mode_sensitivity,suboff_0000_u-2_v1_w0p5,-2.000000000000e+00,1.000000000000e+00,5.000000000000e-01,2.291287847478e+00,interpolation,all_surface,practical,,126,126,20,20,0.000000000000e+00,0.000000000000e+00,0,20,7.019804839675e+00,5.384124279851e+00,1.121099980082e+00,,,,1.651722436502e+00,1.253417741613e+00,1.423481965182e+01,3.256627158790e+00,4.438377448482e+00,-2.576530209153e-01,6.529402565801e-01,8.134069683411e-01,2.445425284726e-01,6.158551040339e-01,cgns_extracted_sensor_matrix,engineering_practical,ridge,1.000000000000e-04,0.000000000000e+00,False,
pod_mode_sensitivity,suboff_0000_u-2_v1_w0p5,-2.000000000000e+00,1.000000000000e+00,5.000000000000e-01,2.291287847478e+00,interpolation,all_surface,practical,,126,126,30,30,0.000000000000e+00,0.000000000000e+00,0,30,8.545563041314e+00,6.633870775363e+00,2.115000010235e+00,,,,1.436244432739e+00,1.101262087355e+00,1.253925970335e+01,2.886563482642e+00,4.093264819199e+00,-1.427313044507e-01,7.375861085772e-01,8.603506818656e-01,2.124473312658e-01,5.350266643421e-01,cgns_extracted_sensor_matrix,engineering_practical,ridge,1.000000000000e-04,0.000000000000e+00,False,
pod_mode_sensitivity,suboff_0000_u-2_v1_w0p5,-2.000000000000e+00,1.000000000000e+00,5.000000000000e-01,2.291287847478e+00,interpolation,all_surface,practical,,126,126,40,40,0.000000000000e+00,0.000000000000e+00,0,40,1.127007950359e+01,9.632494707714e+00,2.274600003147e+00,,,,1.300099168686e+00,9.815583423071e-01,1.065909072956e+01,2.629413720203e+00,3.818070134257e+00,-2.085889836770e-01,7.849779162396e-01,8.895097841003e-01,1.920037845231e-01,4.835417030771e-01,cgns_extracted_sensor_matrix,engineering_practical,ridge,1.000000000000e-04,0.000000000000e+00,False,
pod_mode_sensitivity,suboff_0000_u-2_v1_w0p5,-2.000000000000e+00,1.000000000000e+00,5.000000000000e-01,2.291287847478e+00,interpolation,all_surface,practical,,126,126,50,50,0.000000000000e+00,0.000000000000e+00,0,50,1.367942552880e+01,1.228738009814e+01,2.367900015088e+00,,,,1.384169904541e+00,1.010622505008e+00,1.221651914781e+01,2.832284037526e+00,4.134509371069e+00,-1.355446131546e-01,7.562700442184e-01,8.722892845819e-01,2.034686717202e-01,5.124148375033e-01,cgns_extracted_sensor_matrix,engineering_practical,ridge,1.000000000000e-04,0.000000000000e+00,False,
pod_mode_sensitivity,suboff_0000_u-2_v1_w0p5,-2.000000000000e+00,1.000000000000e+00,5.000000000000e-01,2.291287847478e+00,interpolation,all_surface,practical,,126,126,60,60,0.000000000000e+00,0.000000000000e+00,0,60,1.729732984218e+01,1.559199971028e+01,2.979299984872e+00,,,,1.387391834603e+00,1.027689698797e+00,1.162824718225e+01,2.826214730092e+00,4.100468874019e+00,-1.119631920204e-01,7.551340639927e-01,8.727711531599e-01,2.024693665214e-01,5.098981905583e-01,cgns_extracted_sensor_matrix,engineering_practical,ridge,1.000000000000e-04,0.000000000000e+00,False,
pod_mode_sensitivity,suboff_0000_u-2_v1_w0p5,-2.000000000000e+00,1.000000000000e+00,5.000000000000e-01,2.291287847478e+00,interpolation,all_surface,practical,,126,126,70,70,0.000000000000e+00,0.000000000000e+00,0,70,2.825453647861e+01,2.593958796565e+01,3.880100004608e+00,,,,1.326111016753e+00,9.575592817977e-01,1.235575661362e+01,2.842766535564e+00,4.029463682027e+00,-5.072234072942e-02,7.762876957596e-01,8.829333840657e-01,1.921883221817e-01,4.840064421129e-01,cgns_extracted_sensor_matrix,engineering_practical,ridge,1.000000000000e-04,0.000000000000e+00,False,
pod_mode_sensitivity,suboff_0000_u-3p5_v-1_w0,-3.500000000000e+00,-1.000000000000e+00,0.000000000000e+00,3.640054944640e+00,extrapolation,all_surface,practical,,126,126,10,10,0.000000000000e+00,0.000000000000e+00,0,10,3.465209504846e+00,2.967724576400e+00,9.799000108615e-01,,,,7.321005765746e-01,5.638335990395e-01,9.823351706324e+00,1.496715271795e+00,2.017013903869e+00,1.050338528010e-01,-5.978005176767e+00,-1.119484791445e-01,8.074026863920e-02,2.578375239412e+00,cgns_extracted_sensor_matrix,engineering_practical,ridge,1.000000000000e-04,0.000000000000e+00,False,
pod_mode_sensitivity,suboff_0000_u-3p5_v-1_w0,-3.500000000000e+00,-1.000000000000e+00,0.000000000000e+00,3.640054944640e+00,extrapolation,all_surface,practical,,126,126,20,20,0.000000000000e+00,0.000000000000e+00,0,20,7.019804839675e+00,5.384124279851e+00,1.454499986721e+00,,,,3.576306816470e-01,2.796920413783e-01,4.007395249981e+00,6.384677395852e-01,1.005746261246e+00,6.260285940531e-02,-6.651728852385e-01,4.359736645836e-01,3.929271934348e-02,1.254781243014e+00,cgns_extracted_sensor_matrix,engineering_practical,ridge,1.000000000000e-04,0.000000000000e+00,False,
pod_mode_sensitivity,suboff_0000_u-3p5_v-1_w0,-3.500000000000e+00,-1.000000000000e+00,0.000000000000e+00,3.640054944640e+00,extrapolation,all_surface,practical,,126,126,30,30,0.000000000000e+00,0.000000000000e+00,0,30,8.545563041314e+00,6.633870775363e+00,1.610000006622e+00,,,,3.350793110785e-01,2.463662421360e-01,2.776823386959e+00,7.024166290408e-01,1.016169775375e+00,1.133898301261e-01,-4.617901032456e-01,4.491976788711e-01,3.665333910955e-02,1.170494767910e+00,cgns_extracted_sensor_matrix,engineering_practical,ridge,1.000000000000e-04,0.000000000000e+00,False,
pod_mode_sensitivity,suboff_0000_u-3p5_v-1_w0,-3.500000000000e+00,-1.000000000000e+00,0.000000000000e+00,3.640054944640e+00,extrapolation,all_surface,practical,,126,126,40,40,0.000000000000e+00,0.000000000000e+00,0,40,1.127007950359e+01,9.632494707714e+00,2.493999985745e+00,,,,3.513332916986e-01,2.570607418626e-01,2.717160088041e+00,7.300782350029e-01,1.160468245070e+00,1.180062705935e-01,-6.070463357900e-01,5.845907471349e-01,3.924888189098e-02,1.253381329390e+00,cgns_extracted_sensor_matrix,engineering_practical,ridge,1.000000000000e-04,0.000000000000e+00,False,
pod_mode_sensitivity,suboff_0000_u-3p5_v-1_w0,-3.500000000000e+00,-1.000000000000e+00,0.000000000000e+00,3.640054944640e+00,extrapolation,all_surface,practical,,126,126,50,50,0.000000000000e+00,0.000000000000e+00,0,50,1.367942552880e+01,1.228738009814e+01,2.427200000966e+00,,,,3.501230145033e-01,2.531615270777e-01,3.413014529899e+00,7.535686214258e-01,1.134693667924e+00,9.303319869102e-02,-5.959934606590e-01,5.984097439257e-01,3.863381938840e-02,1.233739805352e+00,cgns_extracted_sensor_matrix,engineering_practical,ridge,1.000000000000e-04,0.000000000000e+00,False,
pod_mode_sensitivity,suboff_0000_u-3p5_v-1_w0,-3.500000000000e+00,-1.000000000000e+00,0.000000000000e+00,3.640054944640e+00,extrapolation,all_surface,practical,,126,126,60,60,0.000000000000e+00,0.000000000000e+00,0,60,1.729732984218e+01,1.559199971028e+01,2.682200021809e+00,,,,3.741973372907e-01,2.694522819346e-01,3.160585469344e+00,8.014621153612e-01,1.106146764732e+00,1.108467170453e-01,-8.230189167497e-01,5.900592946554e-01,4.163300415983e-02,1.329516347632e+00,cgns_extracted_sensor_matrix,engineering_practical,ridge,1.000000000000e-04,0.000000000000e+00,False,
pod_mode_sensitivity,suboff_0000_u-3p5_v-1_w0,-3.500000000000e+00,-1.000000000000e+00,0.000000000000e+00,3.640054944640e+00,extrapolation,all_surface,practical,,126,126,70,70,0.000000000000e+00,0.000000000000e+00,0,70,2.825453647861e+01,2.593958796565e+01,3.066299977945e+00,,,,4.117941783451e-01,2.981884924078e-01,3.583406837011e+00,8.613326098967e-01,1.222433223930e+00,1.412480313845e-01,-1.207751531382e+00,5.712973481050e-01,4.590779072474e-02,1.466028202479e+00,cgns_extracted_sensor_matrix,engineering_practical,ridge,1.000000000000e-04,0.000000000000e+00,False,
pod_mode_sensitivity,suboff_0000_u-3p5_v0_w0,-3.500000000000e+00,0.000000000000e+00,0.000000000000e+00,3.500000000000e+00,extrapolation,all_surface,practical,,126,126,10,10,0.000000000000e+00,0.000000000000e+00,0,10,3.465209504846e+00,2.967724576400e+00,7.916000031400e-01,,,,4.440993626895e-01,3.387798734535e-01,3.738815295951e+00,8.772450776891e-01,1.453580931521e+00,6.409378659644e-02,5.399102242990e-01,7.658794426034e-01,2.801613301564e-01,6.742083497423e-01,cgns_extracted_sensor_matrix,engineering_practical,ridge,1.000000000000e-04,0.000000000000e+00,False,
pod_mode_sensitivity,suboff_0000_u-3p5_v0_w0,-3.500000000000e+00,0.000000000000e+00,0.000000000000e+00,3.500000000000e+00,extrapolation,all_surface,practical,,126,126,20,20,0.000000000000e+00,0.000000000000e+00,0,20,7.019804839675e+00,5.384124279851e+00,1.056300010532e+00,,,,4.512160965519e-01,3.541706373074e-01,3.916217544746e+00,8.333411913079e-01,1.329419491544e+00,8.512110465279e-03,5.250461081209e-01,7.388608063734e-01,2.878360582339e-01,6.926775858391e-01,cgns_extracted_sensor_matrix,engineering_practical,ridge,1.000000000000e-04,0.000000000000e+00,False,
pod_mode_sensitivity,suboff_0000_u-3p5_v0_w0,-3.500000000000e+00,0.000000000000e+00,0.000000000000e+00,3.500000000000e+00,extrapolation,all_surface,practical,,126,126,30,30,0.000000000000e+00,0.000000000000e+00,0,30,8.545563041314e+00,6.633870775363e+00,1.549900014652e+00,,,,4.350725547896e-01,3.358301608485e-01,3.572131275058e+00,8.714403950721e-01,1.216220133583e+00,-6.905796898981e-02,5.584237993142e-01,7.551255434360e-01,2.844804552247e-01,6.846023258951e-01,cgns_extracted_sensor_matrix,engineering_practical,ridge,1.000000000000e-04,0.000000000000e+00,False,
pod_mode_sensitivity,suboff_0000_u-3p5_v0_w0,-3.500000000000e+00,0.000000000000e+00,0.000000000000e+00,3.500000000000e+00,extrapolation,all_surface,practical,,126,126,40,40,0.000000000000e+00,0.000000000000e+00,0,40,1.127007950359e+01,9.632494707714e+00,2.016499987803e+00,,,,3.705861217623e-01,2.851644690813e-01,3.199783257852e+00,7.282908731105e-01,9.125638606812e-01,-2.335592751995e-02,6.796235499462e-01,8.258850698139e-01,2.394618524194e-01,5.762650407740e-01,cgns_extracted_sensor_matrix,engineering_practical,ridge,1.000000000000e-04,0.000000000000e+00,False,
pod_mode_sensitivity,suboff_0000_u-3p5_v0_w0,-3.500000000000e+00,0.000000000000e+00,0.000000000000e+00,3.500000000000e+00,extrapolation,all_surface,practical,,126,126,50,50,0.000000000000e+00,0.000000000000e+00,0,50,1.367942552880e+01,1.228738009814e+01,2.708299987717e+00,,,,3.599906727036e-01,2.659629863507e-01,3.455626674034e+00,7.238699039152e-01,1.055233251812e+00,-2.508196489115e-02,6.976814615897e-01,8.400554318504e-01,2.281195969468e-01,5.489698985778e-01,cgns_extracted_sensor_matrix,engineering_practical,ridge,1.000000000000e-04,0.000000000000e+00,False,
pod_mode_sensitivity,suboff_0000_u-3p5_v0_w0,-3.500000000000e+00,0.000000000000e+00,0.000000000000e+00,3.500000000000e+00,extrapolation,all_surface,practical,,126,126,60,60,0.000000000000e+00,0.000000000000e+00,0,60,1.729732984218e+01,1.559199971028e+01,3.017799986992e+00,,,,3.336806467176e-01,2.420922329689e-01,3.431787314444e+00,6.778602550600e-01,9.719463063680e-01,4.658135967600e-03,7.402567205276e-01,8.617354510395e-01,2.135519983080e-01,5.139129668004e-01,cgns_extracted_sensor_matrix,engineering_practical,ridge,1.000000000000e-04,0.000000000000e+00,False,
pod_mode_sensitivity,suboff_0000_u-3p5_v0_w0,-3.500000000000e+00,0.000000000000e+00,0.000000000000e+00,3.500000000000e+00,extrapolation,all_surface,practical,,126,126,70,70,0.000000000000e+00,0.000000000000e+00,0,70,2.825453647861e+01,2.593958796565e+01,3.254200011725e+00,,,,4.312148733335e-01,2.950107126187e-01,3.711160785966e+00,9.055493684567e-01,1.560684940403e+00,5.737235765584e-02,5.662197782610e-01,8.016367509246e-01,2.777026288749e-01,6.682914841543e-01,cgns_extracted_sensor_matrix,engineering_practical,ridge,1.000000000000e-04,0.000000000000e+00,False,
pod_mode_sensitivity,suboff_0000_u0p5_v-0p5_w-0p5,5.000000000000e-01,-5.000000000000e-01,-5.000000000000e-01,8.660254037844e-01,interpolation,all_surface,practical,,126,126,10,10,0.000000000000e+00,0.000000000000e+00,0,10,3.437426715273e+00,3.024804894322e+00,7.146999996621e-01,,,,3.134952576295e-01,2.289022022864e-01,1.891289377920e+00,6.755465808173e-01,9.105626766248e-01,-7.400339610928e-02,9.546519776634e-01,9.788128663874e-01,1.032998075584e-01,2.188858821907e-01,cgns_extracted_sensor_matrix,engineering_practical,ridge,1.000000000000e-04,0.000000000000e+00,False,
pod_mode_sensitivity,suboff_0000_u0p5_v-0p5_w-0p5,5.000000000000e-01,-5.000000000000e-01,-5.000000000000e-01,8.660254037844e-01,interpolation,all_surface,practical,,126,126,20,20,0.000000000000e+00,0.000000000000e+00,0,20,7.150352116823e+00,5.493329484220e+00,1.234600000316e+00,,,,1.625773714543e-01,1.175296273511e-01,2.119503785591e+00,2.893811314707e-01,5.318460115460e-01,-2.538892992776e-02,9.878040230139e-01,9.940616406533e-01,5.261351462649e-02,1.114847726862e-01,cgns_extracted_sensor_matrix,engineering_practical,ridge,1.000000000000e-04,0.000000000000e+00,False,
pod_mode_sensitivity,suboff_0000_u0p5_v-0p5_w-0p5,5.000000000000e-01,-5.000000000000e-01,-5.000000000000e-01,8.660254037844e-01,interpolation,all_surface,practical,,126,126,30,30,0.000000000000e+00,0.000000000000e+00,0,30,8.941512264709e+00,6.736654309848e+00,1.592999993591e+00,,,,1.242486004791e-01,8.712106738853e-02,2.486341261474e+00,2.457885780058e-01,3.995603077633e-01,1.448834715484e-02,9.928767299015e-01,9.964901888565e-01,3.923290186891e-02,8.313208455520e-02,cgns_extracted_sensor_matrix,engineering_practical,ridge,1.000000000000e-04,0.000000000000e+00,False,
pod_mode_sensitivity,suboff_0000_u0p5_v-0p5_w-0p5,5.000000000000e-01,-5.000000000000e-01,-5.000000000000e-01,8.660254037844e-01,interpolation,all_surface,practical,,126,126,40,40,0.000000000000e+00,0.000000000000e+00,0,40,1.127593504695e+01,9.369737838864e+00,1.992399978917e+00,,,,1.425461976992e-01,1.029402025046e-01,2.427613906496e+00,2.847675193877e-01,4.296873166434e-01,1.946870224411e-02,9.906242142258e-01,9.954021388406e-01,4.542489897739e-02,9.625254219831e-02,cgns_extracted_sensor_matrix,engineering_practical,ridge,1.000000000000e-04,0.000000000000e+00,False,
pod_mode_sensitivity,suboff_0000_u0p5_v-0p5_w-0p5,5.000000000000e-01,-5.000000000000e-01,-5.000000000000e-01,8.660254037844e-01,interpolation,all_surface,practical,,126,126,50,50,0.000000000000e+00,0.000000000000e+00,0,50,1.284662012714e+01,1.080784399935e+01,2.419500000542e+00,,,,1.628484317010e-01,1.202948423404e-01,2.349395799445e+00,3.406136931244e-01,4.781777133870e-01,2.915884531663e-02,9.877633211577e-01,9.940608083928e-01,5.239603499403e-02,1.110239468402e-01,cgns_extracted_sensor_matrix,engineering_practical,ridge,1.000000000000e-04,0.000000000000e+00,False,
pod_mode_sensitivity,suboff_0000_u0p5_v-0p5_w-0p5,5.000000000000e-01,-5.000000000000e-01,-5.000000000000e-01,8.660254037844e-01,interpolation,all_surface,practical,,126,126,60,60,0.000000000000e+00,0.000000000000e+00,0,60,1.602400343275e+01,1.469976944883e+01,3.136999992421e+00,,,,1.669951339564e-01,1.228683120215e-01,2.403447256081e+00,3.445034505839e-01,4.754057621891e-01,1.610006826102e-02,9.871322079479e-01,9.936371465848e-01,5.321804498916e-02,1.127657350120e-01,cgns_extracted_sensor_matrix,engineering_practical,ridge,1.000000000000e-04,0.000000000000e+00,False,
pod_mode_sensitivity,suboff_0000_u0p5_v-0p5_w-0p5,5.000000000000e-01,-5.000000000000e-01,-5.000000000000e-01,8.660254037844e-01,interpolation,all_surface,practical,,126,126,70,70,0.000000000000e+00,0.000000000000e+00,0,70,2.538768855500e+01,2.219485031872e+01,3.182799991919e+00,,,,1.882258375645e-01,1.292877055943e-01,3.061030947855e+00,3.686972427914e-01,6.498066736861e-01,1.965789019198e-02,9.836523670655e-01,9.922162931494e-01,5.958233097508e-02,1.262512620954e-01,cgns_extracted_sensor_matrix,engineering_practical,ridge,1.000000000000e-04,0.000000000000e+00,False,
pod_mode_sensitivity,suboff_0000_u0p5_v-0p5_w0p5,5.000000000000e-01,-5.000000000000e-01,5.000000000000e-01,8.660254037844e-01,interpolation,all_surface,practical,,126,126,10,10,0.000000000000e+00,0.000000000000e+00,0,10,3.437426715273e+00,3.024804894322e+00,7.082000083756e-01,,,,2.840623297857e-01,2.116441051779e-01,2.395196203096e+00,5.777872198839e-01,8.659358669361e-01,-7.622562226844e-02,8.314261590346e-01,9.186214969118e-01,3.131735617489e-01,4.076107558125e-01,cgns_extracted_sensor_matrix,engineering_practical,ridge,1.000000000000e-04,0.000000000000e+00,False,
pod_mode_sensitivity,suboff_0000_u0p5_v-0p5_w0p5,5.000000000000e-01,-5.000000000000e-01,5.000000000000e-01,8.660254037844e-01,interpolation,all_surface,practical,,126,126,20,20,0.000000000000e+00,0.000000000000e+00,0,20,7.150352116823e+00,5.493329484220e+00,1.475500001106e+00,,,,1.703371269866e-01,1.178807563131e-01,2.306430925906e+00,3.466754807630e-01,5.362786247951e-01,5.065632730339e-02,9.393848019069e-01,9.733673177923e-01,1.838904208541e-01,2.393424049350e-01,cgns_extracted_sensor_matrix,engineering_practical,ridge,1.000000000000e-04,0.000000000000e+00,False,
pod_mode_sensitivity,suboff_0000_u0p5_v-0p5_w0p5,5.000000000000e-01,-5.000000000000e-01,5.000000000000e-01,8.660254037844e-01,interpolation,all_surface,practical,,126,126,30,30,0.000000000000e+00,0.000000000000e+00,0,30,8.941512264709e+00,6.736654309848e+00,1.809699984733e+00,,,,1.661269074242e-01,1.182652820656e-01,2.178198979959e+00,3.403253098382e-01,4.520813322974e-01,4.981193574913e-02,9.423442197362e-01,9.747158774078e-01,1.798166093146e-01,2.340401393433e-01,cgns_extracted_sensor_matrix,engineering_practical,ridge,1.000000000000e-04,0.000000000000e+00,False,
pod_mode_sensitivity,suboff_0000_u0p5_v-0p5_w0p5,5.000000000000e-01,-5.000000000000e-01,5.000000000000e-01,8.660254037844e-01,interpolation,all_surface,practical,,126,126,40,40,0.000000000000e+00,0.000000000000e+00,0,40,1.127593504695e+01,9.369737838864e+00,2.358400000958e+00,,,,1.573318337820e-01,1.141696429525e-01,2.002527369497e+00,3.136193570643e-01,4.257991550554e-01,5.239278923472e-02,9.482874323258e-01,9.774670556830e-01,1.703330696451e-01,2.216968471738e-01,cgns_extracted_sensor_matrix,engineering_practical,ridge,1.000000000000e-04,0.000000000000e+00,False,
pod_mode_sensitivity,suboff_0000_u0p5_v-0p5_w0p5,5.000000000000e-01,-5.000000000000e-01,5.000000000000e-01,8.660254037844e-01,interpolation,all_surface,practical,,126,126,50,50,0.000000000000e+00,0.000000000000e+00,0,50,1.284662012714e+01,1.080784399935e+01,2.591700002085e+00,,,,1.276271288773e-01,9.024919820238e-02,1.767034079451e+00,2.431835791101e-01,3.762081206901e-01,2.846068826829e-02,9.659710231162e-01,9.847438194810e-01,1.367225180059e-01,1.779510651849e-01,cgns_extracted_sensor_matrix,engineering_practical,ridge,1.000000000000e-04,0.000000000000e+00,False,
pod_mode_sensitivity,suboff_0000_u0p5_v-0p5_w0p5,5.000000000000e-01,-5.000000000000e-01,5.000000000000e-01,8.660254037844e-01,interpolation,all_surface,practical,,126,126,60,60,0.000000000000e+00,0.000000000000e+00,0,60,1.602400343275e+01,1.469976944883e+01,2.999099990120e+00,,,,1.193545273238e-01,8.385671301425e-02,1.708726287381e+00,2.269161373799e-01,3.227975936198e-01,1.147572887598e-02,9.702394682048e-01,9.855596432461e-01,1.278699349556e-01,1.664289940118e-01,cgns_extracted_sensor_matrix,engineering_practical,ridge,1.000000000000e-04,0.000000000000e+00,False,
pod_mode_sensitivity,suboff_0000_u0p5_v-0p5_w0p5,5.000000000000e-01,-5.000000000000e-01,5.000000000000e-01,8.660254037844e-01,interpolation,all_surface,practical,,126,126,70,70,0.000000000000e+00,0.000000000000e+00,0,70,2.538768855500e+01,2.219485031872e+01,3.618000017013e+00,,,,1.326558586062e-01,9.456953776743e-02,1.515989434273e+00,2.693780911262e-01,3.937028518752e-01,8.421632573475e-03,9.632365921047e-01,9.817882325277e-01,1.447958697842e-01,1.884589286263e-01,cgns_extracted_sensor_matrix,engineering_practical,ridge,1.000000000000e-04,0.000000000000e+00,False,
pod_mode_sensitivity,suboff_0000_u0p5_v-1_w-2,5.000000000000e-01,-1.000000000000e+00,-2.000000000000e+00,2.291287847478e+00,interpolation,all_surface,practical,,126,126,10,10,0.000000000000e+00,0.000000000000e+00,0,10,3.529982092167e+00,2.831930989395e+00,9.207999974024e-01,,,,3.615712176604e-01,2.774017980040e-01,2.411693860458e+00,6.921280321258e-01,1.090329252641e+00,-9.550107762894e-02,8.198399551342e-01,9.131416181923e-01,4.023049164458e-01,4.059850412104e-01,cgns_extracted_sensor_matrix,engineering_practical,ridge,1.000000000000e-04,0.000000000000e+00,False,
pod_mode_sensitivity,suboff_0000_u0p5_v-1_w-2,5.000000000000e-01,-1.000000000000e+00,-2.000000000000e+00,2.291287847478e+00,interpolation,all_surface,practical,,126,126,20,20,0.000000000000e+00,0.000000000000e+00,0,20,7.037795444940e+00,5.950174270409e+00,1.128899981268e+00,,,,3.054181787967e-01,2.368033814962e-01,2.378430676295e+00,5.977588332305e-01,8.858640578523e-01,-6.637899962404e-02,8.714534148791e-01,9.371640337087e-01,3.450102962383e-01,3.481663126908e-01,cgns_extracted_sensor_matrix,engineering_practical,ridge,1.000000000000e-04,0.000000000000e+00,False,
pod_mode_sensitivity,suboff_0000_u0p5_v-1_w-2,5.000000000000e-01,-1.000000000000e+00,-2.000000000000e+00,2.291287847478e+00,interpolation,all_surface,practical,,126,126,30,30,0.000000000000e+00,0.000000000000e+00,0,30,9.303217041096e+00,7.049677774227e+00,1.614400011022e+00,,,,2.596615736641e-01,1.942137378423e-01,2.615052922717e+00,5.333710205731e-01,7.518300670972e-01,-4.200282245967e-02,9.070849323856e-01,9.543264221890e-01,2.931835106125e-01,2.958654363208e-01,cgns_extracted_sensor_matrix,engineering_practical,ridge,1.000000000000e-04,0.000000000000e+00,False,
pod_mode_sensitivity,suboff_0000_u0p5_v-1_w-2,5.000000000000e-01,-1.000000000000e+00,-2.000000000000e+00,2.291287847478e+00,interpolation,all_surface,practical,,126,126,40,40,0.000000000000e+00,0.000000000000e+00,0,40,1.127501220562e+01,9.271157781390e+00,1.876199996332e+00,,,,2.079528457081e-01,1.513770793093e-01,2.862942278383e+00,4.252565816643e-01,6.439495605504e-01,-1.036474882519e-02,9.404062776403e-01,9.703364882416e-01,2.312210832186e-01,2.333362013782e-01,cgns_extracted_sensor_matrix,engineering_practical,ridge,1.000000000000e-04,0.000000000000e+00,False,
pod_mode_sensitivity,suboff_0000_u0p5_v-1_w-2,5.000000000000e-01,-1.000000000000e+00,-2.000000000000e+00,2.291287847478e+00,interpolation,all_surface,practical,,126,126,50,50,0.000000000000e+00,0.000000000000e+00,0,50,1.363340512093e+01,1.146210535633e+01,2.299399988260e+00,,,,2.005412681737e-01,1.426941658117e-01,3.020811751663e+00,4.204113340970e-01,6.193865787978e-01,8.370441272319e-04,9.445784979898e-01,9.719001881592e-01,2.219316968444e-01,2.239618394060e-01,cgns_extracted_sensor_matrix,engineering_practical,ridge,1.000000000000e-04,0.000000000000e+00,False,
pod_mode_sensitivity,suboff_0000_u0p5_v-1_w-2,5.000000000000e-01,-1.000000000000e+00,-2.000000000000e+00,2.291287847478e+00,interpolation,all_surface,practical,,126,126,60,60,0.000000000000e+00,0.000000000000e+00,0,60,1.684959446184e+01,1.478726395810e+01,3.064099990297e+00,,,,2.039935017016e-01,1.451834116361e-01,2.890133312277e+00,4.140603648136e-01,6.010420464981e-01,2.800131724610e-02,9.426539586231e-01,9.716352258885e-01,2.257281079607e-01,2.277929785756e-01,cgns_extracted_sensor_matrix,engineering_practical,ridge,1.000000000000e-04,0.000000000000e+00,False,
pod_mode_sensitivity,suboff_0000_u0p5_v-1_w-2,5.000000000000e-01,-1.000000000000e+00,-2.000000000000e+00,2.291287847478e+00,interpolation,all_surface,practical,,126,126,70,70,0.000000000000e+00,0.000000000000e+00,0,70,2.455491399346e+01,2.010701320024e+01,3.017399983946e+00,,,,2.308940573616e-01,1.628138560221e-01,2.758014548158e+00,4.570272353072e-01,7.200314053257e-01,2.476862668532e-02,9.265323262901e-01,9.662015823655e-01,2.533425830137e-01,2.556600598219e-01,cgns_extracted_sensor_matrix,engineering_practical,ridge,1.000000000000e-04,0.000000000000e+00,False,
pod_mode_sensitivity,suboff_0000_u0p5_v0p5_w-0p5,5.000000000000e-01,5.000000000000e-01,-5.000000000000e-01,8.660254037844e-01,interpolation,all_surface,practical,,126,126,10,10,0.000000000000e+00,0.000000000000e+00,0,10,3.437426715273e+00,3.024804894322e+00,7.066999969538e-01,,,,3.141572887134e-01,2.287461631933e-01,2.058896218992e+00,6.809310724192e-01,8.903778595142e-01,-2.040686262477e-02,9.545706651552e-01,9.772833700829e-01,1.554245357032e-01,2.177849079031e-01,cgns_extracted_sensor_matrix,engineering_practical,ridge,1.000000000000e-04,0.000000000000e+00,False,
pod_mode_sensitivity,suboff_0000_u0p5_v0p5_w-0p5,5.000000000000e-01,5.000000000000e-01,-5.000000000000e-01,8.660254037844e-01,interpolation,all_surface,practical,,126,126,20,20,0.000000000000e+00,0.000000000000e+00,0,20,7.150352116823e+00,5.493329484220e+00,1.201499981107e+00,,,,1.726958710157e-01,1.212900129511e-01,1.669543256476e+00,3.390479776607e-01,5.611080065006e-01,3.976889193953e-02,9.862720399681e-01,9.936710514405e-01,8.550075436015e-02,1.198058841207e-01,cgns_extracted_sensor_matrix,engineering_practical,ridge,1.000000000000e-04,0.000000000000e+00,False,
pod_mode_sensitivity,suboff_0000_u0p5_v0p5_w-0p5,5.000000000000e-01,5.000000000000e-01,-5.000000000000e-01,8.660254037844e-01,interpolation,all_surface,practical,,126,126,30,30,0.000000000000e+00,0.000000000000e+00,0,30,8.941512264709e+00,6.736654309848e+00,1.997099985601e+00,,,,1.489623327449e-01,1.038695812640e-01,1.992729759780e+00,3.104612506581e-01,4.731099352807e-01,4.982657876515e-02,9.897860194328e-01,9.955198639985e-01,7.285529432168e-02,1.020867361277e-01,cgns_extracted_sensor_matrix,engineering_practical,ridge,1.000000000000e-04,0.000000000000e+00,False,
pod_mode_sensitivity,suboff_0000_u0p5_v0p5_w-0p5,5.000000000000e-01,5.000000000000e-01,-5.000000000000e-01,8.660254037844e-01,interpolation,all_surface,practical,,126,126,40,40,0.000000000000e+00,0.000000000000e+00,0,40,1.127593504695e+01,9.369737838864e+00,1.950400008354e+00,,,,1.482525427950e-01,1.007058665598e-01,2.202965686717e+00,3.092105370393e-01,4.524004925148e-01,3.919774269950e-02,9.898831246325e-01,9.953220131379e-01,7.156588168442e-02,1.002799775539e-01,cgns_extracted_sensor_matrix,engineering_practical,ridge,1.000000000000e-04,0.000000000000e+00,False,
pod_mode_sensitivity,suboff_0000_u0p5_v0p5_w-0p5,5.000000000000e-01,5.000000000000e-01,-5.000000000000e-01,8.660254037844e-01,interpolation,all_surface,practical,,126,126,50,50,0.000000000000e+00,0.000000000000e+00,0,50,1.284662012714e+01,1.080784399935e+01,2.580700005637e+00,,,,1.499182037467e-01,1.023158405407e-01,2.332340885921e+00,3.133976671557e-01,4.706981022892e-01,3.598497427685e-02,9.896545154160e-01,9.951236337614e-01,7.219508233215e-02,1.011616298908e-01,cgns_extracted_sensor_matrix,engineering_practical,ridge,1.000000000000e-04,0.000000000000e+00,False,
pod_mode_sensitivity,suboff_0000_u0p5_v0p5_w-0p5,5.000000000000e-01,5.000000000000e-01,-5.000000000000e-01,8.660254037844e-01,interpolation,all_surface,practical,,126,126,60,60,0.000000000000e+00,0.000000000000e+00,0,60,1.602400343275e+01,1.469976944883e+01,3.101299982518e+00,,,,1.646147314387e-01,1.159964678579e-01,2.329170797081e+00,3.470852626484e-01,5.349502339653e-01,4.044827421022e-02,9.875267538357e-01,9.941226492011e-01,7.988418018093e-02,1.119357940811e-01,cgns_extracted_sensor_matrix,engineering_practical,ridge,1.000000000000e-04,0.000000000000e+00,False,
pod_mode_sensitivity,suboff_0000_u0p5_v0p5_w-0p5,5.000000000000e-01,5.000000000000e-01,-5.000000000000e-01,8.660254037844e-01,interpolation,all_surface,practical,,126,126,70,70,0.000000000000e+00,0.000000000000e+00,0,70,2.538768855500e+01,2.219485031872e+01,3.472500015050e+00,,,,1.712737152788e-01,1.164832982089e-01,2.664761507457e+00,3.551656170757e-01,5.872394202673e-01,2.121997004574e-02,9.864972093312e-01,9.933488949631e-01,8.242208204006e-02,1.154919682730e-01,cgns_extracted_sensor_matrix,engineering_practical,ridge,1.000000000000e-04,0.000000000000e+00,False,
pod_mode_sensitivity,suboff_0000_u0p5_v0p5_w0p5,5.000000000000e-01,5.000000000000e-01,5.000000000000e-01,8.660254037844e-01,interpolation,all_surface,practical,,126,126,10,10,0.000000000000e+00,0.000000000000e+00,0,10,3.437426715273e+00,3.024804894322e+00,6.801999988966e-01,,,,2.393577955895e-01,1.836840928134e-01,1.920254830716e+00,4.522050245984e-01,7.428222979281e-01,2.256623894821e-02,8.805063833480e-01,9.390157117867e-01,2.596135778416e-01,3.397175590047e-01,cgns_extracted_sensor_matrix,engineering_practical,ridge,1.000000000000e-04,0.000000000000e+00,False,
pod_mode_sensitivity,suboff_0000_u0p5_v0p5_w0p5,5.000000000000e-01,5.000000000000e-01,5.000000000000e-01,8.660254037844e-01,interpolation,all_surface,practical,,126,126,20,20,0.000000000000e+00,0.000000000000e+00,0,20,7.150352116823e+00,5.493329484220e+00,1.123199996073e+00,,,,1.331442896914e-01,9.723394451591e-02,1.475083256776e+00,2.663298785292e-01,3.889353534429e-01,2.671311094545e-02,9.630261527131e-01,9.820970201533e-01,1.448940769538e-01,1.896012625619e-01,cgns_extracted_sensor_matrix,engineering_practical,ridge,1.000000000000e-04,0.000000000000e+00,False,
pod_mode_sensitivity,suboff_0000_u0p5_v0p5_w0p5,5.000000000000e-01,5.000000000000e-01,5.000000000000e-01,8.660254037844e-01,interpolation,all_surface,practical,,126,126,30,30,0.000000000000e+00,0.000000000000e+00,0,30,8.941512264709e+00,6.736654309848e+00,1.719099993352e+00,,,,1.423561224156e-01,1.096510054703e-01,1.251330379978e+00,2.893900459401e-01,3.941397564416e-01,1.580212454457e-02,9.577329582583e-01,9.793478201121e-01,1.572859402201e-01,2.058166453449e-01,cgns_extracted_sensor_matrix,engineering_practical,ridge,1.000000000000e-04,0.000000000000e+00,False,
pod_mode_sensitivity,suboff_0000_u0p5_v0p5_w0p5,5.000000000000e-01,5.000000000000e-01,5.000000000000e-01,8.660254037844e-01,interpolation,all_surface,practical,,126,126,40,40,0.000000000000e+00,0.000000000000e+00,0,40,1.127593504695e+01,9.369737838864e+00,2.092700015055e+00,,,,1.410172420102e-01,1.086441983870e-01,1.199234147482e+00,2.774047838748e-01,3.923452556398e-01,4.118600970617e-03,9.585242750201e-01,9.791033095798e-01,1.552699184891e-01,2.031785784646e-01,cgns_extracted_sensor_matrix,engineering_practical,ridge,1.000000000000e-04,0.000000000000e+00,False,
pod_mode_sensitivity,suboff_0000_u0p5_v0p5_w0p5,5.000000000000e-01,5.000000000000e-01,5.000000000000e-01,8.660254037844e-01,interpolation,all_surface,practical,,126,126,50,50,0.000000000000e+00,0.000000000000e+00,0,50,1.284662012714e+01,1.080784399935e+01,2.460199990310e+00,,,,1.132041998498e-01,8.370944361897e-02,1.132009780131e+00,2.339261231229e-01,3.405207814972e-01,-1.475857444110e-02,9.732714972436e-01,9.868301521669e-01,1.230931963055e-01,1.610737024105e-01,cgns_extracted_sensor_matrix,engineering_practical,ridge,1.000000000000e-04,0.000000000000e+00,False,
pod_mode_sensitivity,suboff_0000_u0p5_v0p5_w0p5,5.000000000000e-01,5.000000000000e-01,5.000000000000e-01,8.660254037844e-01,interpolation,all_surface,practical,,126,126,60,60,0.000000000000e+00,0.000000000000e+00,0,60,1.602400343275e+01,1.469976944883e+01,3.193499986082e+00,,,,1.105146319081e-01,8.185884674702e-02,1.060652204862e+00,2.267529842697e-01,3.317514246908e-01,-1.478125515068e-02,9.745264709167e-01,9.876583532343e-01,1.201764768264e-01,1.572570267576e-01,cgns_extracted_sensor_matrix,engineering_practical,ridge,1.000000000000e-04,0.000000000000e+00,False,
pod_mode_sensitivity,suboff_0000_u0p5_v0p5_w0p5,5.000000000000e-01,5.000000000000e-01,5.000000000000e-01,8.660254037844e-01,interpolation,all_surface,practical,,126,126,70,70,0.000000000000e+00,0.000000000000e+00,0,70,2.538768855500e+01,2.219485031872e+01,3.592799999751e+00,,,,1.142491825468e-01,8.394939823902e-02,1.260956366959e+00,2.281850570128e-01,3.538814479373e-01,-2.366958128337e-02,9.727757605660e-01,9.870785644456e-01,1.244238419757e-01,1.628149198875e-01,cgns_extracted_sensor_matrix,engineering_practical,ridge,1.000000000000e-04,0.000000000000e+00,False,
pod_mode_sensitivity,suboff_0000_u0p5_v1_w2,5.000000000000e-01,1.000000000000e+00,2.000000000000e+00,2.291287847478e+00,interpolation,all_surface,practical,,126,126,10,10,0.000000000000e+00,0.000000000000e+00,0,10,3.529982092167e+00,2.831930989395e+00,6.906000198796e-01,,,,4.337930082385e-01,3.376223242466e-01,2.797799339426e+00,8.666675353265e-01,1.317478666565e+00,-9.425895792179e-02,7.412650399166e-01,8.685250382276e-01,3.644326668887e-01,4.878738353181e-01,cgns_extracted_sensor_matrix,engineering_practical,ridge,1.000000000000e-04,0.000000000000e+00,False,
pod_mode_sensitivity,suboff_0000_u0p5_v1_w2,5.000000000000e-01,1.000000000000e+00,2.000000000000e+00,2.291287847478e+00,interpolation,all_surface,practical,,126,126,20,20,0.000000000000e+00,0.000000000000e+00,0,20,7.037795444940e+00,5.950174270409e+00,1.298599992879e+00,,,,3.702498845464e-01,2.892860222886e-01,2.714389298018e+00,7.352077247470e-01,9.442959012266e-01,-1.661683120840e-02,8.115136597622e-01,9.075486915584e-01,3.196685219619e-01,4.279471134449e-01,cgns_extracted_sensor_matrix,engineering_practical,ridge,1.000000000000e-04,0.000000000000e+00,False,
pod_mode_sensitivity,suboff_0000_u0p5_v1_w2,5.000000000000e-01,1.000000000000e+00,2.000000000000e+00,2.291287847478e+00,interpolation,all_surface,practical,,126,126,30,30,0.000000000000e+00,0.000000000000e+00,0,30,9.303217041096e+00,7.049677774227e+00,1.449800009141e+00,,,,3.184264024704e-01,2.435566446544e-01,2.886041952057e+00,6.399596158874e-01,9.270976166376e-01,8.217775869699e-03,8.605854314595e-01,9.296384282151e-01,2.723036068428e-01,3.645386846782e-01,cgns_extracted_sensor_matrix,engineering_practical,ridge,1.000000000000e-04,0.000000000000e+00,False,
pod_mode_sensitivity,suboff_0000_u0p5_v1_w2,5.000000000000e-01,1.000000000000e+00,2.000000000000e+00,2.291287847478e+00,interpolation,all_surface,practical,,126,126,40,40,0.000000000000e+00,0.000000000000e+00,0,40,1.127501220562e+01,9.271157781390e+00,1.710300013656e+00,,,,2.541641692392e-01,1.953899292044e-01,2.441742387157e+00,4.829800134019e-01,7.576752686571e-01,1.329693670279e-02,9.111783840107e-01,9.547641314616e-01,2.161013314804e-01,2.892994920209e-01,cgns_extracted_sensor_matrix,engineering_practical,ridge,1.000000000000e-04,0.000000000000e+00,False,
pod_mode_sensitivity,suboff_0000_u0p5_v1_w2,5.000000000000e-01,1.000000000000e+00,2.000000000000e+00,2.291287847478e+00,interpolation,all_surface,practical,,126,126,50,50,0.000000000000e+00,0.000000000000e+00,0,50,1.363340512093e+01,1.146210535633e+01,2.189199993154e+00,,,,2.852500466290e-01,2.197701830279e-01,2.681977203653e+00,5.473743141654e-01,7.946258773148e-01,1.482640553000e-02,8.881228314096e-01,9.426061754849e-01,2.419814139221e-01,3.239457140157e-01,cgns_extracted_sensor_matrix,engineering_practical,ridge,1.000000000000e-04,0.000000000000e+00,False,
pod_mode_sensitivity,suboff_0000_u0p5_v1_w2,5.000000000000e-01,1.000000000000e+00,2.000000000000e+00,2.291287847478e+00,interpolation,all_surface,practical,,126,126,60,60,0.000000000000e+00,0.000000000000e+00,0,60,1.684959446184e+01,1.478726395810e+01,2.773600019282e+00,,,,2.966395926206e-01,2.227176636656e-01,2.650213284955e+00,5.871705107632e-01,9.223619858404e-01,-1.694337578747e-02,8.790103416013e-01,9.380308187750e-01,2.529157167958e-01,3.385837000257e-01,cgns_extracted_sensor_matrix,engineering_practical,ridge,1.000000000000e-04,0.000000000000e+00,False,
pod_mode_sensitivity,suboff_0000_u0p5_v1_w2,5.000000000000e-01,1.000000000000e+00,2.000000000000e+00,2.291287847478e+00,interpolation,all_surface,practical,,126,126,70,70,0.000000000000e+00,0.000000000000e+00,0,70,2.455491399346e+01,2.010701320024e+01,3.045799996471e+00,,,,3.144792004415e-01,2.308543359970e-01,3.255519731656e+00,6.494136097152e-01,9.731652080481e-01,-1.344490466314e-02,8.640203648063e-01,9.297013694086e-01,2.658451490876e-01,3.558926086220e-01,cgns_extracted_sensor_matrix,engineering_practical,ridge,1.000000000000e-04,0.000000000000e+00,False,
pod_mode_sensitivity,suboff_0000_u0_v-1p5_w-1p5,0.000000000000e+00,-1.500000000000e+00,-1.500000000000e+00,2.121320343560e+00,interpolation,all_surface,practical,,126,126,10,10,0.000000000000e+00,0.000000000000e+00,0,10,3.437426715273e+00,3.024804894322e+00,8.306000090670e-01,,,,3.763586966511e-01,2.927159563041e-01,3.563512546350e+00,7.575022652234e-01,1.001133565707e+00,3.680065759108e-02,7.875434079426e-01,8.894800102281e-01,3.703527911301e-01,4.517030249510e-01,cgns_extracted_sensor_matrix,engineering_practical,ridge,1.000000000000e-04,0.000000000000e+00,False,
pod_mode_sensitivity,suboff_0000_u0_v-1p5_w-1p5,0.000000000000e+00,-1.500000000000e+00,-1.500000000000e+00,2.121320343560e+00,interpolation,all_surface,practical,,126,126,20,20,0.000000000000e+00,0.000000000000e+00,0,20,7.150352116823e+00,5.493329484220e+00,1.467200025218e+00,,,,2.794825811658e-01,2.116099418889e-01,2.092656057649e+00,5.441894025116e-01,8.584189502697e-01,5.838040517772e-02,8.828409638522e-01,9.441487406100e-01,2.772217534111e-01,3.381151906968e-01,cgns_extracted_sensor_matrix,engineering_practical,ridge,1.000000000000e-04,0.000000000000e+00,False,
pod_mode_sensitivity,suboff_0000_u0_v-1p5_w-1p5,0.000000000000e+00,-1.500000000000e+00,-1.500000000000e+00,2.121320343560e+00,interpolation,all_surface,practical,,126,126,30,30,0.000000000000e+00,0.000000000000e+00,0,30,8.941512264709e+00,6.736654309848e+00,1.665199990384e+00,,,,2.456855067264e-01,1.815066026762e-01,1.966595776148e+00,5.200264091348e-01,7.473117436802e-01,7.661879978014e-02,9.094631512044e-01,9.584296145894e-01,2.435326882978e-01,2.970261183747e-01,cgns_extracted_sensor_matrix,engineering_practical,ridge,1.000000000000e-04,0.000000000000e+00,False,
pod_mode_sensitivity,suboff_0000_u0_v-1p5_w-1p5,0.000000000000e+00,-1.500000000000e+00,-1.500000000000e+00,2.121320343560e+00,interpolation,all_surface,practical,,126,126,40,40,0.000000000000e+00,0.000000000000e+00,0,40,1.127593504695e+01,9.369737838864e+00,2.125700004399e+00,,,,2.462354449651e-01,1.865901391482e-01,1.856230303870e+00,4.939392763308e-01,7.303326536324e-01,4.812945621709e-02,9.090573853128e-01,9.560228190858e-01,2.447166507922e-01,2.984701454023e-01,cgns_extracted_sensor_matrix,engineering_practical,ridge,1.000000000000e-04,0.000000000000e+00,False,
pod_mode_sensitivity,suboff_0000_u0_v-1p5_w-1p5,0.000000000000e+00,-1.500000000000e+00,-1.500000000000e+00,2.121320343560e+00,interpolation,all_surface,practical,,126,126,50,50,0.000000000000e+00,0.000000000000e+00,0,50,1.284662012714e+01,1.080784399935e+01,2.706900006160e+00,,,,2.402363058097e-01,1.792288374607e-01,1.929512250779e+00,4.686439612627e-01,6.845843610484e-01,4.471356960052e-02,9.134347513196e-01,9.602495210206e-01,2.342345891218e-01,2.856856353954e-01,cgns_extracted_sensor_matrix,engineering_practical,ridge,1.000000000000e-04,0.000000000000e+00,False,
pod_mode_sensitivity,suboff_0000_u0_v-1p5_w-1p5,0.000000000000e+00,-1.500000000000e+00,-1.500000000000e+00,2.121320343560e+00,interpolation,all_surface,practical,,126,126,60,60,0.000000000000e+00,0.000000000000e+00,0,60,1.602400343275e+01,1.469976944883e+01,3.066099976422e+00,,,,2.884273133005e-01,2.022221742360e-01,2.226052389047e+00,5.432298985749e-01,1.092712632627e+00,6.394797757644e-02,8.752216989389e-01,9.422109017567e-01,2.767559989703e-01,3.375471304720e-01,cgns_extracted_sensor_matrix,engineering_practical,ridge,1.000000000000e-04,0.000000000000e+00,False,
pod_mode_sensitivity,suboff_0000_u0_v-1p5_w-1p5,0.000000000000e+00,-1.500000000000e+00,-1.500000000000e+00,2.121320343560e+00,interpolation,all_surface,practical,,126,126,70,70,0.000000000000e+00,0.000000000000e+00,0,70,2.538768855500e+01,2.219485031872e+01,3.941800008761e+00,,,,3.119135915548e-01,2.218924959899e-01,2.318103067451e+00,6.355636014844e-01,1.089078577153e+00,6.145406286352e-02,8.540732541193e-01,9.315726419609e-01,3.019360826024e-01,3.682581719911e-01,cgns_extracted_sensor_matrix,engineering_practical,ridge,1.000000000000e-04,0.000000000000e+00,False,
pod_mode_sensitivity,suboff_0000_u0_v-1p5_w0,0.000000000000e+00,-1.500000000000e+00,0.000000000000e+00,1.500000000000e+00,interpolation,all_surface,practical,,126,126,10,10,0.000000000000e+00,0.000000000000e+00,0,10,3.638921136800e+00,3.075837769595e+00,6.146999949124e-01,,,,2.709085688368e-01,2.042775939217e-01,1.494342024628e+00,5.442972219377e-01,8.870237921804e-01,7.893739165180e-02,8.892364953017e-01,9.512402639122e-01,2.724133525806e-01,3.256323460181e-01,cgns_extracted_sensor_matrix,engineering_practical,ridge,1.000000000000e-04,0.000000000000e+00,False,
pod_mode_sensitivity,suboff_0000_u0_v-1p5_w0,0.000000000000e+00,-1.500000000000e+00,0.000000000000e+00,1.500000000000e+00,interpolation,all_surface,practical,,126,126,20,20,0.000000000000e+00,0.000000000000e+00,0,20,7.199781053044e+00,5.578638869965e+00,1.016800000798e+00,,,,1.910373633780e-01,1.481488942791e-01,1.386422357673e+00,3.849775435243e-01,5.211821658482e-01,7.339059981725e-03,9.449207730736e-01,9.721184176697e-01,1.919262603226e-01,2.294212006103e-01,cgns_extracted_sensor_matrix,engineering_practical,ridge,1.000000000000e-04,0.000000000000e+00,False,
pod_mode_sensitivity,suboff_0000_u0_v-1p5_w0,0.000000000000e+00,-1.500000000000e+00,0.000000000000e+00,1.500000000000e+00,interpolation,all_surface,practical,,126,126,30,30,0.000000000000e+00,0.000000000000e+00,0,30,9.157467401970e+00,7.148660673187e+00,1.498500001617e+00,,,,1.353826119038e-01,1.034224525294e-01,1.081929649737e+00,2.564242610453e-01,3.880500835843e-01,3.368751035889e-02,9.723384200513e-01,9.872756030072e-01,1.366543242164e-01,1.633512739613e-01,cgns_extracted_sensor_matrix,engineering_practical,ridge,1.000000000000e-04,0.000000000000e+00,False,
pod_mode_sensitivity,suboff_0000_u0_v-1p5_w0,0.000000000000e+00,-1.500000000000e+00,0.000000000000e+00,1.500000000000e+00,interpolation,all_surface,practical,,126,126,40,40,0.000000000000e+00,0.000000000000e+00,0,40,1.096695041520e+01,8.837963609950e+00,1.958200009540e+00,,,,1.069384421207e-01,7.652882096702e-02,7.182940505814e-01,2.092443293134e-01,3.946091235075e-01,2.541141874656e-02,9.827408695628e-01,9.919187254560e-01,1.070900446999e-01,1.280112819744e-01,cgns_extracted_sensor_matrix,engineering_practical,ridge,1.000000000000e-04,0.000000000000e+00,False,
pod_mode_sensitivity,suboff_0000_u0_v-1p5_w0,0.000000000000e+00,-1.500000000000e+00,0.000000000000e+00,1.500000000000e+00,interpolation,all_surface,practical,,126,126,50,50,0.000000000000e+00,0.000000000000e+00,0,50,1.369667847152e+01,1.237472294008e+01,2.244800009066e+00,,,,8.405292435767e-02,6.380497610967e-02,7.525472781965e-01,1.716913752704e-01,2.471949002026e-01,1.345472637982e-02,9.893375536032e-01,9.948434983286e-01,8.320395492971e-02,9.945877757123e-02,cgns_extracted_sensor_matrix,engineering_practical,ridge,1.000000000000e-04,0.000000000000e+00,False,
pod_mode_sensitivity,suboff_0000_u0_v-1p5_w0,0.000000000000e+00,-1.500000000000e+00,0.000000000000e+00,1.500000000000e+00,interpolation,all_surface,practical,,126,126,60,60,0.000000000000e+00,0.000000000000e+00,0,60,1.551093678509e+01,1.456792066619e+01,3.089500009082e+00,,,,7.239778158733e-02,5.355600992497e-02,4.458709557072e-01,1.543338648516e-01,2.145782320188e-01,-8.647305066630e-04,9.920895402982e-01,9.960376303071e-01,7.210353272145e-02,8.618976380510e-02,cgns_extracted_sensor_matrix,engineering_practical,ridge,1.000000000000e-04,0.000000000000e+00,False,
pod_mode_sensitivity,suboff_0000_u0_v-1p5_w0,0.000000000000e+00,-1.500000000000e+00,0.000000000000e+00,1.500000000000e+00,interpolation,all_surface,practical,,126,126,70,70,0.000000000000e+00,0.000000000000e+00,0,70,2.592901195434e+01,2.349303275795e+01,3.174099983880e+00,,,,6.195772004056e-02,4.659168261445e-02,3.786330864168e-01,1.241048094097e-01,1.892298513782e-01,-4.519067294241e-03,9.942064859992e-01,9.971225503755e-01,6.182709674472e-02,7.390571119128e-02,cgns_extracted_sensor_matrix,engineering_practical,ridge,1.000000000000e-04,0.000000000000e+00,False,
pod_mode_sensitivity,suboff_0000_u0_v-1p5_w1p5,0.000000000000e+00,-1.500000000000e+00,1.500000000000e+00,2.121320343560e+00,interpolation,all_surface,practical,,126,126,10,10,0.000000000000e+00,0.000000000000e+00,0,10,3.437426715273e+00,3.024804894322e+00,6.998999742791e-01,,,,2.703687318150e-01,1.944839808463e-01,2.542004192284e+00,5.480837004496e-01,8.764732371421e-01,-5.346276745784e-02,8.807621480779e-01,9.409843248590e-01,2.744902642370e-01,3.368141125298e-01,cgns_extracted_sensor_matrix,engineering_practical,ridge,1.000000000000e-04,0.000000000000e+00,False,
pod_mode_sensitivity,suboff_0000_u0_v-1p5_w1p5,0.000000000000e+00,-1.500000000000e+00,1.500000000000e+00,2.121320343560e+00,interpolation,all_surface,practical,,126,126,20,20,0.000000000000e+00,0.000000000000e+00,0,20,7.150352116823e+00,5.493329484220e+00,1.281200005906e+00,,,,2.290746172396e-01,1.629840006263e-01,2.378442378865e+00,4.685563890308e-01,7.560433728106e-01,-2.820586855123e-02,9.144036679448e-01,9.584769547688e-01,2.335495604535e-01,2.865776975898e-01,cgns_extracted_sensor_matrix,engineering_practical,ridge,1.000000000000e-04,0.000000000000e+00,False,
pod_mode_sensitivity,suboff_0000_u0_v-1p5_w1p5,0.000000000000e+00,-1.500000000000e+00,1.500000000000e+00,2.121320343560e+00,interpolation,all_surface,practical,,126,126,30,30,0.000000000000e+00,0.000000000000e+00,0,30,8.941512264709e+00,6.736654309848e+00,1.680200017290e+00,,,,2.133633919462e-01,1.532960622790e-01,2.338275837472e+00,4.103060910154e-01,7.234255375575e-01,-4.240574359527e-03,9.257423793440e-01,9.642176127577e-01,2.199161559519e-01,2.698487871830e-01,cgns_extracted_sensor_matrix,engineering_practical,ridge,1.000000000000e-04,0.000000000000e+00,False,
pod_mode_sensitivity,suboff_0000_u0_v-1p5_w1p5,0.000000000000e+00,-1.500000000000e+00,1.500000000000e+00,2.121320343560e+00,interpolation,all_surface,practical,,126,126,40,40,0.000000000000e+00,0.000000000000e+00,0,40,1.127593504695e+01,9.369737838864e+00,2.078000019537e+00,,,,2.244733411289e-01,1.649489489006e-01,2.325687147027e+00,4.331571986118e-01,6.896267945988e-01,1.133018481206e-02,9.178077712162e-01,9.610896970064e-01,2.309633609209e-01,2.834042935974e-01,cgns_extracted_sensor_matrix,engineering_practical,ridge,1.000000000000e-04,0.000000000000e+00,False,
pod_mode_sensitivity,suboff_0000_u0_v-1p5_w1p5,0.000000000000e+00,-1.500000000000e+00,1.500000000000e+00,2.121320343560e+00,interpolation,all_surface,practical,,126,126,50,50,0.000000000000e+00,0.000000000000e+00,0,50,1.284662012714e+01,1.080784399935e+01,2.377800003160e+00,,,,2.306272502299e-01,1.638984624528e-01,2.274529087760e+00,4.871598194371e-01,7.417606811944e-01,2.661522234603e-02,9.132394178191e-01,9.624146226348e-01,2.395362015130e-01,2.939236236870e-01,cgns_extracted_sensor_matrix,engineering_practical,ridge,1.000000000000e-04,0.000000000000e+00,False,
pod_mode_sensitivity,suboff_0000_u0_v-1p5_w1p5,0.000000000000e+00,-1.500000000000e+00,1.500000000000e+00,2.121320343560e+00,interpolation,all_surface,practical,,126,126,60,60,0.000000000000e+00,0.000000000000e+00,0,60,1.602400343275e+01,1.469976944883e+01,2.912900003139e+00,,,,2.409265678115e-01,1.718893067557e-01,2.240076567920e+00,4.983271086404e-01,7.316987489478e-01,5.766344948571e-02,9.053173066737e-01,9.637468636673e-01,2.484620187011e-01,3.048760747809e-01,cgns_extracted_sensor_matrix,engineering_practical,ridge,1.000000000000e-04,0.000000000000e+00,False,
pod_mode_sensitivity,suboff_0000_u0_v-1p5_w1p5,0.000000000000e+00,-1.500000000000e+00,1.500000000000e+00,2.121320343560e+00,interpolation,all_surface,practical,,126,126,70,70,0.000000000000e+00,0.000000000000e+00,0,70,2.538768855500e+01,2.219485031872e+01,3.871399996569e+00,,,,2.722764041019e-01,1.908880980290e-01,2.294900343965e+00,5.734263083665e-01,8.737964299320e-01,5.509522751380e-02,8.790735709559e-01,9.569854437969e-01,2.787961764686e-01,3.420976952133e-01,cgns_extracted_sensor_matrix,engineering_practical,ridge,1.000000000000e-04,0.000000000000e+00,False,
pod_mode_sensitivity,suboff_0000_u0_v-2p5_w0,0.000000000000e+00,-2.500000000000e+00,0.000000000000e+00,2.500000000000e+00,interpolation,all_surface,practical,,126,126,10,10,0.000000000000e+00,0.000000000000e+00,0,10,3.638921136800e+00,3.075837769595e+00,9.237000194844e-01,,,,2.684398112012e-01,2.042441808046e-01,1.837002055278e+00,5.302784472843e-01,8.473011705869e-01,5.622049172416e-02,8.926006435652e-01,9.499554126164e-01,2.681753991574e-01,3.202334800915e-01,cgns_extracted_sensor_matrix,engineering_practical,ridge,1.000000000000e-04,0.000000000000e+00,False,
pod_mode_sensitivity,suboff_0000_u0_v-2p5_w0,0.000000000000e+00,-2.500000000000e+00,0.000000000000e+00,2.500000000000e+00,interpolation,all_surface,practical,,126,126,20,20,0.000000000000e+00,0.000000000000e+00,0,20,7.199781053044e+00,5.578638869965e+00,1.015600020764e+00,,,,1.960145008617e-01,1.491739078750e-01,1.676094815666e+00,3.769508814217e-01,5.423025743982e-01,-8.699296597240e-03,9.427356636974e-01,9.711577706322e-01,1.961134587734e-01,2.341829101145e-01,cgns_extracted_sensor_matrix,engineering_practical,ridge,1.000000000000e-04,0.000000000000e+00,False,
pod_mode_sensitivity,suboff_0000_u0_v-2p5_w0,0.000000000000e+00,-2.500000000000e+00,0.000000000000e+00,2.500000000000e+00,interpolation,all_surface,practical,,126,126,30,30,0.000000000000e+00,0.000000000000e+00,0,30,9.157467401970e+00,7.148660673187e+00,1.542700018035e+00,,,,1.372506525539e-01,1.041569627089e-01,1.198698385990e+00,2.637436101807e-01,3.821568643248e-01,1.614717112606e-02,9.719239074401e-01,9.861715008364e-01,1.379579626792e-01,1.647382967786e-01,cgns_extracted_sensor_matrix,engineering_practical,ridge,1.000000000000e-04,0.000000000000e+00,False,
pod_mode_sensitivity,suboff_0000_u0_v-2p5_w0,0.000000000000e+00,-2.500000000000e+00,0.000000000000e+00,2.500000000000e+00,interpolation,all_surface,practical,,126,126,40,40,0.000000000000e+00,0.000000000000e+00,0,40,1.096695041520e+01,8.837963609950e+00,1.909099984914e+00,,,,1.102629639801e-01,8.007410875346e-02,9.007552823881e-01,2.259741325125e-01,3.543670252969e-01,5.386613790572e-03,9.818796261018e-01,9.909202887785e-01,1.103337682600e-01,1.317517068774e-01,cgns_extracted_sensor_matrix,engineering_practical,ridge,1.000000000000e-04,0.000000000000e+00,False,
pod_mode_sensitivity,suboff_0000_u0_v-2p5_w0,0.000000000000e+00,-2.500000000000e+00,0.000000000000e+00,2.500000000000e+00,interpolation,all_surface,practical,,126,126,50,50,0.000000000000e+00,0.000000000000e+00,0,50,1.369667847152e+01,1.237472294008e+01,2.194200002123e+00,,,,9.374161776234e-02,6.822052396077e-02,7.685647400867e-01,1.808130504311e-01,3.153166158126e-01,-1.025785891571e-02,9.869029731488e-01,9.935446076099e-01,9.453224336834e-02,1.128827974893e-01,cgns_extracted_sensor_matrix,engineering_practical,ridge,1.000000000000e-04,0.000000000000e+00,False,
pod_mode_sensitivity,suboff_0000_u0_v-2p5_w0,0.000000000000e+00,-2.500000000000e+00,0.000000000000e+00,2.500000000000e+00,interpolation,all_surface,practical,,126,126,60,60,0.000000000000e+00,0.000000000000e+00,0,60,1.551093678509e+01,1.456792066619e+01,2.921800012700e+00,,,,9.084528745292e-02,6.658172832247e-02,7.523445041190e-01,1.903533053379e-01,2.835154248437e-01,-1.005327876891e-02,9.876997868756e-01,9.939521698558e-01,9.264752634780e-02,1.106322200972e-01,cgns_extracted_sensor_matrix,engineering_practical,ridge,1.000000000000e-04,0.000000000000e+00,False,
pod_mode_sensitivity,suboff_0000_u0_v-2p5_w0,0.000000000000e+00,-2.500000000000e+00,0.000000000000e+00,2.500000000000e+00,interpolation,all_surface,practical,,126,126,70,70,0.000000000000e+00,0.000000000000e+00,0,70,2.592901195434e+01,2.349303275795e+01,3.220500017051e+00,,,,8.156416627691e-02,5.775859880587e-02,7.205381530405e-01,1.639188427744e-01,2.710174763380e-01,-1.168659100405e-02,9.900846823438e-01,9.953077191646e-01,8.263721692625e-02,9.867871417184e-02,cgns_extracted_sensor_matrix,engineering_practical,ridge,1.000000000000e-04,0.000000000000e+00,False,
pod_mode_sensitivity,suboff_0000_u0_v-3p5_w0,0.000000000000e+00,-3.500000000000e+00,0.000000000000e+00,3.500000000000e+00,extrapolation,all_surface,practical,,126,126,10,10,0.000000000000e+00,0.000000000000e+00,0,10,3.638921136800e+00,3.075837769595e+00,6.441000150517e-01,,,,2.672842048225e-01,2.079721914666e-01,1.559720686232e+00,5.387563239310e-01,7.919586863620e-01,6.143213287491e-02,8.966502207060e-01,9.511556738728e-01,2.630018348615e-01,3.143389976785e-01,cgns_extracted_sensor_matrix,engineering_practical,ridge,1.000000000000e-04,0.000000000000e+00,False,
pod_mode_sensitivity,suboff_0000_u0_v-3p5_w0,0.000000000000e+00,-3.500000000000e+00,0.000000000000e+00,3.500000000000e+00,extrapolation,all_surface,practical,,126,126,20,20,0.000000000000e+00,0.000000000000e+00,0,20,7.199781053044e+00,5.578638869965e+00,1.058499998180e+00,,,,2.047063195975e-01,1.592928389478e-01,1.581665046603e+00,3.804200031530e-01,5.831987886215e-01,3.912734754918e-03,9.393786694569e-01,9.703238428818e-01,2.016007061213e-01,2.409525542924e-01,cgns_extracted_sensor_matrix,engineering_practical,ridge,1.000000000000e-04,0.000000000000e+00,False,
pod_mode_sensitivity,suboff_0000_u0_v-3p5_w0,0.000000000000e+00,-3.500000000000e+00,0.000000000000e+00,3.500000000000e+00,extrapolation,all_surface,practical,,126,126,30,30,0.000000000000e+00,0.000000000000e+00,0,30,9.157467401970e+00,7.148660673187e+00,1.587099977769e+00,,,,1.398588437000e-01,1.077695210215e-01,1.280356760241e+00,2.703694475093e-01,3.771758096628e-01,2.796857009882e-02,9.717028412996e-01,9.863896257778e-01,1.376221776533e-01,1.644856105459e-01,cgns_extracted_sensor_matrix,engineering_practical,ridge,1.000000000000e-04,0.000000000000e+00,False,
pod_mode_sensitivity,suboff_0000_u0_v-3p5_w0,0.000000000000e+00,-3.500000000000e+00,0.000000000000e+00,3.500000000000e+00,extrapolation,all_surface,practical,,126,126,40,40,0.000000000000e+00,0.000000000000e+00,0,40,1.096695041520e+01,8.837963609950e+00,1.805700012483e+00,,,,1.153487816095e-01,8.255210911135e-02,1.073071859892e+00,2.381940228621e-01,3.819159366451e-01,1.612244110432e-02,9.807518503319e-01,9.907308613467e-01,1.136752188457e-01,1.358642777974e-01,cgns_extracted_sensor_matrix,engineering_practical,ridge,1.000000000000e-04,0.000000000000e+00,False,
pod_mode_sensitivity,suboff_0000_u0_v-3p5_w0,0.000000000000e+00,-3.500000000000e+00,0.000000000000e+00,3.500000000000e+00,extrapolation,all_surface,practical,,126,126,50,50,0.000000000000e+00,0.000000000000e+00,0,50,1.369667847152e+01,1.237472294008e+01,2.331499999855e+00,,,,1.076804814540e-01,7.955432815234e-02,9.882287346882e-01,2.185456976829e-01,3.356411262649e-01,3.115463340585e-03,9.832259883173e-01,9.918967625233e-01,1.065386895281e-01,1.273347195387e-01,cgns_extracted_sensor_matrix,engineering_practical,ridge,1.000000000000e-04,0.000000000000e+00,False,
pod_mode_sensitivity,suboff_0000_u0_v-3p5_w0,0.000000000000e+00,-3.500000000000e+00,0.000000000000e+00,3.500000000000e+00,extrapolation,all_surface,practical,,126,126,60,60,0.000000000000e+00,0.000000000000e+00,0,60,1.551093678509e+01,1.456792066619e+01,2.724699996179e+00,,,,1.078775617969e-01,8.058495659122e-02,9.377355429550e-01,2.211311068634e-01,3.046606996587e-01,1.403856651661e-02,9.831645314377e-01,9.918007562574e-01,1.079726104809e-01,1.290485375252e-01,cgns_extracted_sensor_matrix,engineering_practical,ridge,1.000000000000e-04,0.000000000000e+00,False,
pod_mode_sensitivity,suboff_0000_u0_v-3p5_w0,0.000000000000e+00,-3.500000000000e+00,0.000000000000e+00,3.500000000000e+00,extrapolation,all_surface,practical,,126,126,70,70,0.000000000000e+00,0.000000000000e+00,0,70,2.592901195434e+01,2.349303275795e+01,3.133199992590e+00,,,,9.721790154026e-02,7.149360925059e-02,7.938053111330e-01,1.967557422823e-01,3.045502989189e-01,1.234711229408e-02,9.863272633518e-01,9.935229249402e-01,9.750378109029e-02,1.165362242964e-01,cgns_extracted_sensor_matrix,engineering_practical,ridge,1.000000000000e-04,0.000000000000e+00,False,
pod_mode_sensitivity,suboff_0000_u0_v0_w-1p5,0.000000000000e+00,0.000000000000e+00,-1.500000000000e+00,1.500000000000e+00,interpolation,all_surface,practical,,126,126,10,10,0.000000000000e+00,0.000000000000e+00,0,10,3.529982092167e+00,2.831930989395e+00,9.996000153478e-01,,,,2.998360961580e-01,2.278217467224e-01,2.074361573743e+00,5.772460104963e-01,9.396898290492e-01,3.911645509073e-02,8.654531596478e-01,9.341465657456e-01,3.026720329611e-01,3.611703204888e-01,cgns_extracted_sensor_matrix,engineering_practical,ridge,1.000000000000e-04,0.000000000000e+00,False,
pod_mode_sensitivity,suboff_0000_u0_v0_w-1p5,0.000000000000e+00,0.000000000000e+00,-1.500000000000e+00,1.500000000000e+00,interpolation,all_surface,practical,,126,126,20,20,0.000000000000e+00,0.000000000000e+00,0,20,7.037795444940e+00,5.950174270409e+00,1.507999986643e+00,,,,1.708807795821e-01,1.287418491025e-01,1.317586822328e+00,3.401673131734e-01,4.974350208818e-01,5.886821360733e-02,9.562989263156e-01,9.805580413531e-01,1.711102800003e-01,2.041812521033e-01,cgns_extracted_sensor_matrix,engineering_practical,ridge,1.000000000000e-04,0.000000000000e+00,False,
pod_mode_sensitivity,suboff_0000_u0_v0_w-1p5,0.000000000000e+00,0.000000000000e+00,-1.500000000000e+00,1.500000000000e+00,interpolation,all_surface,practical,,126,126,30,30,0.000000000000e+00,0.000000000000e+00,0,30,9.303217041096e+00,7.049677774227e+00,1.694600010524e+00,,,,1.274674114143e-01,9.799427988170e-02,8.652419973537e-01,2.518543908419e-01,3.620345057790e-01,4.361394123406e-02,9.756833352921e-01,9.892297458066e-01,1.299626679836e-01,1.550809236916e-01,cgns_extracted_sensor_matrix,engineering_practical,ridge,1.000000000000e-04,0.000000000000e+00,False,
pod_mode_sensitivity,suboff_0000_u0_v0_w-1p5,0.000000000000e+00,0.000000000000e+00,-1.500000000000e+00,1.500000000000e+00,interpolation,all_surface,practical,,126,126,40,40,0.000000000000e+00,0.000000000000e+00,0,40,1.127501220562e+01,9.271157781390e+00,2.457100024913e+00,,,,8.576636292570e-02,6.107869339562e-02,6.924426834252e-01,1.688165434409e-01,2.829042526104e-01,3.195323126383e-02,9.889912081389e-01,9.953368197349e-01,8.708053361335e-02,1.039108368414e-01,cgns_extracted_sensor_matrix,engineering_practical,ridge,1.000000000000e-04,0.000000000000e+00,False,
pod_mode_sensitivity,suboff_0000_u0_v0_w-1p5,0.000000000000e+00,0.000000000000e+00,-1.500000000000e+00,1.500000000000e+00,interpolation,all_surface,practical,,126,126,50,50,0.000000000000e+00,0.000000000000e+00,0,50,1.363340512093e+01,1.146210535633e+01,2.642699982971e+00,,,,5.505193989342e-02,3.775148525470e-02,5.057046687512e-01,1.051345900338e-01,2.069594320440e-01,1.785036756592e-02,9.954642310055e-01,9.979732722476e-01,5.562993486302e-02,6.638169112185e-02,cgns_extracted_sensor_matrix,engineering_practical,ridge,1.000000000000e-04,0.000000000000e+00,False,
pod_mode_sensitivity,suboff_0000_u0_v0_w-1p5,0.000000000000e+00,0.000000000000e+00,-1.500000000000e+00,1.500000000000e+00,interpolation,all_surface,practical,,126,126,60,60,0.000000000000e+00,0.000000000000e+00,0,60,1.684959446184e+01,1.478726395810e+01,3.117499989457e+00,,,,5.601161675315e-02,3.798667363202e-02,4.787971515910e-01,1.106640185103e-01,2.094476524245e-01,1.428012148548e-02,9.953047157316e-01,9.978038442896e-01,5.632542137346e-02,6.721159629484e-02,cgns_extracted_sensor_matrix,engineering_practical,ridge,1.000000000000e-04,0.000000000000e+00,False,
pod_mode_sensitivity,suboff_0000_u0_v0_w-1p5,0.000000000000e+00,0.000000000000e+00,-1.500000000000e+00,1.500000000000e+00,interpolation,all_surface,practical,,126,126,70,70,0.000000000000e+00,0.000000000000e+00,0,70,2.455491399346e+01,2.010701320024e+01,3.253699978814e+00,,,,5.478385915312e-02,3.696190154302e-02,6.628023936682e-01,1.133484396617e-01,2.013204602136e-01,1.009275796012e-02,9.955082981796e-01,9.978396226409e-01,5.558630037532e-02,6.632962327219e-02,cgns_extracted_sensor_matrix,engineering_practical,ridge,1.000000000000e-04,0.000000000000e+00,False,
pod_mode_sensitivity,suboff_0000_u0_v0_w-2p5,0.000000000000e+00,0.000000000000e+00,-2.500000000000e+00,2.500000000000e+00,interpolation,all_surface,practical,,126,126,10,10,0.000000000000e+00,0.000000000000e+00,0,10,3.529982092167e+00,2.831930989395e+00,8.554999949411e-01,,,,2.935618475457e-01,2.259956387164e-01,1.843680845617e+00,5.892089790604e-01,8.795317766877e-01,5.225338142725e-02,8.740086370712e-01,9.378582767652e-01,2.921871336979e-01,3.487602739336e-01,cgns_extracted_sensor_matrix,engineering_practical,ridge,1.000000000000e-04,0.000000000000e+00,False,
pod_mode_sensitivity,suboff_0000_u0_v0_w-2p5,0.000000000000e+00,0.000000000000e+00,-2.500000000000e+00,2.500000000000e+00,interpolation,all_surface,practical,,126,126,20,20,0.000000000000e+00,0.000000000000e+00,0,20,7.037795444940e+00,5.950174270409e+00,1.442800014047e+00,,,,1.932148339961e-01,1.461311007109e-01,1.244011241055e+00,3.954016430531e-01,5.519272877124e-01,7.655527763744e-02,9.454213886424e-01,9.772061629506e-01,1.933550837439e-01,2.307924073162e-01,cgns_extracted_sensor_matrix,engineering_practical,ridge,1.000000000000e-04,0.000000000000e+00,False,
pod_mode_sensitivity,suboff_0000_u0_v0_w-2p5,0.000000000000e+00,0.000000000000e+00,-2.500000000000e+00,2.500000000000e+00,interpolation,all_surface,practical,,126,126,30,30,0.000000000000e+00,0.000000000000e+00,0,30,9.303217041096e+00,7.049677774227e+00,1.607699989108e+00,,,,1.532797878652e-01,1.115792516586e-01,9.003537071621e-01,3.341421562140e-01,5.019718544806e-01,5.082175720234e-02,9.656512188619e-01,9.846827872123e-01,1.564148368685e-01,1.866998066039e-01,cgns_extracted_sensor_matrix,engineering_practical,ridge,1.000000000000e-04,0.000000000000e+00,False,
pod_mode_sensitivity,suboff_0000_u0_v0_w-2p5,0.000000000000e+00,0.000000000000e+00,-2.500000000000e+00,2.500000000000e+00,interpolation,all_surface,practical,,126,126,40,40,0.000000000000e+00,0.000000000000e+00,0,40,1.127501220562e+01,9.271157781390e+00,2.182699972764e+00,,,,1.311409035680e-01,8.560621854420e-02,8.370045657241e-01,2.793872034656e-01,5.288606141899e-01,3.802264998890e-02,9.748569538382e-01,9.888439845851e-01,1.346882892433e-01,1.607665746867e-01,cgns_extracted_sensor_matrix,engineering_practical,ridge,1.000000000000e-04,0.000000000000e+00,False,
pod_mode_sensitivity,suboff_0000_u0_v0_w-2p5,0.000000000000e+00,0.000000000000e+00,-2.500000000000e+00,2.500000000000e+00,interpolation,all_surface,practical,,126,126,50,50,0.000000000000e+00,0.000000000000e+00,0,50,1.363340512093e+01,1.146210535633e+01,2.446600003168e+00,,,,9.939084704549e-02,6.006484458627e-02,7.197897092702e-01,2.066908710837e-01,4.247705662733e-01,1.761553770402e-02,9.855577674723e-01,9.931254262927e-01,1.017090242148e-01,1.214018793290e-01,cgns_extracted_sensor_matrix,engineering_practical,ridge,1.000000000000e-04,0.000000000000e+00,False,
pod_mode_sensitivity,suboff_0000_u0_v0_w-2p5,0.000000000000e+00,0.000000000000e+00,-2.500000000000e+00,2.500000000000e+00,interpolation,all_surface,practical,,126,126,60,60,0.000000000000e+00,0.000000000000e+00,0,60,1.684959446184e+01,1.478726395810e+01,2.889299998060e+00,,,,9.535520016558e-02,5.786279709245e-02,9.035289665907e-01,1.952838567831e-01,3.977145521107e-01,5.430812078164e-03,9.867067762839e-01,9.933795350035e-01,9.745221547424e-02,1.163208692118e-01,cgns_extracted_sensor_matrix,engineering_practical,ridge,1.000000000000e-04,0.000000000000e+00,False,
pod_mode_sensitivity,suboff_0000_u0_v0_w-2p5,0.000000000000e+00,0.000000000000e+00,-2.500000000000e+00,2.500000000000e+00,interpolation,all_surface,practical,,126,126,70,70,0.000000000000e+00,0.000000000000e+00,0,70,2.455491399346e+01,2.010701320024e+01,3.022000018973e+00,,,,8.918978345252e-02,5.644909548577e-02,9.565767312342e-01,1.831276023496e-01,3.657375256597e-01,4.040564412132e-03,9.883702127936e-01,9.942205306483e-01,9.152469897588e-02,1.092456696588e-01,cgns_extracted_sensor_matrix,engineering_practical,ridge,1.000000000000e-04,0.000000000000e+00,False,
pod_mode_sensitivity,suboff_0000_u0_v0_w-3p5,0.000000000000e+00,0.000000000000e+00,-3.500000000000e+00,3.500000000000e+00,extrapolation,all_surface,practical,,126,126,10,10,0.000000000000e+00,0.000000000000e+00,0,10,3.529982092167e+00,2.831930989395e+00,7.141000241973e-01,,,,2.984851749286e-01,2.297621482216e-01,1.903591017395e+00,5.865045079977e-01,9.089891898828e-01,5.616274439061e-02,8.743121037728e-01,9.379109837352e-01,2.922454550953e-01,3.487655166051e-01,cgns_extracted_sensor_matrix,engineering_practical,ridge,1.000000000000e-04,0.000000000000e+00,False,
pod_mode_sensitivity,suboff_0000_u0_v0_w-3p5,0.000000000000e+00,0.000000000000e+00,-3.500000000000e+00,3.500000000000e+00,extrapolation,all_surface,practical,,126,126,20,20,0.000000000000e+00,0.000000000000e+00,0,20,7.037795444940e+00,5.950174270409e+00,1.343499985524e+00,,,,2.018124588012e-01,1.495719674035e-01,1.275899760256e+00,4.210601931187e-01,5.918417379481e-01,8.349408854171e-02,9.425428773830e-01,9.766428381431e-01,1.992386737363e-01,2.377712904062e-01,cgns_extracted_sensor_matrix,engineering_practical,ridge,1.000000000000e-04,0.000000000000e+00,False,
pod_mode_sensitivity,suboff_0000_u0_v0_w-3p5,0.000000000000e+00,0.000000000000e+00,-3.500000000000e+00,3.500000000000e+00,extrapolation,all_surface,practical,,126,126,30,30,0.000000000000e+00,0.000000000000e+00,0,30,9.303217041096e+00,7.049677774227e+00,1.442099979613e+00,,,,1.596065596887e-01,1.154639845189e-01,9.308988981089e-01,3.607265917215e-01,5.082494100705e-01,5.535921767203e-02,9.640623728289e-01,9.842460085710e-01,1.605922061695e-01,1.916506237170e-01,cgns_extracted_sensor_matrix,engineering_practical,ridge,1.000000000000e-04,0.000000000000e+00,False,
pod_mode_sensitivity,suboff_0000_u0_v0_w-3p5,0.000000000000e+00,0.000000000000e+00,-3.500000000000e+00,3.500000000000e+00,extrapolation,all_surface,practical,,126,126,40,40,0.000000000000e+00,0.000000000000e+00,0,40,1.127501220562e+01,9.271157781390e+00,1.866400009021e+00,,,,1.339239882197e-01,8.781194515159e-02,8.716215084567e-01,3.043903980874e-01,5.144806314960e-01,4.135370390112e-02,9.746974277357e-01,9.891414799839e-01,1.354200993716e-01,1.616102495098e-01,cgns_extracted_sensor_matrix,engineering_practical,ridge,1.000000000000e-04,0.000000000000e+00,False,
pod_mode_sensitivity,suboff_0000_u0_v0_w-3p5,0.000000000000e+00,0.000000000000e+00,-3.500000000000e+00,3.500000000000e+00,extrapolation,all_surface,practical,,126,126,50,50,0.000000000000e+00,0.000000000000e+00,0,50,1.363340512093e+01,1.146210535633e+01,2.293300000019e+00,,,,9.869798634069e-02,6.186902162386e-02,7.017977230772e-01,2.097886973550e-01,3.816241300301e-01,1.867123026444e-02,9.862575390926e-01,9.936340072230e-01,9.948812123811e-02,1.187290525643e-01,cgns_extracted_sensor_matrix,engineering_practical,ridge,1.000000000000e-04,0.000000000000e+00,False,
pod_mode_sensitivity,suboff_0000_u0_v0_w-3p5,0.000000000000e+00,0.000000000000e+00,-3.500000000000e+00,3.500000000000e+00,extrapolation,all_surface,practical,,126,126,60,60,0.000000000000e+00,0.000000000000e+00,0,60,1.684959446184e+01,1.478726395810e+01,2.821100002620e+00,,,,9.393142440912e-02,5.870844001123e-02,6.877400560005e-01,1.965015993362e-01,3.730471777783e-01,5.599482633995e-03,9.875528551883e-01,9.938518236726e-01,9.423668400562e-02,1.124619911357e-01,cgns_extracted_sensor_matrix,engineering_practical,ridge,1.000000000000e-04,0.000000000000e+00,False,
pod_mode_sensitivity,suboff_0000_u0_v0_w-3p5,0.000000000000e+00,0.000000000000e+00,-3.500000000000e+00,3.500000000000e+00,extrapolation,all_surface,practical,,126,126,70,70,0.000000000000e+00,0.000000000000e+00,0,70,2.455491399346e+01,2.010701320024e+01,3.314600005979e+00,,,,9.426374145742e-02,5.873357824972e-02,7.260446148006e-01,2.020981403928e-01,3.763547299175e-01,1.085301604789e-02,9.874646266649e-01,9.937972447801e-01,9.534096291417e-02,1.137798367935e-01,cgns_extracted_sensor_matrix,engineering_practical,ridge,1.000000000000e-04,0.000000000000e+00,False,
pod_mode_sensitivity,suboff_0000_u0_v0_w1p5,0.000000000000e+00,0.000000000000e+00,1.500000000000e+00,1.500000000000e+00,interpolation,all_surface,practical,,126,126,10,10,0.000000000000e+00,0.000000000000e+00,0,10,3.529982092167e+00,2.831930989395e+00,9.831000061240e-01,,,,2.372855454468e-01,1.862671824467e-01,1.923627418467e+00,4.343081496786e-01,6.086498057146e-01,-2.113331446453e-02,9.107522431742e-01,9.547055427994e-01,2.412222193374e-01,2.941404034741e-01,cgns_extracted_sensor_matrix,engineering_practical,ridge,1.000000000000e-04,0.000000000000e+00,False,
pod_mode_sensitivity,suboff_0000_u0_v0_w1p5,0.000000000000e+00,0.000000000000e+00,1.500000000000e+00,1.500000000000e+00,interpolation,all_surface,practical,,126,126,20,20,0.000000000000e+00,0.000000000000e+00,0,20,7.037795444940e+00,5.950174270409e+00,1.750399998855e+00,,,,2.417733938328e-01,1.911049260650e-01,1.776845290528e+00,4.659707001690e-01,6.506215368388e-01,2.507324684401e-02,9.073443822121e-01,9.549062640402e-01,2.478161984799e-01,3.021809384248e-01,cgns_extracted_sensor_matrix,engineering_practical,ridge,1.000000000000e-04,0.000000000000e+00,False,
pod_mode_sensitivity,suboff_0000_u0_v0_w1p5,0.000000000000e+00,0.000000000000e+00,1.500000000000e+00,1.500000000000e+00,interpolation,all_surface,practical,,126,126,30,30,0.000000000000e+00,0.000000000000e+00,0,30,9.303217041096e+00,7.049677774227e+00,1.807799999369e+00,,,,1.824959285593e-01,1.390957461363e-01,1.494641400190e+00,3.619774796217e-01,5.168974359353e-01,1.626226108555e-02,9.472088524969e-01,9.750869007953e-01,1.859299329199e-01,2.267183580235e-01,cgns_extracted_sensor_matrix,engineering_practical,ridge,1.000000000000e-04,0.000000000000e+00,False,
pod_mode_sensitivity,suboff_0000_u0_v0_w1p5,0.000000000000e+00,0.000000000000e+00,1.500000000000e+00,1.500000000000e+00,interpolation,all_surface,practical,,126,126,40,40,0.000000000000e+00,0.000000000000e+00,0,40,1.127501220562e+01,9.271157781390e+00,2.200999995694e+00,,,,1.419941353035e-01,1.053556488360e-01,1.267239238555e+00,2.914263681808e-01,4.458928359594e-01,-2.579522380322e-02,9.680408251982e-01,9.845106905214e-01,1.427356000339e-01,1.740482576580e-01,cgns_extracted_sensor_matrix,engineering_practical,ridge,1.000000000000e-04,0.000000000000e+00,False,
pod_mode_sensitivity,suboff_0000_u0_v0_w1p5,0.000000000000e+00,0.000000000000e+00,1.500000000000e+00,1.500000000000e+00,interpolation,all_surface,practical,,126,126,50,50,0.000000000000e+00,0.000000000000e+00,0,50,1.363340512093e+01,1.146210535633e+01,2.361600025324e+00,,,,1.282076704386e-01,9.608986307328e-02,1.018918340449e+00,2.549409475722e-01,3.888250999479e-01,2.085246571547e-02,9.739454989649e-01,9.873160171393e-01,1.305887777624e-01,1.592367232411e-01,cgns_extracted_sensor_matrix,engineering_practical,ridge,1.000000000000e-04,0.000000000000e+00,False,
pod_mode_sensitivity,suboff_0000_u0_v0_w1p5,0.000000000000e+00,0.000000000000e+00,1.500000000000e+00,1.500000000000e+00,interpolation,all_surface,practical,,126,126,60,60,0.000000000000e+00,0.000000000000e+00,0,60,1.684959446184e+01,1.478726395810e+01,2.916700002970e+00,,,,8.112834379584e-02,5.782924791644e-02,9.332762671647e-01,1.620081802652e-01,2.700302279346e-01,1.642956561408e-02,9.895672220826e-01,9.949973633527e-01,8.078065448359e-02,9.850193057660e-02,cgns_extracted_sensor_matrix,engineering_practical,ridge,1.000000000000e-04,0.000000000000e+00,False,
pod_mode_sensitivity,suboff_0000_u0_v0_w1p5,0.000000000000e+00,0.000000000000e+00,1.500000000000e+00,1.500000000000e+00,interpolation,all_surface,practical,,126,126,70,70,0.000000000000e+00,0.000000000000e+00,0,70,2.455491399346e+01,2.010701320024e+01,3.159999992931e+00,,,,7.763706581907e-02,5.351561471504e-02,8.408517109699e-01,1.594525798059e-01,2.862925422570e-01,1.720212712200e-02,9.904458298928e-01,9.956153362276e-01,7.854080360458e-02,9.577071185602e-02,cgns_extracted_sensor_matrix,engineering_practical,ridge,1.000000000000e-04,0.000000000000e+00,False,
pod_mode_sensitivity,suboff_0000_u0_v0_w2p5,0.000000000000e+00,0.000000000000e+00,2.500000000000e+00,2.500000000000e+00,interpolation,all_surface,practical,,126,126,10,10,0.000000000000e+00,0.000000000000e+00,0,10,3.529982092167e+00,2.831930989395e+00,6.035999977030e-01,,,,2.522512684242e-01,1.945349695676e-01,1.850447991847e+00,4.735784283250e-01,7.156337015693e-01,1.626901654080e-02,9.029877685161e-01,9.505996883468e-01,2.514029180816e-01,3.066001600558e-01,cgns_extracted_sensor_matrix,engineering_practical,ridge,1.000000000000e-04,0.000000000000e+00,False,
pod_mode_sensitivity,suboff_0000_u0_v0_w2p5,0.000000000000e+00,0.000000000000e+00,2.500000000000e+00,2.500000000000e+00,interpolation,all_surface,practical,,126,126,20,20,0.000000000000e+00,0.000000000000e+00,0,20,7.037795444940e+00,5.950174270409e+00,9.504000190645e-01,,,,2.714066076443e-01,2.081284346197e-01,1.770611983358e+00,5.444082568090e-01,7.991097422585e-01,5.555291841827e-02,8.876946073932e-01,9.477754395175e-01,2.712348280634e-01,3.307863024485e-01,cgns_extracted_sensor_matrix,engineering_practical,ridge,1.000000000000e-04,0.000000000000e+00,False,
pod_mode_sensitivity,suboff_0000_u0_v0_w2p5,0.000000000000e+00,0.000000000000e+00,2.500000000000e+00,2.500000000000e+00,interpolation,all_surface,practical,,126,126,30,30,0.000000000000e+00,0.000000000000e+00,0,30,9.303217041096e+00,7.049677774227e+00,1.418600004399e+00,,,,2.194583715548e-01,1.605970390049e-01,1.590308226687e+00,4.689702626850e-01,6.565876983000e-01,3.964945497792e-02,9.265715972221e-01,9.655680390799e-01,2.196355178208e-01,2.678580082987e-01,cgns_extracted_sensor_matrix,engineering_practical,ridge,1.000000000000e-04,0.000000000000e+00,False,
pod_mode_sensitivity,suboff_0000_u0_v0_w2p5,0.000000000000e+00,0.000000000000e+00,2.500000000000e+00,2.500000000000e+00,interpolation,all_surface,practical,,126,126,40,40,0.000000000000e+00,0.000000000000e+00,0,40,1.127501220562e+01,9.271157781390e+00,1.917099987622e+00,,,,1.567902305900e-01,1.086113660961e-01,1.325253735950e+00,3.117042743358e-01,5.548393242286e-01,8.362428907118e-04,9.625201560004e-01,9.815453873276e-01,1.546512082643e-01,1.886059460586e-01,cgns_extracted_sensor_matrix,engineering_practical,ridge,1.000000000000e-04,0.000000000000e+00,False,
pod_mode_sensitivity,suboff_0000_u0_v0_w2p5,0.000000000000e+00,0.000000000000e+00,2.500000000000e+00,2.500000000000e+00,interpolation,all_surface,practical,,126,126,50,50,0.000000000000e+00,0.000000000000e+00,0,50,1.363340512093e+01,1.146210535633e+01,2.361499995459e+00,,,,1.599456856503e-01,1.103334272551e-01,1.164061994490e+00,3.411041679769e-01,5.623534429848e-01,3.861791882428e-02,9.609963871571e-01,9.817899637420e-01,1.606819882127e-01,1.959608252762e-01,cgns_extracted_sensor_matrix,engineering_practical,ridge,1.000000000000e-04,0.000000000000e+00,False,
pod_mode_sensitivity,suboff_0000_u0_v0_w2p5,0.000000000000e+00,0.000000000000e+00,2.500000000000e+00,2.500000000000e+00,interpolation,all_surface,practical,,126,126,60,60,0.000000000000e+00,0.000000000000e+00,0,60,1.684959446184e+01,1.478726395810e+01,2.877199993236e+00,,,,1.428348350345e-01,1.003487246654e-01,9.881315710380e-01,2.895186968435e-01,5.179870038403e-01,4.034759882267e-02,9.688951542498e-01,9.856029384823e-01,1.420148429691e-01,1.731951797413e-01,cgns_extracted_sensor_matrix,engineering_practical,ridge,1.000000000000e-04,0.000000000000e+00,False,
pod_mode_sensitivity,suboff_0000_u0_v0_w2p5,0.000000000000e+00,0.000000000000e+00,2.500000000000e+00,2.500000000000e+00,interpolation,all_surface,practical,,126,126,70,70,0.000000000000e+00,0.000000000000e+00,0,70,2.455491399346e+01,2.010701320024e+01,3.170199983288e+00,,,,1.339554892012e-01,9.166814287924e-02,9.305621853348e-01,2.732719842889e-01,5.115682614231e-01,4.540600007963e-02,9.726422229231e-01,9.878186292145e-01,1.331530170506e-01,1.623876789147e-01,cgns_extracted_sensor_matrix,engineering_practical,ridge,1.000000000000e-04,0.000000000000e+00,False,
pod_mode_sensitivity,suboff_0000_u0_v0_w3p5,0.000000000000e+00,0.000000000000e+00,3.500000000000e+00,3.500000000000e+00,extrapolation,all_surface,practical,,126,126,10,10,0.000000000000e+00,0.000000000000e+00,0,10,3.529982092167e+00,2.831930989395e+00,5.842999962624e-01,,,,2.531088393613e-01,1.952367433753e-01,1.793045919751e+00,4.905770058986e-01,6.869642393597e-01,2.357760297272e-02,9.054391788644e-01,9.524885648325e-01,2.480069620999e-01,3.024800561838e-01,cgns_extracted_sensor_matrix,engineering_practical,ridge,1.000000000000e-04,0.000000000000e+00,False,
pod_mode_sensitivity,suboff_0000_u0_v0_w3p5,0.000000000000e+00,0.000000000000e+00,3.500000000000e+00,3.500000000000e+00,extrapolation,all_surface,practical,,126,126,20,20,0.000000000000e+00,0.000000000000e+00,0,20,7.037795444940e+00,5.950174270409e+00,1.253199996427e+00,,,,2.923944499927e-01,2.208076502774e-01,1.710185208759e+00,6.173280753451e-01,9.026345418896e-01,6.697331625411e-02,8.738071176987e-01,9.429836176176e-01,2.886471950835e-01,3.520466483960e-01,cgns_extracted_sensor_matrix,engineering_practical,ridge,1.000000000000e-04,0.000000000000e+00,False,
pod_mode_sensitivity,suboff_0000_u0_v0_w3p5,0.000000000000e+00,0.000000000000e+00,3.500000000000e+00,3.500000000000e+00,extrapolation,all_surface,practical,,126,126,30,30,0.000000000000e+00,0.000000000000e+00,0,30,9.303217041096e+00,7.049677774227e+00,1.673100021435e+00,,,,2.354422695824e-01,1.681988541780e-01,1.524562724955e+00,5.264365523660e-01,7.500918333789e-01,5.045950108824e-02,9.181788684644e-01,9.633276038463e-01,2.330056100773e-01,2.841837560952e-01,cgns_extracted_sensor_matrix,engineering_practical,ridge,1.000000000000e-04,0.000000000000e+00,False,
pod_mode_sensitivity,suboff_0000_u0_v0_w3p5,0.000000000000e+00,0.000000000000e+00,3.500000000000e+00,3.500000000000e+00,extrapolation,all_surface,practical,,126,126,40,40,0.000000000000e+00,0.000000000000e+00,0,40,1.127501220562e+01,9.271157781390e+00,1.897000009194e+00,,,,1.690717901134e-01,1.190261164453e-01,1.388922757833e+00,3.620722685872e-01,5.496194478080e-01,8.360918453946e-03,9.578071451096e-01,9.804066690501e-01,1.649593228857e-01,2.011915505598e-01,cgns_extracted_sensor_matrix,engineering_practical,ridge,1.000000000000e-04,0.000000000000e+00,False,
pod_mode_sensitivity,suboff_0000_u0_v0_w3p5,0.000000000000e+00,0.000000000000e+00,3.500000000000e+00,3.500000000000e+00,extrapolation,all_surface,practical,,126,126,50,50,0.000000000000e+00,0.000000000000e+00,0,50,1.363340512093e+01,1.146210535633e+01,2.300599997398e+00,,,,1.781404212345e-01,1.196531895086e-01,1.162248341227e+00,3.907919919272e-01,6.607069293263e-01,4.446334573318e-02,9.531594959404e-01,9.789420107647e-01,1.769076598274e-01,2.157642609339e-01,cgns_extracted_sensor_matrix,engineering_practical,ridge,1.000000000000e-04,0.000000000000e+00,False,
pod_mode_sensitivity,suboff_0000_u0_v0_w3p5,0.000000000000e+00,0.000000000000e+00,3.500000000000e+00,3.500000000000e+00,extrapolation,all_surface,practical,,126,126,60,60,0.000000000000e+00,0.000000000000e+00,0,60,1.684959446184e+01,1.478726395810e+01,2.872999990359e+00,,,,1.538421067211e-01,1.017752286072e-01,1.080335286234e+00,3.308131227545e-01,5.996439467001e-01,4.298815470421e-02,9.650661020574e-01,9.843331240871e-01,1.511046816697e-01,1.842938287461e-01,cgns_extracted_sensor_matrix,engineering_practical,ridge,1.000000000000e-04,0.000000000000e+00,False,
pod_mode_sensitivity,suboff_0000_u0_v0_w3p5,0.000000000000e+00,0.000000000000e+00,3.500000000000e+00,3.500000000000e+00,extrapolation,all_surface,practical,,126,126,70,70,0.000000000000e+00,0.000000000000e+00,0,70,2.455491399346e+01,2.010701320024e+01,3.153399971779e+00,,,,1.510167845347e-01,9.747245376095e-02,1.024904925404e+00,3.064402459833e-01,6.196486425690e-01,5.774410970415e-02,9.663374471640e-01,9.860709400649e-01,1.489365215034e-01,1.816494464942e-01,cgns_extracted_sensor_matrix,engineering_practical,ridge,1.000000000000e-04,0.000000000000e+00,False,
pod_mode_sensitivity,suboff_0000_u0_v1p5_w-1p5,0.000000000000e+00,1.500000000000e+00,-1.500000000000e+00,2.121320343560e+00,interpolation,all_surface,practical,,126,126,10,10,0.000000000000e+00,0.000000000000e+00,0,10,3.437426715273e+00,3.024804894322e+00,8.875999774318e-01,,,,3.375129646168e-01,2.414398074560e-01,1.972193324868e+00,6.878610906193e-01,1.129525360895e+00,8.450866005085e-02,8.279913082403e-01,9.160401373406e-01,3.302561235343e-01,4.018976646000e-01,cgns_extracted_sensor_matrix,engineering_practical,ridge,1.000000000000e-04,0.000000000000e+00,False,
pod_mode_sensitivity,suboff_0000_u0_v1p5_w-1p5,0.000000000000e+00,1.500000000000e+00,-1.500000000000e+00,2.121320343560e+00,interpolation,all_surface,practical,,126,126,20,20,0.000000000000e+00,0.000000000000e+00,0,20,7.150352116823e+00,5.493329484220e+00,1.323100004811e+00,,,,2.267885296497e-01,1.602521337818e-01,1.780275784252e+00,4.732233506570e-01,7.205530739808e-01,1.848567304968e-02,9.223374503891e-01,9.609344874028e-01,2.277058869593e-01,2.771014908225e-01,cgns_extracted_sensor_matrix,engineering_practical,ridge,1.000000000000e-04,0.000000000000e+00,False,
pod_mode_sensitivity,suboff_0000_u0_v1p5_w-1p5,0.000000000000e+00,1.500000000000e+00,-1.500000000000e+00,2.121320343560e+00,interpolation,all_surface,practical,,126,126,30,30,0.000000000000e+00,0.000000000000e+00,0,30,8.941512264709e+00,6.736654309848e+00,1.450999989174e+00,,,,2.126888558121e-01,1.531883290932e-01,1.906576990135e+00,4.297591079445e-01,6.534018565500e-01,4.866305518619e-02,9.316939859370e-01,9.671474283353e-01,2.134262873839e-01,2.597242574820e-01,cgns_extracted_sensor_matrix,engineering_practical,ridge,1.000000000000e-04,0.000000000000e+00,False,
pod_mode_sensitivity,suboff_0000_u0_v1p5_w-1p5,0.000000000000e+00,1.500000000000e+00,-1.500000000000e+00,2.121320343560e+00,interpolation,all_surface,practical,,126,126,40,40,0.000000000000e+00,0.000000000000e+00,0,40,1.127593504695e+01,9.369737838864e+00,1.862600009190e+00,,,,2.124646608144e-01,1.519040992004e-01,1.854213039611e+00,4.449018931420e-01,6.511977641976e-01,4.221273518642e-02,9.318379125705e-01,9.672357228667e-01,2.119582345039e-01,2.579377439795e-01,cgns_extracted_sensor_matrix,engineering_practical,ridge,1.000000000000e-04,0.000000000000e+00,False,
pod_mode_sensitivity,suboff_0000_u0_v1p5_w-1p5,0.000000000000e+00,1.500000000000e+00,-1.500000000000e+00,2.121320343560e+00,interpolation,all_surface,practical,,126,126,50,50,0.000000000000e+00,0.000000000000e+00,0,50,1.284662012714e+01,1.080784399935e+01,2.174100023694e+00,,,,2.068743148456e-01,1.455063609850e-01,1.826801438563e+00,4.382660146673e-01,6.643618378749e-01,3.229871410786e-02,9.353776690809e-01,9.684781329679e-01,2.065976457969e-01,2.514142976944e-01,cgns_extracted_sensor_matrix,engineering_practical,ridge,1.000000000000e-04,0.000000000000e+00,False,
pod_mode_sensitivity,suboff_0000_u0_v1p5_w-1p5,0.000000000000e+00,1.500000000000e+00,-1.500000000000e+00,2.121320343560e+00,interpolation,all_surface,practical,,126,126,60,60,0.000000000000e+00,0.000000000000e+00,0,60,1.602400343275e+01,1.469976944883e+01,3.162699984387e+00,,,,2.139331589883e-01,1.486722871244e-01,1.791188251328e+00,4.695814653698e-01,6.546781387704e-01,1.792361952980e-02,9.308924205682e-01,9.660968840756e-01,2.139905097305e-01,2.604108750108e-01,cgns_extracted_sensor_matrix,engineering_practical,ridge,1.000000000000e-04,0.000000000000e+00,False,
pod_mode_sensitivity,suboff_0000_u0_v1p5_w-1p5,0.000000000000e+00,1.500000000000e+00,-1.500000000000e+00,2.121320343560e+00,interpolation,all_surface,practical,,126,126,70,70,0.000000000000e+00,0.000000000000e+00,0,70,2.538768855500e+01,2.219485031872e+01,3.210800001398e+00,,,,2.137043260772e-01,1.501111513981e-01,1.661285409120e+00,4.648302340676e-01,6.719352358865e-01,-2.693132718165e-04,9.310401828965e-01,9.657122290677e-01,2.123231764904e-01,2.583818518147e-01,cgns_extracted_sensor_matrix,engineering_practical,ridge,1.000000000000e-04,0.000000000000e+00,False,
pod_mode_sensitivity,suboff_0000_u0_v1p5_w0,0.000000000000e+00,1.500000000000e+00,0.000000000000e+00,1.500000000000e+00,interpolation,all_surface,practical,,126,126,10,10,0.000000000000e+00,0.000000000000e+00,0,10,3.638921136800e+00,3.075837769595e+00,1.131500001065e+00,,,,4.092590142865e-01,3.328485277355e-01,1.801337761535e+00,7.783448338421e-01,1.119268349937e+00,1.227081117151e-01,7.481493683629e-01,8.930285341167e-01,4.144689255843e-01,4.949331399110e-01,cgns_extracted_sensor_matrix,engineering_practical,ridge,1.000000000000e-04,0.000000000000e+00,False,
pod_mode_sensitivity,suboff_0000_u0_v1p5_w0,0.000000000000e+00,1.500000000000e+00,0.000000000000e+00,1.500000000000e+00,interpolation,all_surface,practical,,126,126,20,20,0.000000000000e+00,0.000000000000e+00,0,20,7.199781053044e+00,5.578638869965e+00,1.758400001563e+00,,,,2.098334810557e-01,1.627876126871e-01,1.045989937388e+00,4.104461677819e-01,5.759667281916e-01,5.520576475677e-03,9.337941893621e-01,9.678072798728e-01,2.127271762234e-01,2.540256283972e-01,cgns_extracted_sensor_matrix,engineering_practical,ridge,1.000000000000e-04,0.000000000000e+00,False,
pod_mode_sensitivity,suboff_0000_u0_v1p5_w0,0.000000000000e+00,1.500000000000e+00,0.000000000000e+00,1.500000000000e+00,interpolation,all_surface,practical,,126,126,30,30,0.000000000000e+00,0.000000000000e+00,0,30,9.157467401970e+00,7.148660673187e+00,2.046300010988e+00,,,,1.389741531238e-01,1.006592940535e-01,9.460235600822e-01,2.746936688334e-01,4.790343735967e-01,3.852639104439e-02,9.709587965670e-01,9.868698527353e-01,1.395575047826e-01,1.666509351523e-01,cgns_extracted_sensor_matrix,engineering_practical,ridge,1.000000000000e-04,0.000000000000e+00,False,
pod_mode_sensitivity,suboff_0000_u0_v1p5_w0,0.000000000000e+00,1.500000000000e+00,0.000000000000e+00,1.500000000000e+00,interpolation,all_surface,practical,,126,126,40,40,0.000000000000e+00,0.000000000000e+00,0,40,1.096695041520e+01,8.837963609950e+00,2.282200002810e+00,,,,1.286619473414e-01,9.007402528939e-02,7.938279186499e-01,2.764220407683e-01,4.769671117831e-01,5.150566463757e-02,9.751087459622e-01,9.895156872971e-01,1.276535881319e-01,1.524360146082e-01,cgns_extracted_sensor_matrix,engineering_practical,ridge,1.000000000000e-04,0.000000000000e+00,False,
pod_mode_sensitivity,suboff_0000_u0_v1p5_w0,0.000000000000e+00,1.500000000000e+00,0.000000000000e+00,1.500000000000e+00,interpolation,all_surface,practical,,126,126,50,50,0.000000000000e+00,0.000000000000e+00,0,50,1.369667847152e+01,1.237472294008e+01,2.820000023348e+00,,,,1.135568255529e-01,8.036869249871e-02,7.397509037206e-01,2.252301636476e-01,4.049058687729e-01,3.587447522781e-02,9.806102136615e-01,9.916333451367e-01,1.132215004172e-01,1.352021086453e-01,cgns_extracted_sensor_matrix,engineering_practical,ridge,1.000000000000e-04,0.000000000000e+00,False,
pod_mode_sensitivity,suboff_0000_u0_v1p5_w0,0.000000000000e+00,1.500000000000e+00,0.000000000000e+00,1.500000000000e+00,interpolation,all_surface,practical,,126,126,60,60,0.000000000000e+00,0.000000000000e+00,0,60,1.551093678509e+01,1.456792066619e+01,3.059499984374e+00,,,,1.221533923145e-01,8.951157768100e-02,9.550726902754e-01,2.399290361349e-01,3.918206304852e-01,3.021139213045e-02,9.775633712928e-01,9.895902735181e-01,1.220104532000e-01,1.456973321199e-01,cgns_extracted_sensor_matrix,engineering_practical,ridge,1.000000000000e-04,0.000000000000e+00,False,
pod_mode_sensitivity,suboff_0000_u0_v1p5_w0,0.000000000000e+00,1.500000000000e+00,0.000000000000e+00,1.500000000000e+00,interpolation,all_surface,practical,,126,126,70,70,0.000000000000e+00,0.000000000000e+00,0,70,2.592901195434e+01,2.349303275795e+01,3.274099988630e+00,,,,1.135659804662e-01,8.484612183495e-02,8.549857412630e-01,2.211293645092e-01,3.566028471902e-01,1.881029522761e-02,9.806070871393e-01,9.908617691734e-01,1.144923187963e-01,1.367196413040e-01,cgns_extracted_sensor_matrix,engineering_practical,ridge,1.000000000000e-04,0.000000000000e+00,False,
pod_mode_sensitivity,suboff_0000_u0_v1p5_w1p5,0.000000000000e+00,1.500000000000e+00,1.500000000000e+00,2.121320343560e+00,interpolation,all_surface,practical,,126,126,10,10,0.000000000000e+00,0.000000000000e+00,0,10,3.437426715273e+00,3.024804894322e+00,6.749000167474e-01,,,,2.772192608935e-01,2.128993727831e-01,1.999946812882e+00,5.547025815817e-01,8.056903478576e-01,-7.415884908090e-02,8.741963682610e-01,9.399063003637e-01,2.821785193779e-01,3.461185586250e-01,cgns_extracted_sensor_matrix,engineering_practical,ridge,1.000000000000e-04,0.000000000000e+00,False,
pod_mode_sensitivity,suboff_0000_u0_v1p5_w1p5,0.000000000000e+00,1.500000000000e+00,1.500000000000e+00,2.121320343560e+00,interpolation,all_surface,practical,,126,126,20,20,0.000000000000e+00,0.000000000000e+00,0,20,7.150352116823e+00,5.493329484220e+00,1.275399990845e+00,,,,2.451586936140e-01,1.879450580777e-01,1.954036654407e+00,4.388980233772e-01,7.368804644967e-01,-1.633447678668e-02,9.016122626860e-01,9.511605033478e-01,2.523605255911e-01,3.095439779187e-01,cgns_extracted_sensor_matrix,engineering_practical,ridge,1.000000000000e-04,0.000000000000e+00,False,
pod_mode_sensitivity,suboff_0000_u0_v1p5_w1p5,0.000000000000e+00,1.500000000000e+00,1.500000000000e+00,2.121320343560e+00,interpolation,all_surface,practical,,126,126,30,30,0.000000000000e+00,0.000000000000e+00,0,30,8.941512264709e+00,6.736654309848e+00,1.757800026098e+00,,,,2.104317342746e-01,1.548860439453e-01,1.914853245282e+00,4.105515780748e-01,6.477973154310e-01,2.365462007767e-02,9.275115447469e-01,9.643819989100e-01,2.157588066101e-01,2.646485186725e-01,cgns_extracted_sensor_matrix,engineering_practical,ridge,1.000000000000e-04,0.000000000000e+00,False,
pod_mode_sensitivity,suboff_0000_u0_v1p5_w1p5,0.000000000000e+00,1.500000000000e+00,1.500000000000e+00,2.121320343560e+00,interpolation,all_surface,practical,,126,126,40,40,0.000000000000e+00,0.000000000000e+00,0,40,1.127593504695e+01,9.369737838864e+00,1.980100001674e+00,,,,2.033687503258e-01,1.455082876149e-01,1.821098805631e+00,4.019599784986e-01,6.689360156592e-01,3.939643956702e-03,9.322959239098e-01,9.657672013440e-01,2.080466992177e-01,2.551888918358e-01,cgns_extracted_sensor_matrix,engineering_practical,ridge,1.000000000000e-04,0.000000000000e+00,False,
pod_mode_sensitivity,suboff_0000_u0_v1p5_w1p5,0.000000000000e+00,1.500000000000e+00,1.500000000000e+00,2.121320343560e+00,interpolation,all_surface,practical,,126,126,50,50,0.000000000000e+00,0.000000000000e+00,0,50,1.284662012714e+01,1.080784399935e+01,2.384799998254e+00,,,,2.098921615042e-01,1.522470162605e-01,1.902306735775e+00,4.140863478078e-01,6.261772385327e-01,4.062886322269e-03,9.278828067313e-01,9.632995708768e-01,2.144812792157e-01,2.630815108742e-01,cgns_extracted_sensor_matrix,engineering_practical,ridge,1.000000000000e-04,0.000000000000e+00,False,
pod_mode_sensitivity,suboff_0000_u0_v1p5_w1p5,0.000000000000e+00,1.500000000000e+00,1.500000000000e+00,2.121320343560e+00,interpolation,all_surface,practical,,126,126,60,60,0.000000000000e+00,0.000000000000e+00,0,60,1.602400343275e+01,1.469976944883e+01,3.565099992556e+00,,,,2.606951137231e-01,1.874120064917e-01,2.285640090868e+00,5.206375934638e-01,8.749544920437e-01,2.000382004229e-02,8.887468904781e-01,9.430929122168e-01,2.595207741789e-01,3.183266979006e-01,cgns_extracted_sensor_matrix,engineering_practical,ridge,1.000000000000e-04,0.000000000000e+00,False,
pod_mode_sensitivity,suboff_0000_u0_v1p5_w1p5,0.000000000000e+00,1.500000000000e+00,1.500000000000e+00,2.121320343560e+00,interpolation,all_surface,practical,,126,126,70,70,0.000000000000e+00,0.000000000000e+00,0,70,2.538768855500e+01,2.219485031872e+01,3.836999996565e+00,,,,2.730955958070e-01,1.961182239776e-01,2.000644235882e+00,5.731390078499e-01,8.835526483931e-01,6.642445495101e-03,8.779112158404e-01,9.371446928675e-01,2.754764999246e-01,3.378978998796e-01,cgns_extracted_sensor_matrix,engineering_practical,ridge,1.000000000000e-04,0.000000000000e+00,False,
pod_mode_sensitivity,suboff_0000_u0_v2p5_w0,0.000000000000e+00,2.500000000000e+00,0.000000000000e+00,2.500000000000e+00,interpolation,all_surface,practical,,126,126,10,10,0.000000000000e+00,0.000000000000e+00,0,10,3.638921136800e+00,3.075837769595e+00,6.622000073548e-01,,,,3.896326436413e-01,3.195444940988e-01,1.907208473470e+00,7.362364334784e-01,1.027960920076e+00,1.035595179549e-01,7.725246556595e-01,9.013420058419e-01,3.938754169657e-01,4.693187682835e-01,cgns_extracted_sensor_matrix,engineering_practical,ridge,1.000000000000e-04,0.000000000000e+00,False,
pod_mode_sensitivity,suboff_0000_u0_v2p5_w0,0.000000000000e+00,2.500000000000e+00,0.000000000000e+00,2.500000000000e+00,interpolation,all_surface,practical,,126,126,20,20,0.000000000000e+00,0.000000000000e+00,0,20,7.199781053044e+00,5.578638869965e+00,1.274600013858e+00,,,,2.038677609930e-01,1.605123525480e-01,1.098272100589e+00,3.995104823064e-01,4.922438255041e-01,-1.374286462660e-02,9.377239917834e-01,9.688819828102e-01,2.078882015891e-01,2.477073473183e-01,cgns_extracted_sensor_matrix,engineering_practical,ridge,1.000000000000e-04,0.000000000000e+00,False,
pod_mode_sensitivity,suboff_0000_u0_v2p5_w0,0.000000000000e+00,2.500000000000e+00,0.000000000000e+00,2.500000000000e+00,interpolation,all_surface,practical,,126,126,30,30,0.000000000000e+00,0.000000000000e+00,0,30,9.157467401970e+00,7.148660673187e+00,1.711899996735e+00,,,,1.314967001731e-01,9.698738588812e-02,1.057441430275e+00,2.730353682517e-01,4.188044613575e-01,1.955888837708e-02,9.740908377898e-01,9.872742684569e-01,1.322428436758e-01,1.575727903670e-01,cgns_extracted_sensor_matrix,engineering_practical,ridge,1.000000000000e-04,0.000000000000e+00,False,
pod_mode_sensitivity,suboff_0000_u0_v2p5_w0,0.000000000000e+00,2.500000000000e+00,0.000000000000e+00,2.500000000000e+00,interpolation,all_surface,practical,,126,126,40,40,0.000000000000e+00,0.000000000000e+00,0,40,1.096695041520e+01,8.837963609950e+00,1.947999990080e+00,,,,1.029438273687e-01,7.481451581906e-02,8.829917624407e-01,2.106938483415e-01,3.355312765611e-01,2.203959578358e-02,9.841209585400e-01,9.925404839081e-01,1.025741581234e-01,1.222213305899e-01,cgns_extracted_sensor_matrix,engineering_practical,ridge,1.000000000000e-04,0.000000000000e+00,False,
pod_mode_sensitivity,suboff_0000_u0_v2p5_w0,0.000000000000e+00,2.500000000000e+00,0.000000000000e+00,2.500000000000e+00,interpolation,all_surface,practical,,126,126,50,50,0.000000000000e+00,0.000000000000e+00,0,50,1.369667847152e+01,1.237472294008e+01,2.477000001818e+00,,,,8.271908273577e-02,6.028967515350e-02,6.002572076482e-01,1.759062407140e-01,2.524013823443e-01,7.381412393613e-03,9.897473748176e-01,9.949135093451e-01,8.258051034285e-02,9.839807647022e-02,cgns_extracted_sensor_matrix,engineering_practical,ridge,1.000000000000e-04,0.000000000000e+00,False,
pod_mode_sensitivity,suboff_0000_u0_v2p5_w0,0.000000000000e+00,2.500000000000e+00,0.000000000000e+00,2.500000000000e+00,interpolation,all_surface,practical,,126,126,60,60,0.000000000000e+00,0.000000000000e+00,0,60,1.551093678509e+01,1.456792066619e+01,3.118599997833e+00,,,,9.070553603479e-02,6.757390845181e-02,8.814556489215e-01,1.826968692392e-01,2.685809799584e-01,1.707523348180e-02,9.876720390754e-01,9.940417594765e-01,9.107051272297e-02,1.085142636912e-01,cgns_extracted_sensor_matrix,engineering_practical,ridge,1.000000000000e-04,0.000000000000e+00,False,
pod_mode_sensitivity,suboff_0000_u0_v2p5_w0,0.000000000000e+00,2.500000000000e+00,0.000000000000e+00,2.500000000000e+00,interpolation,all_surface,practical,,126,126,70,70,0.000000000000e+00,0.000000000000e+00,0,70,2.592901195434e+01,2.349303275795e+01,3.345700009959e+00,,,,7.117854897098e-02,5.187242384830e-02,6.687118155919e-01,1.459157066085e-01,2.326546892900e-01,7.798682311925e-03,9.924085991973e-01,9.962454021042e-01,7.073765597702e-02,8.428682812994e-02,cgns_extracted_sensor_matrix,engineering_practical,ridge,1.000000000000e-04,0.000000000000e+00,False,
pod_mode_sensitivity,suboff_0000_u0_v3p5_w0,0.000000000000e+00,3.500000000000e+00,0.000000000000e+00,3.500000000000e+00,extrapolation,all_surface,practical,,126,126,10,10,0.000000000000e+00,0.000000000000e+00,0,10,3.638921136800e+00,3.075837769595e+00,7.657999813091e-01,,,,4.080211030898e-01,3.324608845404e-01,1.907748298858e+00,7.706402609626e-01,1.097320981608e+00,1.166056987697e-01,7.641854665818e-01,9.001813039957e-01,4.004851181573e-01,4.786403413474e-01,cgns_extracted_sensor_matrix,engineering_practical,ridge,1.000000000000e-04,0.000000000000e+00,False,
pod_mode_sensitivity,suboff_0000_u0_v3p5_w0,0.000000000000e+00,3.500000000000e+00,0.000000000000e+00,3.500000000000e+00,extrapolation,all_surface,practical,,126,126,20,20,0.000000000000e+00,0.000000000000e+00,0,20,7.199781053044e+00,5.578638869965e+00,1.352299994323e+00,,,,2.136847225821e-01,1.676784472952e-01,1.306488494237e+00,4.080475718008e-01,5.635518854460e-01,-7.969863659199e-03,9.353226432332e-01,9.680453390257e-01,2.114242234312e-01,2.526839522473e-01,cgns_extracted_sensor_matrix,engineering_practical,ridge,1.000000000000e-04,0.000000000000e+00,False,
pod_mode_sensitivity,suboff_0000_u0_v3p5_w0,0.000000000000e+00,3.500000000000e+00,0.000000000000e+00,3.500000000000e+00,extrapolation,all_surface,practical,,126,126,30,30,0.000000000000e+00,0.000000000000e+00,0,30,9.157467401970e+00,7.148660673187e+00,1.787000015611e+00,,,,1.431099380330e-01,1.026014166750e-01,1.242522260725e+00,2.967914971705e-01,4.781355459319e-01,2.439794559629e-02,9.709901887218e-01,9.858778718364e-01,1.401858723617e-01,1.675433387088e-01,cgns_extracted_sensor_matrix,engineering_practical,ridge,1.000000000000e-04,0.000000000000e+00,False,
pod_mode_sensitivity,suboff_0000_u0_v3p5_w0,0.000000000000e+00,3.500000000000e+00,0.000000000000e+00,3.500000000000e+00,extrapolation,all_surface,practical,,126,126,40,40,0.000000000000e+00,0.000000000000e+00,0,40,1.096695041520e+01,8.837963609950e+00,2.175900008297e+00,,,,1.132665051981e-01,7.985821496081e-02,1.007638670507e+00,2.361188503820e-01,4.058940931284e-01,2.782504021152e-02,9.818277661215e-01,9.914277311009e-01,1.099627973188e-01,1.314221888852e-01,cgns_extracted_sensor_matrix,engineering_practical,ridge,1.000000000000e-04,0.000000000000e+00,False,
pod_mode_sensitivity,suboff_0000_u0_v3p5_w0,0.000000000000e+00,3.500000000000e+00,0.000000000000e+00,3.500000000000e+00,extrapolation,all_surface,practical,,126,126,50,50,0.000000000000e+00,0.000000000000e+00,0,50,1.369667847152e+01,1.237472294008e+01,2.589099982288e+00,,,,9.052833718623e-02,6.532457592704e-02,7.806606984464e-01,1.951633519545e-01,2.750115543935e-01,9.816640532253e-03,9.883915455143e-01,9.943238275840e-01,8.839393992108e-02,1.056441392168e-01,cgns_extracted_sensor_matrix,engineering_practical,ridge,1.000000000000e-04,0.000000000000e+00,False,
pod_mode_sensitivity,suboff_0000_u0_v3p5_w0,0.000000000000e+00,3.500000000000e+00,0.000000000000e+00,3.500000000000e+00,extrapolation,all_surface,practical,,126,126,60,60,0.000000000000e+00,0.000000000000e+00,0,60,1.551093678509e+01,1.456792066619e+01,3.129099990474e+00,,,,9.456232298929e-02,7.062153255628e-02,9.745675431158e-01,1.923249088266e-01,2.759590316019e-01,1.582685773477e-02,9.873339388322e-01,9.939778220940e-01,9.233288057528e-02,1.103517695726e-01,cgns_extracted_sensor_matrix,engineering_practical,ridge,1.000000000000e-04,0.000000000000e+00,False,
pod_mode_sensitivity,suboff_0000_u0_v3p5_w0,0.000000000000e+00,3.500000000000e+00,0.000000000000e+00,3.500000000000e+00,extrapolation,all_surface,practical,,126,126,70,70,0.000000000000e+00,0.000000000000e+00,0,70,2.592901195434e+01,2.349303275795e+01,3.347699996084e+00,,,,7.998283509017e-02,5.678601150385e-02,7.292997260494e-01,1.696411605235e-01,2.577856774124e-01,1.103952923179e-02,9.909385248343e-01,9.956577754663e-01,7.804926125640e-02,9.328068224248e-02,cgns_extracted_sensor_matrix,engineering_practical,ridge,1.000000000000e-04,0.000000000000e+00,False,
pod_mode_sensitivity,suboff_0000_u1p5_v-1p5_w0,1.500000000000e+00,-1.500000000000e+00,0.000000000000e+00,2.121320343560e+00,interpolation,all_surface,practical,,126,126,10,10,0.000000000000e+00,0.000000000000e+00,0,10,3.437426715273e+00,3.024804894322e+00,7.493999728467e-01,,,,6.957119435935e-01,5.062976164383e-01,6.034608588403e+00,1.499001384103e+00,2.227647361159e+00,6.180870983769e-02,3.154936253568e-01,6.043471281473e-01,3.104784837942e-01,8.261707173775e-01,cgns_extracted_sensor_matrix,engineering_practical,ridge,1.000000000000e-04,0.000000000000e+00,False,
pod_mode_sensitivity,suboff_0000_u1p5_v-1p5_w0,1.500000000000e+00,-1.500000000000e+00,0.000000000000e+00,2.121320343560e+00,interpolation,all_surface,practical,,126,126,20,20,0.000000000000e+00,0.000000000000e+00,0,20,7.150352116823e+00,5.493329484220e+00,1.358700013952e+00,,,,5.871110024740e-01,4.468974577831e-01,4.682632561526e+00,1.189186584375e+00,1.731979032938e+00,7.184486788710e-02,5.125175142945e-01,7.402861212388e-01,2.679256080371e-01,7.129392320225e-01,cgns_extracted_sensor_matrix,engineering_practical,ridge,1.000000000000e-04,0.000000000000e+00,False,
pod_mode_sensitivity,suboff_0000_u1p5_v-1p5_w0,1.500000000000e+00,-1.500000000000e+00,0.000000000000e+00,2.121320343560e+00,interpolation,all_surface,practical,,126,126,30,30,0.000000000000e+00,0.000000000000e+00,0,30,8.941512264709e+00,6.736654309848e+00,1.731500000460e+00,,,,5.148938584661e-01,3.892537719495e-01,4.878820133318e+00,9.725261379371e-01,1.720106011167e+00,1.539308376584e-01,6.250667106011e-01,8.464723958668e-01,2.375112815565e-01,6.320079364945e-01,cgns_extracted_sensor_matrix,engineering_practical,ridge,1.000000000000e-04,0.000000000000e+00,False,
pod_mode_sensitivity,suboff_0000_u1p5_v-1p5_w0,1.500000000000e+00,-1.500000000000e+00,0.000000000000e+00,2.121320343560e+00,interpolation,all_surface,practical,,126,126,40,40,0.000000000000e+00,0.000000000000e+00,0,40,1.127593504695e+01,9.369737838864e+00,2.117500000168e+00,,,,5.376149705622e-01,3.981098129993e-01,2.915523064671e+00,1.055441585682e+00,1.767641638219e+00,1.151938853132e-01,5.912466866661e-01,8.161969817600e-01,2.498880374504e-01,6.649419845187e-01,cgns_extracted_sensor_matrix,engineering_practical,ridge,1.000000000000e-04,0.000000000000e+00,False,
pod_mode_sensitivity,suboff_0000_u1p5_v-1p5_w0,1.500000000000e+00,-1.500000000000e+00,0.000000000000e+00,2.121320343560e+00,interpolation,all_surface,practical,,126,126,50,50,0.000000000000e+00,0.000000000000e+00,0,50,1.284662012714e+01,1.080784399935e+01,2.769500017166e+00,,,,4.899177360338e-01,3.560615311168e-01,3.131639612770e+00,9.752390430069e-01,1.639977604116e+00,7.406296749375e-02,6.605585273934e-01,8.425621468922e-01,2.271387577566e-01,6.044070692008e-01,cgns_extracted_sensor_matrix,engineering_practical,ridge,1.000000000000e-04,0.000000000000e+00,False,
pod_mode_sensitivity,suboff_0000_u1p5_v-1p5_w0,1.500000000000e+00,-1.500000000000e+00,0.000000000000e+00,2.121320343560e+00,interpolation,all_surface,practical,,126,126,60,60,0.000000000000e+00,0.000000000000e+00,0,60,1.602400343275e+01,1.469976944883e+01,3.468100010650e+00,,,,4.936471612193e-01,3.438267358137e-01,2.953926648145e+00,1.026199565327e+00,1.835895433473e+00,1.255608835326e-01,6.553709630232e-01,8.499672267477e-01,2.263686149082e-01,6.023577501570e-01,cgns_extracted_sensor_matrix,engineering_practical,ridge,1.000000000000e-04,0.000000000000e+00,False,
pod_mode_sensitivity,suboff_0000_u1p5_v-1p5_w0,1.500000000000e+00,-1.500000000000e+00,0.000000000000e+00,2.121320343560e+00,interpolation,all_surface,practical,,126,126,70,70,0.000000000000e+00,0.000000000000e+00,0,70,2.538768855500e+01,2.219485031872e+01,3.472499985946e+00,,,,4.784150532508e-01,3.362423167356e-01,3.749309984531e+00,1.023278482717e+00,1.624871998716e+00,1.069031840437e-01,6.763107688353e-01,8.544534608718e-01,2.147948832029e-01,5.715605170965e-01,cgns_extracted_sensor_matrix,engineering_practical,ridge,1.000000000000e-04,0.000000000000e+00,False,
pod_mode_sensitivity,suboff_0000_u1p5_v0_w-1p5,1.500000000000e+00,0.000000000000e+00,-1.500000000000e+00,2.121320343560e+00,interpolation,all_surface,practical,,126,126,10,10,0.000000000000e+00,0.000000000000e+00,0,10,3.437426715273e+00,3.024804894322e+00,8.944000001065e-01,,,,1.360481065894e+00,1.004678200148e+00,1.771237999307e+01,2.953136118024e+00,4.236675706939e+00,5.694124571333e-01,5.537294511280e-01,8.258856265044e-01,2.794238194102e-01,6.507543263064e-01,cgns_extracted_sensor_matrix,engineering_practical,ridge,1.000000000000e-04,0.000000000000e+00,False,
pod_mode_sensitivity,suboff_0000_u1p5_v0_w-1p5,1.500000000000e+00,0.000000000000e+00,-1.500000000000e+00,2.121320343560e+00,interpolation,all_surface,practical,,126,126,20,20,0.000000000000e+00,0.000000000000e+00,0,20,7.150352116823e+00,5.493329484220e+00,1.527299988084e+00,,,,1.155924977889e+00,8.841039563088e-01,1.219484961527e+01,2.220104590347e+00,3.509216634027e+00,2.401289796506e-01,6.778393301053e-01,8.524223637041e-01,2.423102730195e-01,5.643200311583e-01,cgns_extracted_sensor_matrix,engineering_practical,ridge,1.000000000000e-04,0.000000000000e+00,False,
pod_mode_sensitivity,suboff_0000_u1p5_v0_w-1p5,1.500000000000e+00,0.000000000000e+00,-1.500000000000e+00,2.121320343560e+00,interpolation,all_surface,practical,,126,126,30,30,0.000000000000e+00,0.000000000000e+00,0,30,8.941512264709e+00,6.736654309848e+00,1.934700005222e+00,,,,9.568434505371e-01,7.099092566951e-01,8.844383802974e+00,1.880978877545e+00,3.291994884325e+00,3.251429122456e-01,7.792529034480e-01,9.032944788728e-01,1.995196566772e-01,4.646643226047e-01,cgns_extracted_sensor_matrix,engineering_practical,ridge,1.000000000000e-04,0.000000000000e+00,False,
pod_mode_sensitivity,suboff_0000_u1p5_v0_w-1p5,1.500000000000e+00,0.000000000000e+00,-1.500000000000e+00,2.121320343560e+00,interpolation,all_surface,practical,,126,126,40,40,0.000000000000e+00,0.000000000000e+00,0,40,1.127593504695e+01,9.369737838864e+00,2.197599998908e+00,,,,9.405201923826e-01,6.920589025502e-01,9.257625994093e+00,1.875729774378e+00,3.253107207411e+00,1.435848516819e-01,7.867203246161e-01,8.959986425619e-01,1.949718099560e-01,4.540727741266e-01,cgns_extracted_sensor_matrix,engineering_practical,ridge,1.000000000000e-04,0.000000000000e+00,False,
pod_mode_sensitivity,suboff_0000_u1p5_v0_w-1p5,1.500000000000e+00,0.000000000000e+00,-1.500000000000e+00,2.121320343560e+00,interpolation,all_surface,practical,,126,126,50,50,0.000000000000e+00,0.000000000000e+00,0,50,1.284662012714e+01,1.080784399935e+01,2.692399983061e+00,,,,8.922514684693e-01,6.645040177303e-01,5.181754895622e+00,1.695788997322e+00,3.083587863563e+00,2.007356404458e-02,8.080501549777e-01,9.072096346633e-01,1.852662794687e-01,4.314694185251e-01,cgns_extracted_sensor_matrix,engineering_practical,ridge,1.000000000000e-04,0.000000000000e+00,False,
pod_mode_sensitivity,suboff_0000_u1p5_v0_w-1p5,1.500000000000e+00,0.000000000000e+00,-1.500000000000e+00,2.121320343560e+00,interpolation,all_surface,practical,,126,126,60,60,0.000000000000e+00,0.000000000000e+00,0,60,1.602400343275e+01,1.469976944883e+01,2.882500004489e+00,,,,9.175178102154e-01,6.353848096845e-01,1.004348447521e+01,1.840649464165e+00,3.452650095209e+00,1.471742101870e-01,7.970251498354e-01,9.031676277881e-01,1.874209771273e-01,4.364875262374e-01,cgns_extracted_sensor_matrix,engineering_practical,ridge,1.000000000000e-04,0.000000000000e+00,False,
pod_mode_sensitivity,suboff_0000_u1p5_v0_w-1p5,1.500000000000e+00,0.000000000000e+00,-1.500000000000e+00,2.121320343560e+00,interpolation,all_surface,practical,,126,126,70,70,0.000000000000e+00,0.000000000000e+00,0,70,2.538768855500e+01,2.219485031872e+01,3.385499992874e+00,,,,1.039410860701e+00,7.271620875968e-01,1.106011209813e+01,2.169889418663e+00,3.368598006587e+00,1.582220033938e-01,7.395119984630e-01,8.735995325157e-01,2.082392868119e-01,4.849716000800e-01,cgns_extracted_sensor_matrix,engineering_practical,ridge,1.000000000000e-04,0.000000000000e+00,False,
pod_mode_sensitivity,suboff_0000_u1p5_v0_w0,1.500000000000e+00,0.000000000000e+00,0.000000000000e+00,1.500000000000e+00,interpolation,all_surface,practical,,126,126,10,10,0.000000000000e+00,0.000000000000e+00,0,10,3.465209504846e+00,2.967724576400e+00,8.286999945994e-01,,,,4.280727898025e-01,3.291855697414e-01,3.448519877175e+00,8.727369783546e-01,1.176956924007e+00,9.262099237211e-02,-4.212329279787e+00,1.189609753857e-01,9.157494768537e-02,2.418895196639e+00,cgns_extracted_sensor_matrix,engineering_practical,ridge,1.000000000000e-04,0.000000000000e+00,False,
pod_mode_sensitivity,suboff_0000_u1p5_v0_w0,1.500000000000e+00,0.000000000000e+00,0.000000000000e+00,1.500000000000e+00,interpolation,all_surface,practical,,126,126,20,20,0.000000000000e+00,0.000000000000e+00,0,20,7.019804839675e+00,5.384124279851e+00,1.176199992187e+00,,,,2.942558912626e-01,2.392927470302e-01,2.366369634578e+00,5.443878453723e-01,6.951445543511e-01,-2.615193881680e-02,-1.462900862083e+00,3.533263418687e-01,6.350559728870e-02,1.677460791669e+00,cgns_extracted_sensor_matrix,engineering_practical,ridge,1.000000000000e-04,0.000000000000e+00,False,
pod_mode_sensitivity,suboff_0000_u1p5_v0_w0,1.500000000000e+00,0.000000000000e+00,0.000000000000e+00,1.500000000000e+00,interpolation,all_surface,practical,,126,126,30,30,0.000000000000e+00,0.000000000000e+00,0,30,8.545563041314e+00,6.633870775363e+00,1.472600008128e+00,,,,2.332410105204e-01,1.724178914882e-01,2.045592248112e+00,4.895690689458e-01,7.041295795650e-01,3.887773548988e-02,-5.474136599307e-01,5.544449577056e-01,4.939256936543e-02,1.304673950764e+00,cgns_extracted_sensor_matrix,engineering_practical,ridge,1.000000000000e-04,0.000000000000e+00,False,
pod_mode_sensitivity,suboff_0000_u1p5_v0_w0,1.500000000000e+00,0.000000000000e+00,0.000000000000e+00,1.500000000000e+00,interpolation,all_surface,practical,,126,126,40,40,0.000000000000e+00,0.000000000000e+00,0,40,1.127007950359e+01,9.632494707714e+00,2.431699977024e+00,,,,2.653288331504e-01,1.925715232267e-01,2.507940538298e+00,5.737915411773e-01,7.883605938823e-01,5.979705593711e-02,-1.002467572038e+00,4.946783169530e-01,5.726597575713e-02,1.512645075875e+00,cgns_extracted_sensor_matrix,engineering_practical,ridge,1.000000000000e-04,0.000000000000e+00,False,
pod_mode_sensitivity,suboff_0000_u1p5_v0_w0,1.500000000000e+00,0.000000000000e+00,0.000000000000e+00,1.500000000000e+00,interpolation,all_surface,practical,,126,126,50,50,0.000000000000e+00,0.000000000000e+00,0,50,1.367942552880e+01,1.228738009814e+01,2.238200017018e+00,,,,2.838235112501e-01,2.067272648380e-01,2.338537978903e+00,6.387637250134e-01,8.093005599937e-01,4.079597545407e-02,-1.291360038287e+00,4.982298679375e-01,6.089481712870e-02,1.608498660124e+00,cgns_extracted_sensor_matrix,engineering_practical,ridge,1.000000000000e-04,0.000000000000e+00,False,
pod_mode_sensitivity,suboff_0000_u1p5_v0_w0,1.500000000000e+00,0.000000000000e+00,0.000000000000e+00,1.500000000000e+00,interpolation,all_surface,practical,,126,126,60,60,0.000000000000e+00,0.000000000000e+00,0,60,1.729732984218e+01,1.559199971028e+01,2.714900008868e+00,,,,3.080054214070e-01,2.300454594257e-01,2.235948862604e+00,6.431992626904e-01,8.794513401138e-01,2.234787052923e-02,-1.698443438696e+00,4.607678792223e-01,6.689513492995e-02,1.766993316955e+00,cgns_extracted_sensor_matrix,engineering_practical,ridge,1.000000000000e-04,0.000000000000e+00,False,
pod_mode_sensitivity,suboff_0000_u1p5_v0_w0,1.500000000000e+00,0.000000000000e+00,0.000000000000e+00,1.500000000000e+00,interpolation,all_surface,practical,,126,126,70,70,0.000000000000e+00,0.000000000000e+00,0,70,2.825453647861e+01,2.593958796565e+01,3.157500002999e+00,,,,2.781133788410e-01,2.075531451370e-01,2.094107570434e+00,5.684246953792e-01,7.534449261827e-01,5.052545775009e-02,-1.200089561288e+00,4.932227827808e-01,6.016164277174e-02,1.589132316215e+00,cgns_extracted_sensor_matrix,engineering_practical,ridge,1.000000000000e-04,0.000000000000e+00,False,
pod_mode_sensitivity,suboff_0000_u1p5_v0_w1p5,1.500000000000e+00,0.000000000000e+00,1.500000000000e+00,2.121320343560e+00,interpolation,all_surface,practical,,126,126,10,10,0.000000000000e+00,0.000000000000e+00,0,10,3.437426715273e+00,3.024804894322e+00,9.459999855608e-01,,,,3.867792318173e-01,2.828722779304e-01,3.060371859177e+00,8.117389096256e-01,1.130439816089e+00,-8.262910494997e-02,4.482252093210e-01,7.353873116212e-01,5.798895566504e-01,7.336127096005e-01,cgns_extracted_sensor_matrix,engineering_practical,ridge,1.000000000000e-04,0.000000000000e+00,False,
pod_mode_sensitivity,suboff_0000_u1p5_v0_w1p5,1.500000000000e+00,0.000000000000e+00,1.500000000000e+00,2.121320343560e+00,interpolation,all_surface,practical,,126,126,20,20,0.000000000000e+00,0.000000000000e+00,0,20,7.150352116823e+00,5.493329484220e+00,1.714599988190e+00,,,,3.029863134290e-01,2.221859790232e-01,3.230711362341e+00,6.658180841005e-01,9.096046189524e-01,-1.872344271933e-02,6.614041869887e-01,8.319682896378e-01,4.572801256782e-01,5.785006958618e-01,cgns_extracted_sensor_matrix,engineering_practical,ridge,1.000000000000e-04,0.000000000000e+00,False,
pod_mode_sensitivity,suboff_0000_u1p5_v0_w1p5,1.500000000000e+00,0.000000000000e+00,1.500000000000e+00,2.121320343560e+00,interpolation,all_surface,practical,,126,126,30,30,0.000000000000e+00,0.000000000000e+00,0,30,8.941512264709e+00,6.736654309848e+00,2.005000016652e+00,,,,3.068242509467e-01,2.388975973444e-01,3.193395139858e+00,5.994584725735e-01,8.707547359263e-01,3.209285815511e-02,6.527718496110e-01,8.205459453085e-01,4.652438453890e-01,5.885755211945e-01,cgns_extracted_sensor_matrix,engineering_practical,ridge,1.000000000000e-04,0.000000000000e+00,False,
pod_mode_sensitivity,suboff_0000_u1p5_v0_w1p5,1.500000000000e+00,0.000000000000e+00,1.500000000000e+00,2.121320343560e+00,interpolation,all_surface,practical,,126,126,40,40,0.000000000000e+00,0.000000000000e+00,0,40,1.127593504695e+01,9.369737838864e+00,2.617399994051e+00,,,,3.285777367139e-01,2.507143786567e-01,2.537104627635e+00,6.728427448367e-01,9.373157900245e-01,3.500974519746e-02,6.017903050774e-01,7.942762309400e-01,5.119565251188e-01,6.476712837518e-01,cgns_extracted_sensor_matrix,engineering_practical,ridge,1.000000000000e-04,0.000000000000e+00,False,
pod_mode_sensitivity,suboff_0000_u1p5_v0_w1p5,1.500000000000e+00,0.000000000000e+00,1.500000000000e+00,2.121320343560e+00,interpolation,all_surface,practical,,126,126,50,50,0.000000000000e+00,0.000000000000e+00,0,50,1.284662012714e+01,1.080784399935e+01,3.057899972191e+00,,,,3.061891153376e-01,2.360948420468e-01,2.270799906043e+00,6.207113805224e-01,8.291978364750e-01,5.887979608865e-02,6.542079075690e-01,8.299749997243e-01,4.739708737663e-01,5.996160009915e-01,cgns_extracted_sensor_matrix,engineering_practical,ridge,1.000000000000e-04,0.000000000000e+00,False,
pod_mode_sensitivity,suboff_0000_u1p5_v0_w1p5,1.500000000000e+00,0.000000000000e+00,1.500000000000e+00,2.121320343560e+00,interpolation,all_surface,practical,,126,126,60,60,0.000000000000e+00,0.000000000000e+00,0,60,1.602400343275e+01,1.469976944883e+01,3.413900005398e+00,,,,3.028779048083e-01,2.292038250813e-01,2.072724168118e+00,6.526392572843e-01,8.309993448600e-01,5.032764503050e-02,6.616464430683e-01,8.328454699031e-01,4.717873850670e-01,5.968536904054e-01,cgns_extracted_sensor_matrix,engineering_practical,ridge,1.000000000000e-04,0.000000000000e+00,False,
pod_mode_sensitivity,suboff_0000_u1p5_v0_w1p5,1.500000000000e+00,0.000000000000e+00,1.500000000000e+00,2.121320343560e+00,interpolation,all_surface,practical,,126,126,70,70,0.000000000000e+00,0.000000000000e+00,0,70,2.538768855500e+01,2.219485031872e+01,3.678699984448e+00,,,,3.133491630445e-01,2.373417989125e-01,2.054719824836e+00,6.520605656273e-01,8.434628194194e-01,5.469488958566e-02,6.378465392184e-01,8.239849919992e-01,4.806586448352e-01,6.080766359499e-01,cgns_extracted_sensor_matrix,engineering_practical,ridge,1.000000000000e-04,0.000000000000e+00,False,
pod_mode_sensitivity,suboff_0000_u1p5_v1p5_w0,1.500000000000e+00,1.500000000000e+00,0.000000000000e+00,2.121320343560e+00,interpolation,all_surface,practical,,126,126,10,10,0.000000000000e+00,0.000000000000e+00,0,10,3.437426715273e+00,3.024804894322e+00,6.443000165746e-01,,,,7.375436932872e-01,4.920524202167e-01,5.162451002006e+00,1.660334458583e+00,2.673966965804e+00,3.035944508462e-01,2.303647268229e-01,6.491495043825e-01,2.341981647874e-01,8.724265152004e-01,cgns_extracted_sensor_matrix,engineering_practical,ridge,1.000000000000e-04,0.000000000000e+00,False,
pod_mode_sensitivity,suboff_0000_u1p5_v1p5_w0,1.500000000000e+00,1.500000000000e+00,0.000000000000e+00,2.121320343560e+00,interpolation,all_surface,practical,,126,126,20,20,0.000000000000e+00,0.000000000000e+00,0,20,7.150352116823e+00,5.493329484220e+00,1.074900006643e+00,,,,5.911806910423e-01,4.379807793400e-01,5.302796554356e+00,1.245765502110e+00,1.868702729523e+00,1.123749858463e-01,5.055186254150e-01,7.844072504381e-01,1.929106331498e-01,7.186236987669e-01,cgns_extracted_sensor_matrix,engineering_practical,ridge,1.000000000000e-04,0.000000000000e+00,False,
pod_mode_sensitivity,suboff_0000_u1p5_v1p5_w0,1.500000000000e+00,1.500000000000e+00,0.000000000000e+00,2.121320343560e+00,interpolation,all_surface,practical,,126,126,30,30,0.000000000000e+00,0.000000000000e+00,0,30,8.941512264709e+00,6.736654309848e+00,1.437200000510e+00,,,,5.370370310137e-01,4.131931347842e-01,3.444525206191e+00,1.093388538275e+00,1.630439956064e+00,1.704042197972e-01,5.919457339354e-01,8.361335353434e-01,1.751815202398e-01,6.525798499278e-01,cgns_extracted_sensor_matrix,engineering_practical,ridge,1.000000000000e-04,0.000000000000e+00,False,
pod_mode_sensitivity,suboff_0000_u1p5_v1p5_w0,1.500000000000e+00,1.500000000000e+00,0.000000000000e+00,2.121320343560e+00,interpolation,all_surface,practical,,126,126,40,40,0.000000000000e+00,0.000000000000e+00,0,40,1.127593504695e+01,9.369737838864e+00,1.854300004197e+00,,,,5.080838102035e-01,3.637630213681e-01,3.680721371737e+00,1.033212449874e+00,1.814669813241e+00,7.199916622604e-02,6.347584565411e-01,8.350947502445e-01,1.668091916867e-01,6.213915550478e-01,cgns_extracted_sensor_matrix,engineering_practical,ridge,1.000000000000e-04,0.000000000000e+00,False,
pod_mode_sensitivity,suboff_0000_u1p5_v1p5_w0,1.500000000000e+00,1.500000000000e+00,0.000000000000e+00,2.121320343560e+00,interpolation,all_surface,practical,,126,126,50,50,0.000000000000e+00,0.000000000000e+00,0,50,1.284662012714e+01,1.080784399935e+01,2.385399973718e+00,,,,4.660563140572e-01,3.419806888935e-01,3.063186388040e+00,9.712953442346e-01,1.554843456600e+00,2.498885443925e-02,6.926832381754e-01,8.468858112408e-01,1.527899293897e-01,5.691675072526e-01,cgns_extracted_sensor_matrix,engineering_practical,ridge,1.000000000000e-04,0.000000000000e+00,False,
pod_mode_sensitivity,suboff_0000_u1p5_v1p5_w0,1.500000000000e+00,1.500000000000e+00,0.000000000000e+00,2.121320343560e+00,interpolation,all_surface,practical,,126,126,60,60,0.000000000000e+00,0.000000000000e+00,0,60,1.602400343275e+01,1.469976944883e+01,2.811000013025e+00,,,,4.991891556652e-01,3.494391824716e-01,3.698449011204e+00,1.059588587551e+00,1.833469361271e+00,8.625521807232e-02,6.474345583729e-01,8.231875273071e-01,1.630913477134e-01,6.075419774280e-01,cgns_extracted_sensor_matrix,engineering_practical,ridge,1.000000000000e-04,0.000000000000e+00,False,
pod_mode_sensitivity,suboff_0000_u1p5_v1p5_w0,1.500000000000e+00,1.500000000000e+00,0.000000000000e+00,2.121320343560e+00,interpolation,all_surface,practical,,126,126,70,70,0.000000000000e+00,0.000000000000e+00,0,70,2.538768855500e+01,2.219485031872e+01,3.056500019738e+00,,,,5.734216121678e-01,4.070987190620e-01,4.365913501084e+00,1.210834921104e+00,1.918246505566e+00,7.674008993257e-02,5.347808633281e-01,7.608083280550e-01,1.842493643282e-01,6.863590540714e-01,cgns_extracted_sensor_matrix,engineering_practical,ridge,1.000000000000e-04,0.000000000000e+00,False,
pod_mode_sensitivity,suboff_0000_u1_v-2_w0p5,1.000000000000e+00,-2.000000000000e+00,5.000000000000e-01,2.291287847478e+00,interpolation,all_surface,practical,,126,126,10,10,0.000000000000e+00,0.000000000000e+00,0,10,3.638921136800e+00,3.075837769595e+00,6.847999757156e-01,,,,3.494750727146e-01,2.739208045733e-01,2.004793347885e+00,6.750700574686e-01,1.033557363132e+00,-9.988770842609e-02,7.943243430791e-01,9.007980409926e-01,2.928844146622e-01,4.459812725205e-01,cgns_extracted_sensor_matrix,engineering_practical,ridge,1.000000000000e-04,0.000000000000e+00,False,
pod_mode_sensitivity,suboff_0000_u1_v-2_w0p5,1.000000000000e+00,-2.000000000000e+00,5.000000000000e-01,2.291287847478e+00,interpolation,all_surface,practical,,126,126,20,20,0.000000000000e+00,0.000000000000e+00,0,20,7.199781053044e+00,5.578638869965e+00,1.465699984692e+00,,,,2.231294588249e-01,1.727147479665e-01,1.571165590868e+00,4.440625460417e-01,5.930147570268e-01,1.843820112529e-02,9.161574826387e-01,9.576394047757e-01,1.875311599307e-01,2.855576505825e-01,cgns_extracted_sensor_matrix,engineering_practical,ridge,1.000000000000e-04,0.000000000000e+00,False,
pod_mode_sensitivity,suboff_0000_u1_v-2_w0p5,1.000000000000e+00,-2.000000000000e+00,5.000000000000e-01,2.291287847478e+00,interpolation,all_surface,practical,,126,126,30,30,0.000000000000e+00,0.000000000000e+00,0,30,9.157467401970e+00,7.148660673187e+00,1.713999983622e+00,,,,2.007304898777e-01,1.549356146672e-01,1.597980438061e+00,3.848974342419e-01,5.965338559469e-01,-7.750963397108e-03,9.321457313018e-01,9.657763674082e-01,1.680716904789e-01,2.559263062219e-01,cgns_extracted_sensor_matrix,engineering_practical,ridge,1.000000000000e-04,0.000000000000e+00,False,
pod_mode_sensitivity,suboff_0000_u1_v-2_w0p5,1.000000000000e+00,-2.000000000000e+00,5.000000000000e-01,2.291287847478e+00,interpolation,all_surface,practical,,126,126,40,40,0.000000000000e+00,0.000000000000e+00,0,40,1.096695041520e+01,8.837963609950e+00,1.934700005222e+00,,,,2.016545730173e-01,1.520631939187e-01,1.431027861362e+00,3.930773602270e-01,6.290481470905e-01,-3.155281841086e-02,9.315195452603e-01,9.662334539595e-01,1.688187925108e-01,2.570639342356e-01,cgns_extracted_sensor_matrix,engineering_practical,ridge,1.000000000000e-04,0.000000000000e+00,False,
pod_mode_sensitivity,suboff_0000_u1_v-2_w0p5,1.000000000000e+00,-2.000000000000e+00,5.000000000000e-01,2.291287847478e+00,interpolation,all_surface,practical,,126,126,50,50,0.000000000000e+00,0.000000000000e+00,0,50,1.369667847152e+01,1.237472294008e+01,2.553900005296e+00,,,,1.997606810027e-01,1.542318227452e-01,1.364979346749e+00,3.944948599013e-01,5.769573293889e-01,-1.749836305066e-02,9.327998093677e-01,9.662382353722e-01,1.678303778968e-01,2.555588544659e-01,cgns_extracted_sensor_matrix,engineering_practical,ridge,1.000000000000e-04,0.000000000000e+00,False,
pod_mode_sensitivity,suboff_0000_u1_v-2_w0p5,1.000000000000e+00,-2.000000000000e+00,5.000000000000e-01,2.291287847478e+00,interpolation,all_surface,practical,,126,126,60,60,0.000000000000e+00,0.000000000000e+00,0,60,1.551093678509e+01,1.456792066619e+01,2.994700014824e+00,,,,2.426036578979e-01,1.809875196830e-01,1.649919170073e+00,4.991682652051e-01,7.797501992831e-01,-2.983918184566e-02,9.008836787268e-01,9.507456210861e-01,2.060362244629e-01,3.137357024520e-01,cgns_extracted_sensor_matrix,engineering_practical,ridge,1.000000000000e-04,0.000000000000e+00,False,
pod_mode_sensitivity,suboff_0000_u1_v-2_w0p5,1.000000000000e+00,-2.000000000000e+00,5.000000000000e-01,2.291287847478e+00,interpolation,all_surface,practical,,126,126,70,70,0.000000000000e+00,0.000000000000e+00,0,70,2.592901195434e+01,2.349303275795e+01,3.343200020026e+00,,,,2.275676215671e-01,1.721013115991e-01,1.956257259720e+00,4.753038894340e-01,6.175186777844e-01,1.809957301628e-02,9.127889678897e-01,9.588560448787e-01,1.920734695719e-01,2.924743212299e-01,cgns_extracted_sensor_matrix,engineering_practical,ridge,1.000000000000e-04,0.000000000000e+00,False,
pod_mode_sensitivity,suboff_0000_u1_v2_w0p5,1.000000000000e+00,2.000000000000e+00,5.000000000000e-01,2.291287847478e+00,interpolation,all_surface,practical,,126,126,10,10,0.000000000000e+00,0.000000000000e+00,0,10,3.638921136800e+00,3.075837769595e+00,6.406999891624e-01,,,,2.569962875644e-01,1.865694541358e-01,1.971258877356e+00,5.474559369448e-01,8.517462302475e-01,7.067189151427e-02,8.896842417787e-01,9.476454348928e-01,1.734020386290e-01,3.212800966851e-01,cgns_extracted_sensor_matrix,engineering_practical,ridge,1.000000000000e-04,0.000000000000e+00,False,
pod_mode_sensitivity,suboff_0000_u1_v2_w0p5,1.000000000000e+00,2.000000000000e+00,5.000000000000e-01,2.291287847478e+00,interpolation,all_surface,practical,,126,126,20,20,0.000000000000e+00,0.000000000000e+00,0,20,7.199781053044e+00,5.578638869965e+00,9.404000011273e-01,,,,2.251929443491e-01,1.727305293734e-01,2.446647739209e+00,4.540146060902e-01,6.194114657174e-01,2.382677727338e-05,9.152980491133e-01,9.572466209537e-01,1.536517524882e-01,2.846866754599e-01,cgns_extracted_sensor_matrix,engineering_practical,ridge,1.000000000000e-04,0.000000000000e+00,False,
pod_mode_sensitivity,suboff_0000_u1_v2_w0p5,1.000000000000e+00,2.000000000000e+00,5.000000000000e-01,2.291287847478e+00,interpolation,all_surface,practical,,126,126,30,30,0.000000000000e+00,0.000000000000e+00,0,30,9.157467401970e+00,7.148660673187e+00,1.558299991302e+00,,,,1.941591686956e-01,1.451144462050e-01,1.645795285899e+00,4.079143986828e-01,5.831792064428e-01,-1.109160816523e-02,9.370349340620e-01,9.681157054946e-01,1.331253197161e-01,2.466552061775e-01,cgns_extracted_sensor_matrix,engineering_practical,ridge,1.000000000000e-04,0.000000000000e+00,False,
pod_mode_sensitivity,suboff_0000_u1_v2_w0p5,1.000000000000e+00,2.000000000000e+00,5.000000000000e-01,2.291287847478e+00,interpolation,all_surface,practical,,126,126,40,40,0.000000000000e+00,0.000000000000e+00,0,40,1.096695041520e+01,8.837963609950e+00,1.850600005127e+00,,,,1.969847442550e-01,1.479452204229e-01,2.506736099824e+00,3.948263103818e-01,5.422239525775e-01,-3.652161222154e-02,9.351889525114e-01,9.682225923953e-01,1.341754387242e-01,2.486008715175e-01,cgns_extracted_sensor_matrix,engineering_practical,ridge,1.000000000000e-04,0.000000000000e+00,False,
pod_mode_sensitivity,suboff_0000_u1_v2_w0p5,1.000000000000e+00,2.000000000000e+00,5.000000000000e-01,2.291287847478e+00,interpolation,all_surface,practical,,126,126,50,50,0.000000000000e+00,0.000000000000e+00,0,50,1.369667847152e+01,1.237472294008e+01,2.567300020019e+00,,,,2.077301964505e-01,1.541919203255e-01,2.027027464645e+00,4.359375792303e-01,5.765012481226e-01,-5.402442015787e-02,9.279252543585e-01,9.658877084834e-01,1.426461551801e-01,2.642954540233e-01,cgns_extracted_sensor_matrix,engineering_practical,ridge,1.000000000000e-04,0.000000000000e+00,False,
pod_mode_sensitivity,suboff_0000_u1_v2_w0p5,1.000000000000e+00,2.000000000000e+00,5.000000000000e-01,2.291287847478e+00,interpolation,all_surface,practical,,126,126,60,60,0.000000000000e+00,0.000000000000e+00,0,60,1.551093678509e+01,1.456792066619e+01,3.073900006711e+00,,,,1.949295353137e-01,1.430614009957e-01,1.521571021715e+00,4.184644962745e-01,5.545148854967e-01,-3.042592870577e-02,9.365342890047e-01,9.685457969400e-01,1.331938040081e-01,2.467820941894e-01,cgns_extracted_sensor_matrix,engineering_practical,ridge,1.000000000000e-04,0.000000000000e+00,False,
pod_mode_sensitivity,suboff_0000_u1_v2_w0p5,1.000000000000e+00,2.000000000000e+00,5.000000000000e-01,2.291287847478e+00,interpolation,all_surface,practical,,126,126,70,70,0.000000000000e+00,0.000000000000e+00,0,70,2.592901195434e+01,2.349303275795e+01,3.610100015067e+00,,,,2.215401410658e-01,1.656328684944e-01,1.494346107707e+00,4.346670263990e-01,6.522975805661e-01,-2.304362693514e-02,9.180236248668e-01,9.586832933899e-01,1.519215306200e-01,2.814809124049e-01,cgns_extracted_sensor_matrix,engineering_practical,ridge,1.000000000000e-04,0.000000000000e+00,False,
pod_mode_sensitivity,suboff_0000_u2p5_v0_w0,2.500000000000e+00,0.000000000000e+00,0.000000000000e+00,2.500000000000e+00,interpolation,all_surface,practical,,126,126,10,10,0.000000000000e+00,0.000000000000e+00,0,10,3.465209504846e+00,2.967724576400e+00,6.984000210650e-01,,,,4.419229207221e-01,3.411140706574e-01,3.595444059334e+00,8.874306416932e-01,1.187858225856e+00,8.004018237401e-02,-3.637145720585e+00,1.099305506373e-01,9.518611567687e-02,2.254264164991e+00,cgns_extracted_sensor_matrix,engineering_practical,ridge,1.000000000000e-04,0.000000000000e+00,False,
pod_mode_sensitivity,suboff_0000_u2p5_v0_w0,2.500000000000e+00,0.000000000000e+00,0.000000000000e+00,2.500000000000e+00,interpolation,all_surface,practical,,126,126,20,20,0.000000000000e+00,0.000000000000e+00,0,20,7.019804839675e+00,5.384124279851e+00,1.136999984737e+00,,,,3.133194251028e-01,2.550642123588e-01,2.362566681575e+00,5.959703802384e-01,7.384741313925e-01,-3.474245554585e-02,-1.330946637105e+00,3.274550725816e-01,6.811034293965e-02,1.613036778130e+00,cgns_extracted_sensor_matrix,engineering_practical,ridge,1.000000000000e-04,0.000000000000e+00,False,
pod_mode_sensitivity,suboff_0000_u2p5_v0_w0,2.500000000000e+00,0.000000000000e+00,0.000000000000e+00,2.500000000000e+00,interpolation,all_surface,practical,,126,126,30,30,0.000000000000e+00,0.000000000000e+00,0,30,8.545563041314e+00,6.633870775363e+00,1.543000020320e+00,,,,2.318130855858e-01,1.719662614636e-01,2.027549539708e+00,4.980363960850e-01,6.824831098795e-01,3.644592461489e-02,-2.759497898921e-01,5.804115806112e-01,4.917458304521e-02,1.164586868567e+00,cgns_extracted_sensor_matrix,engineering_practical,ridge,1.000000000000e-04,0.000000000000e+00,False,
pod_mode_sensitivity,suboff_0000_u2p5_v0_w0,2.500000000000e+00,0.000000000000e+00,0.000000000000e+00,2.500000000000e+00,interpolation,all_surface,practical,,126,126,40,40,0.000000000000e+00,0.000000000000e+00,0,40,1.127007950359e+01,9.632494707714e+00,1.758400001563e+00,,,,2.781255484102e-01,2.039090175742e-01,2.726569048631e+00,5.819797454280e-01,8.169794331161e-01,5.661675244720e-02,-8.367052127700e-01,4.801186323862e-01,6.030432290739e-02,1.428169152166e+00,cgns_extracted_sensor_matrix,engineering_practical,ridge,1.000000000000e-04,0.000000000000e+00,False,
pod_mode_sensitivity,suboff_0000_u2p5_v0_w0,2.500000000000e+00,0.000000000000e+00,0.000000000000e+00,2.500000000000e+00,interpolation,all_surface,practical,,126,126,50,50,0.000000000000e+00,0.000000000000e+00,0,50,1.367942552880e+01,1.228738009814e+01,2.501100010704e+00,,,,2.912763315378e-01,2.155813410314e-01,2.417760863833e+00,6.354836969192e-01,8.137470898706e-01,3.872419134142e-02,-1.014503757386e+00,4.992249859774e-01,6.268339100247e-02,1.484511906723e+00,cgns_extracted_sensor_matrix,engineering_practical,ridge,1.000000000000e-04,0.000000000000e+00,False,
pod_mode_sensitivity,suboff_0000_u2p5_v0_w0,2.500000000000e+00,0.000000000000e+00,0.000000000000e+00,2.500000000000e+00,interpolation,all_surface,practical,,126,126,60,60,0.000000000000e+00,0.000000000000e+00,0,60,1.729732984218e+01,1.559199971028e+01,2.724199992372e+00,,,,3.166129606070e-01,2.364201132629e-01,2.231941388685e+00,6.698263034713e-01,9.145374859628e-01,1.679949831074e-02,-1.380208856640e+00,4.425522239946e-01,6.901171615129e-02,1.634383728951e+00,cgns_extracted_sensor_matrix,engineering_practical,ridge,1.000000000000e-04,0.000000000000e+00,False,
pod_mode_sensitivity,suboff_0000_u2p5_v0_w0,2.500000000000e+00,0.000000000000e+00,0.000000000000e+00,2.500000000000e+00,interpolation,all_surface,practical,,126,126,70,70,0.000000000000e+00,0.000000000000e+00,0,70,2.825453647861e+01,2.593958796565e+01,3.005200007465e+00,,,,2.703323135240e-01,2.005422801247e-01,1.970126992697e+00,5.564618172807e-01,7.347948431283e-01,4.646629948960e-02,-7.352162716118e-01,5.114279463867e-01,5.855110275047e-02,1.386648166200e+00,cgns_extracted_sensor_matrix,engineering_practical,ridge,1.000000000000e-04,0.000000000000e+00,False,
pod_mode_sensitivity,suboff_0000_u2_v-1_w0p5,2.000000000000e+00,-1.000000000000e+00,5.000000000000e-01,2.291287847478e+00,interpolation,all_surface,practical,,126,126,10,10,0.000000000000e+00,0.000000000000e+00,0,10,3.465209504846e+00,2.967724576400e+00,8.257000008598e-01,,,,3.296070616467e-01,2.603595848272e-01,3.063834329717e+00,5.985485155281e-01,1.005482325402e+00,1.460504260322e-02,-2.337497230217e-01,3.344872949862e-01,1.343596531074e-01,1.129015146881e+00,cgns_extracted_sensor_matrix,engineering_practical,ridge,1.000000000000e-04,0.000000000000e+00,False,
pod_mode_sensitivity,suboff_0000_u2_v-1_w0p5,2.000000000000e+00,-1.000000000000e+00,5.000000000000e-01,2.291287847478e+00,interpolation,all_surface,practical,,126,126,20,20,0.000000000000e+00,0.000000000000e+00,0,20,7.019804839675e+00,5.384124279851e+00,1.415300008375e+00,,,,2.359226513349e-01,1.827815195892e-01,2.760388381200e+00,4.708554587857e-01,6.599299572160e-01,3.544511836010e-02,3.679181303873e-01,7.138483779809e-01,9.728680715572e-02,8.174945106670e-01,cgns_extracted_sensor_matrix,engineering_practical,ridge,1.000000000000e-04,0.000000000000e+00,False,
pod_mode_sensitivity,suboff_0000_u2_v-1_w0p5,2.000000000000e+00,-1.000000000000e+00,5.000000000000e-01,2.291287847478e+00,interpolation,all_surface,practical,,126,126,30,30,0.000000000000e+00,0.000000000000e+00,0,30,8.545563041314e+00,6.633870775363e+00,2.282000001287e+00,,,,2.218386674020e-01,1.604832311057e-01,2.658819910583e+00,4.556794929203e-01,6.860047230123e-01,8.969306820653e-03,4.411328941570e-01,7.481982390619e-01,8.987700726867e-02,7.552304595597e-01,cgns_extracted_sensor_matrix,engineering_practical,ridge,1.000000000000e-04,0.000000000000e+00,False,
pod_mode_sensitivity,suboff_0000_u2_v-1_w0p5,2.000000000000e+00,-1.000000000000e+00,5.000000000000e-01,2.291287847478e+00,interpolation,all_surface,practical,,126,126,40,40,0.000000000000e+00,0.000000000000e+00,0,40,1.127007950359e+01,9.632494707714e+00,2.505199983716e+00,,,,2.268715067357e-01,1.672319080811e-01,2.172668286532e+00,4.734937284376e-01,6.743999315586e-01,3.524644768569e-02,4.154872840004e-01,7.473783699823e-01,9.381582238215e-02,7.883280585862e-01,cgns_extracted_sensor_matrix,engineering_practical,ridge,1.000000000000e-04,0.000000000000e+00,False,
pod_mode_sensitivity,suboff_0000_u2_v-1_w0p5,2.000000000000e+00,-1.000000000000e+00,5.000000000000e-01,2.291287847478e+00,interpolation,all_surface,practical,,126,126,50,50,0.000000000000e+00,0.000000000000e+00,0,50,1.367942552880e+01,1.228738009814e+01,3.027099999599e+00,,,,2.391005635032e-01,1.754121467659e-01,1.925723485946e+00,5.044092605645e-01,7.384262548424e-01,2.864253999410e-02,3.507749743801e-01,7.285810325524e-01,9.938140273624e-02,8.350952567415e-01,cgns_extracted_sensor_matrix,engineering_practical,ridge,1.000000000000e-04,0.000000000000e+00,False,
pod_mode_sensitivity,suboff_0000_u2_v-1_w0p5,2.000000000000e+00,-1.000000000000e+00,5.000000000000e-01,2.291287847478e+00,interpolation,all_surface,practical,,126,126,60,60,0.000000000000e+00,0.000000000000e+00,0,60,1.729732984218e+01,1.559199971028e+01,3.466399997706e+00,,,,2.377242356283e-01,1.738679624480e-01,2.290853111531e+00,4.913690643028e-01,7.018013370348e-01,3.709222952703e-02,3.582276941769e-01,7.335821937591e-01,9.772858849598e-02,8.212067696170e-01,cgns_extracted_sensor_matrix,engineering_practical,ridge,1.000000000000e-04,0.000000000000e+00,False,
pod_mode_sensitivity,suboff_0000_u2_v-1_w0p5,2.000000000000e+00,-1.000000000000e+00,5.000000000000e-01,2.291287847478e+00,interpolation,all_surface,practical,,126,126,70,70,0.000000000000e+00,0.000000000000e+00,0,70,2.825453647861e+01,2.593958796565e+01,3.818500001216e+00,,,,2.344953011784e-01,1.641223484314e-01,2.012519149364e+00,4.976768644454e-01,7.465451201838e-01,3.307182618321e-02,3.755432817181e-01,7.172125690308e-01,9.576864902155e-02,8.047375297639e-01,cgns_extracted_sensor_matrix,engineering_practical,ridge,1.000000000000e-04,0.000000000000e+00,False,
pod_mode_sensitivity,suboff_0000_u2_v1_w0p5,2.000000000000e+00,1.000000000000e+00,5.000000000000e-01,2.291287847478e+00,interpolation,all_surface,practical,,126,126,10,10,0.000000000000e+00,0.000000000000e+00,0,10,3.465209504846e+00,2.967724576400e+00,5.784999812022e-01,,,,3.750559892220e-01,2.925402927888e-01,4.100741148197e+00,7.066489725723e-01,1.053374405742e+00,1.409570956622e-01,-5.660604975817e-01,3.073739376596e-01,1.164981628600e-01,1.293052226671e+00,cgns_extracted_sensor_matrix,engineering_practical,ridge,1.000000000000e-04,0.000000000000e+00,False,
pod_mode_sensitivity,suboff_0000_u2_v1_w0p5,2.000000000000e+00,1.000000000000e+00,5.000000000000e-01,2.291287847478e+00,interpolation,all_surface,practical,,126,126,20,20,0.000000000000e+00,0.000000000000e+00,0,20,7.019804839675e+00,5.384124279851e+00,8.993000083137e-01,,,,2.423783954340e-01,1.882038723600e-01,2.896778403699e+00,4.458784016463e-01,6.628267698324e-01,2.722594850665e-02,3.459602601959e-01,6.701385519830e-01,7.548322326842e-02,8.378136403818e-01,cgns_extracted_sensor_matrix,engineering_practical,ridge,1.000000000000e-04,0.000000000000e+00,False,
pod_mode_sensitivity,suboff_0000_u2_v1_w0p5,2.000000000000e+00,1.000000000000e+00,5.000000000000e-01,2.291287847478e+00,interpolation,all_surface,practical,,126,126,30,30,0.000000000000e+00,0.000000000000e+00,0,30,8.545563041314e+00,6.633870775363e+00,1.408000010997e+00,,,,2.297022677416e-01,1.762158458079e-01,2.997423570747e+00,4.269179756609e-01,6.836916997910e-01,8.788045749022e-03,4.125824866068e-01,6.751921518214e-01,7.079995032260e-02,7.858324214335e-01,cgns_extracted_sensor_matrix,engineering_practical,ridge,1.000000000000e-04,0.000000000000e+00,False,
pod_mode_sensitivity,suboff_0000_u2_v1_w0p5,2.000000000000e+00,1.000000000000e+00,5.000000000000e-01,2.291287847478e+00,interpolation,all_surface,practical,,126,126,40,40,0.000000000000e+00,0.000000000000e+00,0,40,1.127007950359e+01,9.632494707714e+00,1.836399984313e+00,,,,2.594885466563e-01,1.890533440371e-01,3.521891333684e+00,5.213920769966e-01,7.616155094240e-01,-1.567247647943e-02,2.503600686233e-01,5.869925191493e-01,8.006522728108e-02,8.886708414374e-01,cgns_extracted_sensor_matrix,engineering_practical,ridge,1.000000000000e-04,0.000000000000e+00,False,
pod_mode_sensitivity,suboff_0000_u2_v1_w0p5,2.000000000000e+00,1.000000000000e+00,5.000000000000e-01,2.291287847478e+00,interpolation,all_surface,practical,,126,126,50,50,0.000000000000e+00,0.000000000000e+00,0,50,1.367942552880e+01,1.228738009814e+01,2.174399996875e+00,,,,2.870307513850e-01,2.032411342469e-01,3.059935851655e+00,6.017678610739e-01,9.190032104902e-01,-2.797349457569e-02,8.278070804684e-02,5.608584198430e-01,8.878862746221e-02,9.854947891413e-01,cgns_extracted_sensor_matrix,engineering_practical,ridge,1.000000000000e-04,0.000000000000e+00,False,
pod_mode_sensitivity,suboff_0000_u2_v1_w0p5,2.000000000000e+00,1.000000000000e+00,5.000000000000e-01,2.291287847478e+00,interpolation,all_surface,practical,,126,126,60,60,0.000000000000e+00,0.000000000000e+00,0,60,1.729732984218e+01,1.559199971028e+01,2.829699980794e+00,,,,2.603820005087e-01,1.868388396671e-01,1.853055758032e+00,5.581278094339e-01,8.423639419604e-01,1.304802290923e-03,2.451889599567e-01,6.645014343680e-01,8.158301660880e-02,9.055172948204e-01,cgns_extracted_sensor_matrix,engineering_practical,ridge,1.000000000000e-04,0.000000000000e+00,False,
pod_mode_sensitivity,suboff_0000_u2_v1_w0p5,2.000000000000e+00,1.000000000000e+00,5.000000000000e-01,2.291287847478e+00,interpolation,all_surface,practical,,126,126,70,70,0.000000000000e+00,0.000000000000e+00,0,70,2.825453647861e+01,2.593958796565e+01,3.259499993874e+00,,,,2.770212050130e-01,1.969347910818e-01,3.005388247253e+00,5.830119475590e-01,8.344297893727e-01,3.167529754116e-02,1.456371553545e-01,6.514960055748e-01,8.744947057049e-02,9.706310371457e-01,cgns_extracted_sensor_matrix,engineering_practical,ridge,1.000000000000e-04,0.000000000000e+00,False,
pod_mode_sensitivity,suboff_0000_u3p5_v0_w0,3.500000000000e+00,0.000000000000e+00,0.000000000000e+00,3.500000000000e+00,extrapolation,all_surface,practical,,126,126,10,10,0.000000000000e+00,0.000000000000e+00,0,10,3.465209504846e+00,2.967724576400e+00,8.823999960441e-01,,,,3.878636902384e-01,2.935899666839e-01,4.286145418224e+00,7.410570997327e-01,1.065702957167e+00,1.012047272596e-01,-2.622438012391e+00,-9.979084727207e-02,4.002427663402e-01,2.007975322843e+00,cgns_extracted_sensor_matrix,engineering_practical,ridge,1.000000000000e-04,0.000000000000e+00,False,
pod_mode_sensitivity,suboff_0000_u3p5_v0_w0,3.500000000000e+00,0.000000000000e+00,0.000000000000e+00,3.500000000000e+00,extrapolation,all_surface,practical,,126,126,20,20,0.000000000000e+00,0.000000000000e+00,0,20,7.019804839675e+00,5.384124279851e+00,1.246300002094e+00,,,,2.322639509978e-01,1.798994675066e-01,1.381149347055e+00,4.735679278807e-01,6.188430497517e-01,-1.808864760866e-02,-2.989915655306e-01,6.105876393056e-01,2.481053978308e-01,1.244718351474e+00,cgns_extracted_sensor_matrix,engineering_practical,ridge,1.000000000000e-04,0.000000000000e+00,False,
pod_mode_sensitivity,suboff_0000_u3p5_v0_w0,3.500000000000e+00,0.000000000000e+00,0.000000000000e+00,3.500000000000e+00,extrapolation,all_surface,practical,,126,126,30,30,0.000000000000e+00,0.000000000000e+00,0,30,8.545563041314e+00,6.633870775363e+00,1.857399998698e+00,,,,1.667436390371e-01,1.286357882929e-01,9.523500651183e-01,3.397442336632e-01,4.461874986774e-01,2.628269168009e-03,3.305143648690e-01,7.728662227168e-01,1.764055478300e-01,8.850078418510e-01,cgns_extracted_sensor_matrix,engineering_practical,ridge,1.000000000000e-04,0.000000000000e+00,False,
pod_mode_sensitivity,suboff_0000_u3p5_v0_w0,3.500000000000e+00,0.000000000000e+00,0.000000000000e+00,3.500000000000e+00,extrapolation,all_surface,practical,,126,126,40,40,0.000000000000e+00,0.000000000000e+00,0,40,1.127007950359e+01,9.632494707714e+00,2.166699996451e+00,,,,1.389448748990e-01,1.063439392319e-01,1.145220379815e+00,2.855661773885e-01,4.212386719754e-01,3.333570021302e-02,5.351340074082e-01,8.141774705533e-01,1.464947791325e-01,7.349487015420e-01,cgns_extracted_sensor_matrix,engineering_practical,ridge,1.000000000000e-04,0.000000000000e+00,False,
pod_mode_sensitivity,suboff_0000_u3p5_v0_w0,3.500000000000e+00,0.000000000000e+00,0.000000000000e+00,3.500000000000e+00,extrapolation,all_surface,practical,,126,126,50,50,0.000000000000e+00,0.000000000000e+00,0,50,1.367942552880e+01,1.228738009814e+01,2.543200011132e+00,,,,1.390195454683e-01,1.055178435395e-01,1.210787769192e+00,2.786223589123e-01,4.245408320445e-01,1.008110688853e-02,5.346342245179e-01,8.121701061588e-01,1.468757448543e-01,7.368599659860e-01,cgns_extracted_sensor_matrix,engineering_practical,ridge,1.000000000000e-04,0.000000000000e+00,False,
pod_mode_sensitivity,suboff_0000_u3p5_v0_w0,3.500000000000e+00,0.000000000000e+00,0.000000000000e+00,3.500000000000e+00,extrapolation,all_surface,practical,,126,126,60,60,0.000000000000e+00,0.000000000000e+00,0,60,1.729732984218e+01,1.559199971028e+01,2.977700001793e+00,,,,1.291990527927e-01,9.343406600199e-02,1.363786013656e+00,2.598565936323e-01,4.103637463120e-01,-1.642999686666e-02,5.980598672387e-01,8.325758129762e-01,1.348851128228e-01,6.767042423865e-01,cgns_extracted_sensor_matrix,engineering_practical,ridge,1.000000000000e-04,0.000000000000e+00,False,
pod_mode_sensitivity,suboff_0000_u3p5_v0_w0,3.500000000000e+00,0.000000000000e+00,0.000000000000e+00,3.500000000000e+00,extrapolation,all_surface,practical,,126,126,70,70,0.000000000000e+00,0.000000000000e+00,0,70,2.825453647861e+01,2.593958796565e+01,3.607599996030e+00,,,,9.987622293581e-02,7.109473725437e-02,8.295639043531e-01,2.154775968413e-01,3.269639696687e-01,-6.443832828844e-03,7.598033575491e-01,8.858518114354e-01,1.050051422690e-01,5.267996130842e-01,cgns_extracted_sensor_matrix,engineering_practical,ridge,1.000000000000e-04,0.000000000000e+00,False,
pod_mode_sensitivity,suboff_0000_u3p5_v1_w0,3.500000000000e+00,1.000000000000e+00,0.000000000000e+00,3.640054944640e+00,extrapolation,all_surface,practical,,126,126,10,10,0.000000000000e+00,0.000000000000e+00,0,10,3.465209504846e+00,2.967724576400e+00,7.890000124462e-01,,,,4.368610812001e-01,3.369831707233e-01,3.793531396469e+00,7.871486327605e-01,1.119636383985e+00,1.877022720894e-01,-1.174007027673e+00,2.029294976183e-01,2.880367484002e-01,1.604546641702e+00,cgns_extracted_sensor_matrix,engineering_practical,ridge,1.000000000000e-04,0.000000000000e+00,False,
pod_mode_sensitivity,suboff_0000_u3p5_v1_w0,3.500000000000e+00,1.000000000000e+00,0.000000000000e+00,3.640054944640e+00,extrapolation,all_surface,practical,,126,126,20,20,0.000000000000e+00,0.000000000000e+00,0,20,7.019804839675e+00,5.384124279851e+00,1.076899992768e+00,,,,2.711954169253e-01,1.967836540273e-01,2.521200443780e+00,5.491317942906e-01,7.961962252691e-01,4.822960677515e-02,1.622027647431e-01,6.501924207479e-01,1.764202005581e-01,9.827719619326e-01,cgns_extracted_sensor_matrix,engineering_practical,ridge,1.000000000000e-04,0.000000000000e+00,False,
pod_mode_sensitivity,suboff_0000_u3p5_v1_w0,3.500000000000e+00,1.000000000000e+00,0.000000000000e+00,3.640054944640e+00,extrapolation,all_surface,practical,,126,126,30,30,0.000000000000e+00,0.000000000000e+00,0,30,8.545563041314e+00,6.633870775363e+00,1.480400009314e+00,,,,2.202577348486e-01,1.565779463877e-01,2.518045140499e+00,4.138079325778e-01,6.405536756176e-01,6.186169276748e-02,4.473673138246e-01,7.644640527380e-01,1.385972877200e-01,7.720744446510e-01,cgns_extracted_sensor_matrix,engineering_practical,ridge,1.000000000000e-04,0.000000000000e+00,False,
pod_mode_sensitivity,suboff_0000_u3p5_v1_w0,3.500000000000e+00,1.000000000000e+00,0.000000000000e+00,3.640054944640e+00,extrapolation,all_surface,practical,,126,126,40,40,0.000000000000e+00,0.000000000000e+00,0,40,1.127007950359e+01,9.632494707714e+00,1.844599988544e+00,,,,2.037780931505e-01,1.375428766512e-01,2.769133971423e+00,3.767970072094e-01,6.467842458506e-01,6.004917269070e-02,5.269694182036e-01,7.866209317749e-01,1.250064595446e-01,6.963649463735e-01,cgns_extracted_sensor_matrix,engineering_practical,ridge,1.000000000000e-04,0.000000000000e+00,False,
pod_mode_sensitivity,suboff_0000_u3p5_v1_w0,3.500000000000e+00,1.000000000000e+00,0.000000000000e+00,3.640054944640e+00,extrapolation,all_surface,practical,,126,126,50,50,0.000000000000e+00,0.000000000000e+00,0,50,1.367942552880e+01,1.228738009814e+01,2.206799981650e+00,,,,1.898190109162e-01,1.384841793159e-01,2.475276804258e+00,3.827814021496e-01,5.548854901184e-01,3.782218314887e-02,5.895562533857e-01,8.373637820435e-01,1.230877431281e-01,6.856764838785e-01,cgns_extracted_sensor_matrix,engineering_practical,ridge,1.000000000000e-04,0.000000000000e+00,False,
pod_mode_sensitivity,suboff_0000_u3p5_v1_w0,3.500000000000e+00,1.000000000000e+00,0.000000000000e+00,3.640054944640e+00,extrapolation,all_surface,practical,,126,126,60,60,0.000000000000e+00,0.000000000000e+00,0,60,1.729732984218e+01,1.559199971028e+01,2.804099989589e+00,,,,1.639427605060e-01,1.115785743889e-01,2.218504122435e+00,3.122034863504e-01,4.781237717271e-01,1.525808997162e-02,6.938327606938e-01,8.650432888021e-01,1.011046968687e-01,5.632170295006e-01,cgns_extracted_sensor_matrix,engineering_practical,ridge,1.000000000000e-04,0.000000000000e+00,False,
pod_mode_sensitivity,suboff_0000_u3p5_v1_w0,3.500000000000e+00,1.000000000000e+00,0.000000000000e+00,3.640054944640e+00,extrapolation,all_surface,practical,,126,126,70,70,0.000000000000e+00,0.000000000000e+00,0,70,2.825453647861e+01,2.593958796565e+01,3.088500001468e+00,,,,1.822904726300e-01,1.270705723219e-01,2.335076310462e+00,3.688883118247e-01,5.510215296745e-01,2.423697201695e-02,6.214683716645e-01,8.594533164638e-01,1.176775300155e-01,6.555381792040e-01,cgns_extracted_sensor_matrix,engineering_practical,ridge,1.000000000000e-04,0.000000000000e+00,False,
