case_id,speed_m_s,split_type,part_name,method,sensor_count,mode_count,noise_level,force_x_n_truth,force_x_n_prediction,force_x_n_signed_error,force_x_n_relative_error,force_y_n_truth,force_y_n_prediction,force_y_n_signed_error,force_y_n_relative_error,force_z_n_truth,force_z_n_prediction,force_z_n_signed_error,force_z_n_relative_error,moment_x_nm_truth,moment_x_nm_prediction,moment_x_nm_signed_error,moment_x_nm_relative_error,moment_y_nm_truth,moment_y_nm_prediction,moment_y_nm_signed_error,moment_y_nm_relative_error,moment_z_nm_truth,moment_z_nm_prediction,moment_z_nm_signed_error,moment_z_nm_relative_error,coefficient_force_x_truth,coefficient_force_x_prediction,coefficient_force_x_signed_error,coefficient_force_x_relative_error,coefficient_force_y_truth,coefficient_force_y_prediction,coefficient_force_y_signed_error,coefficient_force_y_relative_error,coefficient_force_z_truth,coefficient_force_z_prediction,coefficient_force_z_signed_error,coefficient_force_z_relative_error,coefficient_moment_x_truth,coefficient_moment_x_prediction,coefficient_moment_x_signed_error,coefficient_moment_x_relative_error,coefficient_moment_y_truth,coefficient_moment_y_prediction,coefficient_moment_y_signed_error,coefficient_moment_y_relative_error,coefficient_moment_z_truth,coefficient_moment_z_prediction,coefficient_moment_z_signed_error,coefficient_moment_z_relative_error
suboff_0000_u-0p5_v-0p5_w-0p5,8.660254037844e-01,interpolation,all_surface,mean_field,0,0,0.000000000000e+00,6.222339863555e+00,-3.997099250846e+01,-4.619333237202e+01,7.423788058023e+00,-1.567831283024e+02,1.027709351941e+01,1.670602218218e+02,1.065549741421e+00,-1.373811889753e+02,-7.726591017278e+01,6.011527880251e+01,4.375801319737e-01,1.027858485279e+01,-2.245307016773e-01,-1.050311555446e+01,1.021844515066e+00,3.484894015507e+02,7.734823210074e+01,-2.711411694500e+02,7.780471034225e-01,-4.613614062724e+02,2.318462157096e+01,4.845460278433e+02,1.050252624636e+00,8.205957251697e-02,-5.271333019809e-01,-6.091928744979e-01,7.423788058023e+00,-2.067639628900e+00,1.355332430264e-01,2.203172871926e+00,1.065549741421e+00,-1.811768866117e+00,-1.018974806575e+00,7.927940595412e-01,4.375801319737e-01,3.111866633981e-02,-6.797721757040e-04,-3.179843851551e-02,1.021844515066e+00,1.055060162963e+00,2.341736592333e-01,-8.208865037301e-01,7.780471034225e-01,-1.396782910243e+00,7.019200728645e-02,1.466974917529e+00,1.050252624636e+00
suboff_0000_u-0p5_v-0p5_w-0p5,8.660254037844e-01,interpolation,all_surface,practical,126,30,0.000000000000e+00,6.222339863555e+00,8.463483298392e+00,2.241143434837e+00,3.601769565760e-01,-1.567831283024e+02,-1.829139401800e+02,-2.613081187759e+01,1.666685195054e-01,-1.373811889753e+02,-1.529712779770e+02,-1.559008900174e+01,1.134805217368e-01,1.027858485279e+01,1.091103001626e+01,6.324451634748e-01,6.153037334739e-02,3.484894015507e+02,4.091126192206e+02,6.062321766995e+01,1.739600039490e-01,-4.613614062724e+02,-4.732712567824e+02,-1.190985051008e+01,2.581457908737e-02,8.205957251697e-02,1.116155396041e-01,2.955596708709e-02,3.601769565760e-01,-2.067639628900e+00,-2.412250064719e+00,-3.446104358194e-01,1.666685195054e-01,-1.811768866117e+00,-2.017369342310e+00,-2.056004761934e-01,1.134805217368e-01,3.111866633981e-02,3.303340949777e-02,1.914743157961e-03,6.153037334739e-02,1.055060162963e+00,1.238598433079e+00,1.835382701155e-01,1.739600039490e-01,-1.396782910243e+00,-1.432840273147e+00,-3.605736290435e-02,2.581457908737e-02
suboff_0000_u-0p5_v-0p5_w0p5,8.660254037844e-01,interpolation,all_surface,mean_field,0,0,0.000000000000e+00,3.123715677216e+01,-3.997099250846e+01,-7.120814928062e+01,2.279597653525e+00,-2.697642930778e+02,1.027709351941e+01,2.800413865972e+02,1.038096567200e+00,1.492110402217e+02,-7.726591017278e+01,-2.264769503945e+02,1.517829713257e+00,5.654642888687e+00,-2.245307016773e-01,-5.879173590364e+00,1.039707317703e+00,-4.993558642380e+02,7.734823210074e+01,5.767040963387e+02,1.154896012323e+00,-7.608051329573e+02,2.318462157096e+01,7.839897545283e+02,1.030473797516e+00,4.119523824764e-01,-5.271333019809e-01,-9.390856844573e-01,2.279597653525e+00,-3.557623507511e+00,1.355332430264e-01,3.693156750537e+00,1.038096567200e+00,1.967779716939e+00,-1.018974806575e+00,-2.986754523515e+00,1.517829713257e+00,1.711956926406e-02,-6.797721757040e-04,-1.779934143976e-02,1.039707317703e+00,-1.511812058431e+00,2.341736592333e-01,1.745985717664e+00,1.154896012323e+00,-2.303356096310e+00,7.019200728645e-02,2.373548103597e+00,1.030473797516e+00
suboff_0000_u-0p5_v-0p5_w0p5,8.660254037844e-01,interpolation,all_surface,practical,126,30,0.000000000000e+00,3.123715677216e+01,2.375061112971e+01,-7.486545642451e+00,2.396679600854e-01,-2.697642930778e+02,-2.852637042155e+02,-1.549941113769e+01,5.745538433146e-02,1.492110402217e+02,1.652284390551e+02,1.601739883337e+01,1.073472767804e-01,5.654642888687e+00,6.551881222288e+00,8.972383336010e-01,1.586728554329e-01,-4.993558642380e+02,-5.435478259158e+02,-4.419196167783e+01,8.849793272233e-02,-7.608051329573e+02,-7.307844354673e+02,3.002069749008e+01,3.945911533665e-02,4.119523824764e-01,3.132205953160e-01,-9.873178716042e-02,2.396679600854e-01,-3.557623507511e+00,-3.762028133441e+00,-2.044046259307e-01,5.745538433146e-02,1.967779716939e+00,2.179015510856e+00,2.112357939171e-01,1.073472767804e-01,1.711956926406e-02,1.983598020297e-02,2.716410938909e-03,1.586728554329e-01,-1.511812058431e+00,-1.645604300267e+00,-1.337922418358e-01,8.849793272233e-02,-2.303356096310e+00,-2.212467702445e+00,9.088839386568e-02,3.945911533665e-02
suboff_0000_u-0p5_v-1_w-2,2.291287847478e+00,interpolation,all_surface,mean_field,0,0,0.000000000000e+00,-2.304291048837e+02,-2.889188872147e+02,-5.848978233102e+01,2.538298378607e-01,-1.056849166577e+03,6.086148095455e+01,1.117710647532e+03,1.057587669915e+00,-1.837226010817e+03,-5.053396366501e+02,1.331886374167e+03,7.249442182535e-01,1.105396473620e+02,-1.331509816313e+00,-1.118711571784e+02,1.012045540655e+00,4.561025638796e+03,5.235438478840e+02,-4.037481790912e+03,8.852135705113e-01,-2.738916290030e+03,1.441430555931e+02,2.883059345623e+03,1.052627769647e+00,-4.341250181228e-01,-5.443189010842e-01,-1.101938829614e-01,2.538298378607e-01,-1.991088164948e+00,1.146621280142e-01,2.105750292962e+00,1.057587669915e+00,-3.461306572553e+00,-9.520523851778e-01,2.509254187375e+00,7.249442182535e-01,4.780878264088e-02,-5.758826349771e-04,-4.838466527586e-02,1.012045540655e+00,1.972659480905e+00,2.264345384103e-01,-1.746224942495e+00,8.852135705113e-01,-1.184590838731e+00,6.234237378621e-02,1.246933212517e+00,1.052627769647e+00
suboff_0000_u-0p5_v-1_w-2,2.291287847478e+00,interpolation,all_surface,practical,126,30,0.000000000000e+00,-2.304291048837e+02,-2.038648405162e+02,2.656426436751e+01,1.152817235519e-01,-1.056849166577e+03,-1.167802887230e+03,-1.109537206530e+02,1.049853887971e-01,-1.837226010817e+03,-1.641121471337e+03,1.961045394801e+02,1.067394747982e-01,1.105396473620e+02,9.542707416319e+01,-1.511257319886e+01,1.367163145488e-01,4.561025638796e+03,4.432497607663e+03,-1.285280311336e+02,2.817963355442e-02,-2.738916290030e+03,-2.929877450084e+03,-1.909611600537e+02,6.972142987677e-02,-4.341250181228e-01,-3.840783377966e-01,5.004668032620e-02,1.152817235519e-01,-1.991088164948e+00,-2.200123330074e+00,-2.090351651264e-01,1.049853887971e-01,-3.461306572553e+00,-3.091848526883e+00,3.694580456698e-01,1.067394747982e-01,4.780878264088e-02,4.127254207516e-02,-6.536240565723e-03,1.367163145488e-01,1.972659480905e+00,1.917070659606e+00,-5.558882129957e-02,2.817963355442e-02,-1.184590838731e+00,-1.267182205826e+00,-8.259136709523e-02,6.972142987677e-02
suboff_0000_u-0p5_v0p5_w-0p5,8.660254037844e-01,interpolation,all_surface,mean_field,0,0,0.000000000000e+00,2.251079607644e+01,-3.997099250846e+01,-6.248178858490e+01,2.775636560019e+00,1.870096147599e+02,1.027709351941e+01,-1.767325212405e+02,9.450451061963e-01,-2.797374380102e+02,-7.726591017278e+01,2.024715278374e+02,7.237913140179e-01,-1.030218789172e+01,-2.245307016773e-01,1.007765719004e+01,9.782055322581e-01,7.952897890301e+02,7.734823210074e+01,-7.179415569294e+02,9.027420782114e-01,5.766259027841e+02,2.318462157096e+01,-5.534412812131e+02,9.597926117106e-01,2.968700430314e-01,-5.271333019809e-01,-8.240033450123e-01,2.775636560019e+00,2.466263396130e+00,1.355332430264e-01,-2.330730153103e+00,9.450451061963e-01,-3.689148308108e+00,-1.018974806575e+00,2.670173501533e+00,7.237913140179e-01,-3.119012511585e-02,-6.797721757040e-04,3.051035294014e-02,9.782055322581e-01,2.407759233663e+00,2.341736592333e-01,-2.173585574429e+00,9.027420782114e-01,1.745748984770e+00,7.019200728645e-02,-1.675556977484e+00,9.597926117106e-01
suboff_0000_u-0p5_v0p5_w-0p5,8.660254037844e-01,interpolation,all_surface,practical,126,30,0.000000000000e+00,2.251079607644e+01,2.062228662427e+01,-1.888509452169e+00,8.389349917953e-02,1.870096147599e+02,2.215164334535e+02,3.450681869354e+01,1.845189550165e-01,-2.797374380102e+02,-2.587888306495e+02,2.094860736064e+01,7.488667769910e-02,-1.030218789172e+01,-1.209760854786e+01,-1.795420656141e+00,1.742756660054e-01,7.952897890301e+02,7.233313750360e+02,-7.195841399415e+01,9.048074675007e-02,5.766259027841e+02,6.693151335063e+02,9.268923072218e+01,1.607441328505e-01,2.968700430314e-01,2.719645763199e-01,-2.490546671148e-02,8.389349917953e-02,2.466263396130e+00,2.921335740779e+00,4.550723446493e-01,1.845189550165e-01,-3.689148308108e+00,-3.412880247775e+00,2.762680603335e-01,7.488667769910e-02,-3.119012511585e-02,-3.662580494320e-02,-5.435679827355e-03,1.742756660054e-01,2.407759233663e+00,2.189903380206e+00,-2.178558534562e-01,9.048074675007e-02,1.745748984770e+00,2.026367891502e+00,2.806189067316e-01,1.607441328505e-01
suboff_0000_u-0p5_v0p5_w0p5,8.660254037844e-01,interpolation,all_surface,mean_field,0,0,0.000000000000e+00,2.942582602400e+01,-3.997099250846e+01,-6.939681853246e+01,2.358364331926e+00,2.218275209657e+02,1.027709351941e+01,-2.115504274463e+02,9.536707912766e-01,1.638543158842e+02,-7.726591017278e+01,-2.411202260569e+02,1.471552487073e+00,-5.477348751279e+00,-2.245307016773e-01,5.252818049602e+00,9.590074118204e-01,-5.442924304291e+02,7.734823210074e+01,6.216406625298e+02,1.142107859262e+00,6.032343433835e+02,2.318462157096e+01,-5.800497218125e+02,9.615661445253e-01,3.880647405056e-01,-5.271333019809e-01,-9.151980424865e-01,2.358364331926e+00,2.925438330613e+00,1.355332430264e-01,-2.789905087586e+00,9.536707912766e-01,2.160893717051e+00,-1.018974806575e+00,-3.179868523627e+00,1.471552487073e+00,-1.658280693880e-02,-6.797721757040e-04,1.590303476309e-02,9.590074118204e-01,-1.647858608592e+00,2.341736592333e-01,1.882032267825e+00,1.142107859262e+00,1.826306687673e+00,7.019200728645e-02,-1.756114680387e+00,9.615661445253e-01
suboff_0000_u-0p5_v0p5_w0p5,8.660254037844e-01,interpolation,all_surface,practical,126,30,0.000000000000e+00,2.942582602400e+01,2.580546459487e+01,-3.620361429132e+00,1.230334681575e-01,2.218275209657e+02,2.890678589032e+02,6.724033793756e+01,3.031199088591e-01,1.638543158842e+02,1.625304762698e+02,-1.323839614396e+00,8.079369818567e-03,-5.477348751279e+00,-6.345858658009e+00,-8.685099067302e-01,1.585639231987e-01,-5.442924304291e+02,-5.394288407956e+02,4.863589633463e+00,8.935618725450e-03,6.032343433835e+02,7.108069333285e+02,1.075725899450e+02,1.783263687237e-01,3.880647405056e-01,3.403197896115e-01,-4.774495089405e-02,1.230334681575e-01,2.925438330613e+00,3.812196930761e+00,8.867586001483e-01,3.031199088591e-01,2.160893717051e+00,2.143435057573e+00,-1.745865947868e-02,8.079369818567e-03,-1.658280693880e-02,-1.921224186466e-02,-2.629434925862e-03,1.585639231987e-01,-1.647858608592e+00,-1.633133972352e+00,1.472463623982e-02,8.935618725450e-03,1.826306687673e+00,2.151985327462e+00,3.256786397886e-01,1.783263687237e-01
suboff_0000_u-0p5_v1_w2,2.291287847478e+00,interpolation,all_surface,mean_field,0,0,0.000000000000e+00,-1.239232420978e+02,-2.889188872147e+02,-1.649956451170e+02,1.331434219473e+00,9.100487916213e+02,6.086148095455e+01,-8.491873106667e+02,9.331228374622e-01,1.591328293580e+03,-5.053396366501e+02,-2.096667930230e+03,1.317558381064e+00,1.252942718185e+01,-1.331509816313e+00,-1.386093699816e+01,1.106270605750e+00,-4.285241098952e+03,5.235438478840e+02,4.808784946836e+03,1.122173720403e+00,2.527151059127e+03,1.441430555931e+02,-2.383008003534e+03,9.429622320864e-01,-2.334695512907e-01,-5.443189010842e-01,-3.108493497935e-01,1.331434219473e+00,1.714518434443e+00,1.146621280142e-01,-1.599856306428e+00,9.331228374622e-01,2.998038918036e+00,-9.520523851778e-01,-3.950091303214e+00,1.317558381064e+00,5.419020912829e-03,-5.758826349771e-04,-5.994903547806e-03,1.106270605750e+00,-1.853381706498e+00,2.264345384103e-01,2.079816244908e+00,1.122173720403e+00,1.093001638505e+00,6.234237378621e-02,-1.030659264719e+00,9.429622320864e-01
suboff_0000_u-0p5_v1_w2,2.291287847478e+00,interpolation,all_surface,practical,126,30,0.000000000000e+00,-1.239232420978e+02,-1.377568692817e+02,-1.383362718394e+01,1.116306106084e-01,9.100487916213e+02,7.094696742943e+02,-2.005791173270e+02,2.204047949667e-01,1.591328293580e+03,9.457803869320e+02,-6.455479066476e+02,4.056660773595e-01,1.252942718185e+01,2.310161010067e+01,1.057218291882e+01,8.437882087810e-01,-4.285241098952e+03,-2.762676363015e+03,1.522564735937e+03,3.553043342904e-01,2.527151059127e+03,2.209833411816e+03,-3.173176473103e+02,1.255633873426e-01,-2.334695512907e-01,-2.595318998598e-01,-2.606234856905e-02,1.116306106084e-01,1.714518434443e+00,1.336630350433e+00,-3.778880840099e-01,2.204047949667e-01,2.998038918036e+00,1.781836230385e+00,-1.216202687651e+00,4.056660773595e-01,5.419020912829e-03,9.991526862212e-03,4.572505949383e-03,8.437882087810e-01,-1.853381706498e+00,-1.194867153085e+00,6.585145534133e-01,3.553043342904e-01,1.093001638505e+00,9.557606504032e-01,-1.372409881016e-01,1.255633873426e-01
suboff_0000_u-1p5_v-1p5_w0,2.121320343560e+00,interpolation,all_surface,mean_field,0,0,0.000000000000e+00,1.020192089016e+02,-2.398259550508e+02,-3.418451639524e+02,3.350792146233e+00,-4.132638235420e+03,6.166256111647e+01,4.194300796536e+03,1.014920870786e+00,-2.056673078347e+02,-4.635954610367e+02,-2.579281532020e+02,1.254103804428e+00,4.057428699270e+01,-1.347184210064e+00,-4.192147120277e+01,1.033202905335e+00,-3.185080706981e+02,4.640893926044e+02,7.825974633025e+02,2.457072631118e+00,-1.322258384851e+04,1.391077294257e+02,1.336169157793e+04,1.010520464912e+00,2.242364569857e-01,-5.271333019809e-01,-7.513697589666e-01,3.350792146233e+00,-9.083467377283e+00,1.355332430264e-01,9.219000620310e+00,1.014920870786e+00,-4.520531860927e-01,-1.018974806575e+00,-5.669216204827e-01,1.254103804428e+00,2.047327391505e-02,-6.797721757040e-04,-2.115304609076e-02,1.033202905335e+00,-1.607151587588e-01,2.341736592332e-01,3.948888179920e-01,2.457072631118e+00,-6.671949184071e+00,7.019200728645e-02,6.742141191358e+00,1.010520464912e+00
suboff_0000_u-1p5_v-1p5_w0,2.121320343560e+00,interpolation,all_surface,practical,126,30,0.000000000000e+00,1.020192089016e+02,8.241581070649e+01,-1.960339819512e+01,1.921539914511e-01,-4.132638235420e+03,-3.176267935850e+03,9.563702995696e+02,2.314188286245e-01,-2.056673078347e+02,4.810867038923e+02,6.867540117270e+02,3.339150100992e+00,4.057428699270e+01,3.924185234889e+01,-1.332434643818e+00,3.283938529980e-02,-3.185080706981e+02,-1.174699450431e+03,-8.561913797332e+02,2.688130877992e+00,-1.322258384851e+04,-1.114215034274e+04,2.080433505762e+03,1.573394073048e-01,2.242364569857e-01,1.811485267470e-01,-4.308793023864e-02,1.921539914511e-01,-9.083467377283e+00,-6.981381996984e+00,2.102085380300e+00,2.314188286245e-01,-4.520531860927e-01,1.057420255903e+00,1.509473441995e+00,3.339150100992e+00,2.047327391505e-02,1.980094418461e-02,-6.723297304447e-04,3.283938529980e-02,-1.607151587588e-01,-5.927385395797e-01,-4.320233808209e-01,2.688130877992e+00,-6.671949184071e+00,-5.622188653882e+00,1.049760530189e+00,1.573394073048e-01
suboff_0000_u-1p5_v0_w-1p5,2.121320343560e+00,interpolation,all_surface,mean_field,0,0,0.000000000000e+00,-1.233317340329e+00,-2.398259550508e+02,-2.385926377104e+02,1.934559986375e+02,-7.641523096777e+01,6.166256111647e+01,1.380777920842e+02,1.806940715032e+00,-6.446210512482e+02,-4.635954610367e+02,1.810255902115e+02,2.808248192655e-01,2.665413452757e+00,-1.347184210064e+00,-4.012597662820e+00,1.505431608995e+00,2.354933542128e+03,4.640893926044e+02,-1.890844149524e+03,8.029288791798e-01,-5.422906121281e+00,1.391077294257e+02,1.445306355470e+02,2.665187858957e+01,-2.710810186748e-03,-5.271333019809e-01,-5.244224917942e-01,1.934559986375e+02,-1.679593562471e-01,1.355332430264e-01,3.034925992735e-01,1.806940715032e+00,-1.416865923453e+00,-1.018974806575e+00,3.978911168770e-01,2.808248192655e-01,1.344934039752e-03,-6.797721757040e-04,-2.024706215456e-03,1.505431608995e+00,1.188269789397e+00,2.341736592332e-01,-9.540961301634e-01,8.029288791798e-01,-2.736330091434e-03,7.019200728645e-02,7.292833737788e-02,2.665187858957e+01
suboff_0000_u-1p5_v0_w-1p5,2.121320343560e+00,interpolation,all_surface,practical,126,30,0.000000000000e+00,-1.233317340329e+00,-4.873035097693e+00,-3.639717757364e+00,2.951160774559e+00,-7.641523096777e+01,-1.183367661964e+01,6.458155434813e+01,8.451398174190e-01,-6.446210512482e+02,-6.549446275426e+02,-1.032357629442e+01,1.601495370719e-02,2.665413452757e+00,-8.603149249789e+00,-1.126856270255e+01,4.227697842108e+00,2.354933542128e+03,2.269155176152e+03,-8.577836597622e+01,3.642496250603e-02,-5.422906121281e+00,-2.138470033892e-01,5.209059117891e+00,9.605659772442e-01,-2.710810186748e-03,-1.071084687715e-02,-8.000036690406e-03,2.951160774559e+00,-1.679593562471e-01,-2.601021657462e-02,1.419491396725e-01,8.451398174190e-01,-1.416865923453e+00,-1.439556965626e+00,-2.269104217339e-02,1.601495370719e-02,1.344934039752e-03,-4.341040697886e-03,-5.685974737638e-03,4.227697842108e+00,1.188269789397e+00,1.144987106871e+00,-4.328268252582e-02,3.642496250603e-02,-2.736330091434e-03,-1.079045030930e-04,2.628425588341e-03,9.605659772442e-01
suboff_0000_u-1p5_v0_w0,1.500000000000e+00,interpolation,all_surface,mean_field,0,0,0.000000000000e+00,1.919902148918e+02,-1.022951932314e+02,-2.942854081232e+02,1.532814619167e+00,2.631044692177e+02,1.697661559460e+01,-2.461278536231e+02,9.354757612249e-01,6.700792793300e+02,-2.156952801287e+02,-8.857745594587e+02,1.321895164919e+00,-9.685502557941e+00,-1.015343910637e-01,9.583968166877e+00,9.895168691086e-01,-1.667064185687e+03,2.187525498146e+02,1.885816735501e+03,1.131220232366e+00,1.231540755042e+03,3.871488622013e+01,-1.192825868822e+03,9.685638611133e-01,8.439823446340e-01,-4.496861315402e-01,-1.293668476174e+00,1.532814619167e+00,1.156598147146e+00,7.462861501332e-02,-1.081969532133e+00,9.354757612249e-01,2.945645337073e+00,-9.481889915700e-01,-3.893834328643e+00,1.321895164919e+00,-9.774365075563e-03,-1.024659484673e-04,9.671899127096e-03,9.895168691086e-01,-1.682359160799e+00,2.207595600029e-01,1.903118720802e+00,1.131220232366e+00,1.242839891189e+00,3.907008743333e-02,-1.203769803755e+00,9.685638611133e-01
suboff_0000_u-1p5_v0_w0,1.500000000000e+00,interpolation,all_surface,practical,126,30,0.000000000000e+00,1.919902148918e+02,1.540503532939e+02,-3.793986159783e+01,1.976135170182e-01,2.631044692177e+02,3.349673304391e+01,-2.296077361738e+02,8.726865676455e-01,6.700792793300e+02,4.535705544126e+02,-2.165087249174e+02,3.231091179746e-01,-9.685502557941e+00,3.289271539021e+00,1.297477409696e+01,1.339607730146e+00,-1.667064185687e+03,-9.303854747363e+02,7.366787109504e+02,4.419018279413e-01,1.231540755042e+03,3.291451870917e+02,-9.023955679505e+02,7.327370728544e-01,8.439823446340e-01,6.772000252097e-01,-1.667823194244e-01,1.976135170182e-01,1.156598147146e+00,1.472504799680e-01,-1.009347667178e+00,8.726865676455e-01,2.945645337073e+00,1.993880470345e+00,-9.517648667279e-01,3.231091179746e-01,-9.774365075563e-03,3.319449936926e-03,1.309381501249e-02,1.339607730146e+00,-1.682359160799e+00,-9.389215723884e-01,7.434375884110e-01,4.419018279413e-01,1.242839891189e+00,3.321650272924e-01,-9.106748638961e-01,7.327370728544e-01
suboff_0000_u-1p5_v0_w1p5,2.121320343560e+00,interpolation,all_surface,mean_field,0,0,0.000000000000e+00,9.946890500656e+02,-2.398259550508e+02,-1.234515005116e+03,1.241106459385e+00,2.504955112714e+03,6.166256111647e+01,-2.443292551598e+03,9.753837660390e-01,4.600616341522e+03,-4.635954610367e+02,-5.064211802559e+03,1.100768120317e+00,-6.957879826436e+01,-1.347184210064e+00,6.823161405429e+01,9.806380069264e-01,-1.532839052564e+04,4.640893926044e+02,1.579247991825e+04,1.030276459347e+00,8.018629993178e+03,1.391077294257e+02,-7.879522263752e+03,9.826519331177e-01,2.186309331258e+00,-5.271333019809e-01,-2.713442633239e+00,1.241106459385e+00,5.505848020493e+00,1.355332430264e-01,-5.370314777466e+00,9.753837660390e-01,1.011207516193e+01,-1.018974806575e+00,-1.113104996850e+01,1.100768120317e+00,-3.510858479910e-02,-6.797721757040e-04,3.442881262340e-02,9.806380069264e-01,-7.734512696793e+00,2.341736592332e-01,7.968686356026e+00,1.030276459347e+00,4.046099646885e+00,7.019200728645e-02,-3.975907639599e+00,9.826519331177e-01
suboff_0000_u-1p5_v0_w1p5,2.121320343560e+00,interpolation,all_surface,practical,126,30,0.000000000000e+00,9.946890500656e+02,9.036010865254e+02,-9.108796354015e+01,9.157431011645e-02,2.504955112714e+03,5.108518306106e+03,2.603563193392e+03,1.039365208653e+00,4.600616341522e+03,5.744729484633e+03,1.144113143111e+03,2.486869276156e-01,-6.957879826436e+01,-9.645319616353e+01,-2.687439789918e+01,3.862440652836e-01,-1.532839052564e+04,-2.102560073697e+04,-5.697210211331e+03,3.716770003870e-01,8.018629993178e+03,1.579538433019e+04,7.776754337015e+03,9.698357878629e-01,2.186309331258e+00,1.986099562547e+00,-2.002097687111e-01,9.157431011645e-02,5.505848020493e+00,1.122843489712e+01,5.722586876630e+00,1.039365208653e+00,1.011207516193e+01,1.262681606576e+01,2.514740903838e+00,2.486869276156e-01,-3.510858479910e-02,-4.866906731826e-02,-1.356048251916e-02,3.862440652836e-01,-7.734512696793e+00,-1.060925317539e+01,-2.874740478599e+00,3.716770003870e-01,4.046099646885e+00,7.970151885694e+00,3.924052238809e+00,9.698357878629e-01
suboff_0000_u-1p5_v1p5_w0,2.121320343560e+00,interpolation,all_surface,mean_field,0,0,0.000000000000e+00,1.242709558416e+03,-2.398259550508e+02,-1.482535513467e+03,1.192986328484e+00,9.154300404755e+03,6.166256111647e+01,-9.092637843639e+03,9.932640880908e-01,4.761387819381e+03,-4.635954610367e+02,-5.224983280418e+03,1.097365616627e+00,4.788728006514e+01,-1.347184210064e+00,-4.923446427520e+01,1.028132401929e+00,-1.731278612910e+04,4.640893926044e+02,1.777687552170e+04,1.026806164481e+00,3.081000673248e+04,1.391077294257e+02,-3.067089900305e+04,9.954849821802e-01,2.731454119686e+00,-5.271333019809e-01,-3.258587421667e+00,1.192986328484e+00,2.012099398776e+01,1.355332430264e-01,-1.998546074473e+01,9.932640880908e-01,1.046544809010e+01,-1.018974806575e+00,-1.148442289667e+01,1.097365616627e+00,2.416331806389e-02,-6.797721757040e-04,-2.484309023960e-02,1.028132401929e+00,-8.735813711712e+00,2.341736592332e-01,8.969987370945e+00,1.026806164481e+00,1.554634114142e+01,7.019200728645e-02,-1.547614913414e+01,9.954849821802e-01
suboff_0000_u-1p5_v1p5_w0,2.121320343560e+00,interpolation,all_surface,practical,126,30,0.000000000000e+00,1.242709558416e+03,1.524551822867e+03,2.818422644515e+02,2.267965692730e-01,9.154300404755e+03,6.823588204109e+03,-2.330712200646e+03,2.546029841270e-01,4.761387819381e+03,5.027752617281e+03,2.663647979001e+02,5.594268058062e-02,4.788728006514e+01,-4.858785139340e+01,-9.647513145854e+01,2.014629591142e+00,-1.731278612910e+04,-1.760840311428e+04,-2.956169851823e+02,1.707506711964e-02,3.081000673248e+04,2.595019791477e+04,-4.859808817709e+03,1.577347535139e-01,2.731454119686e+00,3.350938543157e+00,6.194844234713e-01,2.267965692730e-01,2.012099398776e+01,1.499812887487e+01,-5.122865112884e+00,2.546029841270e-01,1.046544809010e+01,1.105091330974e+01,5.854652196375e-01,5.594268058062e-02,2.416331806389e-02,-2.451681752781e-02,-4.868013559170e-02,2.014629591142e+00,-8.735813711712e+00,-8.884978317184e+00,-1.491646054722e-01,1.707506711964e-02,1.554634114142e+01,1.309414285344e+01,-2.452198287986e+00,1.577347535139e-01
suboff_0000_u-1_v-2_w0p5,2.291287847478e+00,interpolation,all_surface,mean_field,0,0,0.000000000000e+00,-1.248943981571e+02,-2.877222696086e+02,-1.628278714515e+02,1.303724377187e+00,-2.278720928465e+03,6.342753597996e+01,2.342148464445e+03,1.027834709897e+00,-4.180603692785e+01,-5.769541545643e+02,-5.351481176365e+02,1.280073781114e+01,3.987522992646e+01,-1.380051165994e+00,-4.125528109245e+01,1.034609234067e+00,-9.065867975474e+02,5.726529638738e+02,1.479239761421e+03,1.631658177047e+00,-5.589247711489e+03,1.434023078371e+02,5.732650019326e+03,1.025656817382e+00,-2.352991949118e-01,-5.420644912508e-01,-3.067652963390e-01,1.303724377187e+00,-4.293076453455e+00,1.194965376474e-01,4.412572991102e+00,1.027834709897e+00,-7.876195391250e-02,-1.086973075440e+00,-1.008211121527e+00,1.280073781114e+01,1.724617588172e-02,-5.968769378485e-04,-1.784305281957e-02,1.034609234067e+00,-3.921019487883e-01,2.476744021883e-01,6.397763509766e-01,1.631658177047e+00,-2.417369110012e+00,6.202199780075e-02,2.479391107813e+00,1.025656817382e+00
suboff_0000_u-1_v-2_w0p5,2.291287847478e+00,interpolation,all_surface,practical,126,30,0.000000000000e+00,-1.248943981571e+02,-1.740119766473e+02,-4.911757849019e+01,3.932728706408e-01,-2.278720928465e+03,-1.929057107494e+03,3.496638209710e+02,1.534474084137e-01,-4.180603692785e+01,1.907367769723e+02,2.325428139002e+02,5.562421865089e+00,3.987522992646e+01,3.105922581797e+01,-8.816004108486e+00,2.210897372817e-01,-9.065867975474e+02,-1.872526560755e+03,-9.659397632078e+02,1.065468596963e+00,-5.589247711489e+03,-5.015129470364e+03,5.741182411254e+02,1.027183389896e-01,-2.352991949118e-01,-3.278359847543e-01,-9.253678984244e-02,3.932728706408e-01,-4.293076453455e+00,-3.634314997550e+00,6.587614559044e-01,1.534474084137e-01,-7.876195391250e-02,3.593452606675e-01,4.381072145800e-01,5.562421865089e+00,1.724617588172e-02,1.343322338692e-02,-3.812952494802e-03,2.210897372817e-01,-3.921019487883e-01,-8.098742620302e-01,-4.177723132419e-01,1.065468596963e+00,-2.417369110012e+00,-2.169060970307e+00,2.483081397051e-01,1.027183389896e-01
suboff_0000_u-1_v2_w0p5,2.291287847478e+00,interpolation,all_surface,mean_field,0,0,0.000000000000e+00,-1.000790222941e+02,-2.877222696086e+02,-1.876432473145e+02,1.874950843974e+00,2.291117502042e+03,6.342753597996e+01,-2.227689966062e+03,9.723158956608e-01,4.323176369771e+01,-5.769541545643e+02,-6.201859182621e+02,1.434560760922e+01,-4.154685637809e+01,-1.380051165994e+00,4.016680521210e+01,9.667832590405e-01,-1.182250363450e+03,5.726529638738e+02,1.754903327323e+03,1.484375375621e+00,5.534178991767e+03,1.434023078371e+02,-5.390776683930e+03,9.740878804154e-01,-1.885473946057e-01,-5.420644912508e-01,-3.535170966451e-01,1.874950843974e+00,4.316431414328e+00,1.194965376474e-01,-4.196934876681e+00,9.723158956608e-01,8.144800201443e-02,-1.086973075440e+00,-1.168421077454e+00,1.434560760922e+01,-1.796916014655e-02,-5.968769378485e-04,1.737228320870e-02,9.667832590405e-01,-5.113274015443e-01,2.476744021883e-01,7.590018037326e-01,1.484375375621e+00,2.393551696855e+00,6.202199780075e-02,-2.331529699054e+00,9.740878804154e-01
suboff_0000_u-1_v2_w0p5,2.291287847478e+00,interpolation,all_surface,practical,126,30,0.000000000000e+00,-1.000790222941e+02,-1.552695133654e+02,-5.519049107131e+01,5.514691271575e-01,2.291117502042e+03,2.642039393981e+03,3.509218919394e+02,1.531662569146e-01,4.323176369771e+01,-1.437131651015e+02,-1.869449287992e+02,4.324249413148e+00,-4.154685637809e+01,-5.153491046629e+01,-9.988054088203e+00,2.404045686949e-01,-1.182250363450e+03,-1.113772972653e+03,6.847739079696e+01,5.792122625969e-02,5.534178991767e+03,5.796522308583e+03,2.623433168159e+02,4.740419802217e-02,-1.885473946057e-01,-2.925254617367e-01,-1.039780671310e-01,5.514691271575e-01,4.316431414328e+00,4.977563057289e+00,6.611316429614e-01,1.531662569146e-01,8.144800201443e-02,-2.707534728985e-01,-3.522014749129e-01,4.324249413148e+00,-1.796916014655e-02,-2.228902834139e-02,-4.319868194841e-03,2.404045686949e-01,-5.113274015443e-01,-4.817106914267e-01,2.961671011763e-02,5.792122625969e-02,2.393551696855e+00,2.507016095469e+00,1.134643986140e-01,4.740419802217e-02
suboff_0000_u-2p5_v0_w0,2.500000000000e+00,interpolation,all_surface,mean_field,0,0,0.000000000000e+00,3.678076976828e+02,-2.841533145317e+02,-6.519610122145e+02,1.772559455177e+00,-3.150834740583e+03,4.715726554055e+01,3.197992006123e+03,1.014966594386e+00,2.663533459154e+02,-5.991535559131e+02,-8.655069018285e+02,3.249468854442e+00,6.073958915610e+01,-2.820399751771e-01,-6.102162913127e+01,1.004643429090e+00,-8.950378110373e+02,6.076459717071e+02,1.502683782744e+03,1.678905364906e+00,-8.160238105220e+03,1.075413506115e+02,8.267779455832e+03,1.013178702536e+00,5.820731705848e-01,-4.496861315402e-01,-1.031759302125e+00,1.772559455177e+00,-4.986345796987e+00,7.462861501331e-02,5.060974412000e+00,1.014966594386e+00,4.215168348287e-01,-9.481889915700e-01,-1.369705826399e+00,3.249468854442e+00,2.206687051538e-02,-1.024659484673e-04,-2.216933646385e-02,1.004643429090e+00,-3.251698563811e-01,2.207595600029e-01,5.459294163840e-01,1.678905364906e+00,-2.964638387326e+00,3.907008743333e-02,3.003708474760e+00,1.013178702536e+00
suboff_0000_u-2p5_v0_w0,2.500000000000e+00,interpolation,all_surface,practical,126,30,0.000000000000e+00,3.678076976828e+02,3.277259024173e+02,-4.008179526541e+01,1.089748678941e-01,-3.150834740583e+03,-2.654306345943e+03,4.965283946399e+02,1.575863018916e-01,2.663533459154e+02,3.062924150612e+02,3.993906914575e+01,1.499476907582e-01,6.073958915610e+01,8.083815093856e+01,2.009856178247e+01,3.308972296604e-01,-8.950378110373e+02,2.653220777523e+02,1.160359888790e+03,1.296436725332e+00,-8.160238105220e+03,-8.307204752846e+03,-1.469666476261e+02,1.801009305501e-02,5.820731705848e-01,5.186418237156e-01,-6.343134686919e-02,1.089748678941e-01,-4.986345796987e+00,-4.200566002887e+00,7.857797940997e-01,1.575863018916e-01,4.215168348287e-01,4.847223108270e-01,6.320547599828e-02,1.499476907582e-01,2.206687051538e-02,2.936873683620e-02,7.301866320816e-03,3.308972296604e-01,-3.251698563811e-01,9.639228740231e-02,4.215621437834e-01,1.296436725332e+00,-2.964638387326e+00,-3.018031800557e+00,-5.339341323021e-02,1.801009305501e-02
suboff_0000_u-2_v-1_w0p5,2.291287847478e+00,interpolation,all_surface,mean_field,0,0,0.000000000000e+00,-5.082992931527e+01,-2.386887842066e+02,-1.878588548914e+02,3.695831519383e+00,-3.750204161225e+03,3.961210305407e+01,3.789816264280e+03,1.010562652419e+00,9.558079444007e+02,-5.032889869670e+02,-1.459096931368e+03,1.526558698236e+00,7.251926444656e+01,-2.369135791487e-01,-7.275617802571e+01,1.003266905435e+00,-3.783441905864e+03,5.104226162340e+02,4.293864522098e+03,1.134909595266e+00,-9.904914296983e+03,9.033473451365e+01,9.995249031496e+03,1.009120193452e+00,-9.576283341598e-02,-4.496861315402e-01,-3.539232981242e-01,3.695831519383e+00,-7.065329053281e+00,7.462861501332e-02,7.139957668294e+00,1.010562652419e+00,1.800728000025e+00,-9.481889915700e-01,-2.748916991595e+00,1.526558698236e+00,3.136483455431e-02,-1.024659484673e-04,-3.146730050277e-02,1.003266905435e+00,-1.636351807053e+00,2.207595600029e-01,1.857111367056e+00,1.134909595266e+00,-4.283909945452e+00,3.907008743333e-02,4.322980032885e+00,1.009120193452e+00
suboff_0000_u-2_v-1_w0p5,2.291287847478e+00,interpolation,all_surface,practical,126,30,0.000000000000e+00,-5.082992931527e+01,8.232711390632e+01,1.331570432216e+02,2.619658241028e+00,-3.750204161225e+03,-2.233818253602e+03,1.516385907623e+03,4.043475614746e-01,9.558079444007e+02,1.451617990127e+03,4.958100457263e+02,5.187339659927e-01,7.251926444656e+01,4.427393894699e+01,-2.824532549957e+01,3.894872033677e-01,-3.783441905864e+03,-4.512867877814e+03,-7.294259719498e+02,1.927942836440e-01,-9.904914296983e+03,-7.408152041570e+03,2.496762255413e+03,2.520730801451e-01,-9.576283341598e-02,1.551030623263e-01,2.508658957423e-01,2.619658241028e+00,-7.065329053281e+00,-4.208480479571e+00,2.856848573710e+00,4.043475614746e-01,1.800728000025e+00,2.734826777153e+00,9.340987771272e-01,5.187339659927e-01,3.136483455431e-02,1.914863285966e-02,-1.221620169465e-02,3.894872033677e-01,-1.636351807053e+00,-1.951831081483e+00,-3.154792744303e-01,1.927942836440e-01,-4.283909945452e+00,-3.204051570438e+00,1.079858375014e+00,2.520730801451e-01
suboff_0000_u-2_v1_w0p5,2.291287847478e+00,interpolation,all_surface,mean_field,0,0,0.000000000000e+00,1.939190297917e+02,-2.386887842066e+02,-4.326078139984e+02,2.230868287981e+00,1.186016430820e+04,3.961210305407e+01,-1.182055220515e+04,9.966600713089e-01,5.107584918659e+03,-5.032889869670e+02,-5.610873905626e+03,1.098537566185e+00,-3.218283402553e+02,-2.369135791487e-01,3.215914266761e+02,9.992638510985e-01,-1.982732206899e+04,5.104226162340e+02,2.033774468522e+04,1.025743396635e+00,3.028344070389e+04,9.033473451365e+01,-3.019310596937e+04,9.970170253969e-01,3.653405778110e-01,-4.496861315402e-01,-8.150267093512e-01,2.230868287981e+00,2.234437376232e+01,7.462861501332e-02,-2.226974514731e+01,9.966600713089e-01,9.622614280847e+00,-9.481889915700e-01,-1.057080327242e+01,1.098537566185e+00,-1.391918785171e-01,-1.024659484673e-04,1.390894125686e-01,9.992638510985e-01,-8.575385879803e+00,2.207595600029e-01,8.796145439806e+00,1.025743396635e+00,1.309769362198e+01,3.907008743333e-02,-1.305862353455e+01,9.970170253969e-01
suboff_0000_u-2_v1_w0p5,2.291287847478e+00,interpolation,all_surface,practical,126,30,0.000000000000e+00,1.939190297917e+02,7.315745401113e+01,-1.207615757806e+02,6.227422646983e-01,1.186016430820e+04,1.042376469497e+04,-1.436399613229e+03,1.211112743384e-01,5.107584918659e+03,3.835567560104e+03,-1.272017358555e+03,2.490447792475e-01,-3.218283402553e+02,-1.412148630869e+02,1.806134771684e+02,5.612106038427e-01,-1.982732206899e+04,-1.507135197205e+04,4.755970096940e+03,2.398695134114e-01,3.028344070389e+04,2.845477786124e+04,-1.828662842648e+03,6.038491004140e-02,3.653405778110e-01,1.378275589988e-01,-2.275130188122e-01,6.227422646983e-01,2.234437376232e+01,1.963821818167e+01,-2.706155580648e+00,1.211112743384e-01,9.622614280847e+00,7.226152431490e+00,-2.396461849357e+00,2.490447792475e-01,-1.391918785171e-01,-6.107592032452e-02,7.811595819258e-02,5.612106038427e-01,-8.575385879803e+00,-6.518412241500e+00,2.056973638304e+00,2.398695134114e-01,1.309769362198e+01,1.230679057087e+01,-7.909030511133e-01,6.038491004140e-02
suboff_0000_u-3p5_v-1_w0,3.640054944640e+00,extrapolation,all_surface,mean_field,0,0,0.000000000000e+00,7.657182441328e+02,-6.024050268072e+02,-1.368123270940e+03,1.786718915767e+00,-2.121871167224e+03,9.997340294597e+01,2.221844570170e+03,1.047115680014e+00,-1.761676012480e+03,-1.270205538536e+03,4.914704739441e+02,2.789789214716e-01,-6.936561483404e+01,-5.979247473754e-01,6.876769008667e+01,9.913800987881e-01,2.864518530272e+03,1.288209460019e+03,-1.576309070253e+03,5.502876150371e-01,-4.528969167610e+03,2.279876632963e+02,4.756956830907e+03,1.050339857672e+00,5.715969484498e-01,-4.496861315402e-01,-1.021283079990e+00,1.786718915767e+00,-1.583944347000e+00,7.462861501332e-02,1.658572962013e+00,1.047115680014e+00,-1.315064177465e+00,-9.481889915700e-01,3.668751858953e-01,2.789789214716e-01,-1.188713721282e-02,-1.024659484673e-04,1.178467126435e-02,9.913800987881e-01,4.908905500148e-01,2.207595600029e-01,-2.701309900119e-01,5.502876150371e-01,-7.761262991295e-01,3.907008743333e-02,8.151963865629e-01,1.050339857672e+00
suboff_0000_u-3p5_v-1_w0,3.640054944640e+00,extrapolation,all_surface,practical,126,30,0.000000000000e+00,7.657182441328e+02,5.070186038478e+02,-2.586996402850e+02,3.378522612818e-01,-2.121871167224e+03,-2.317917327330e+03,-1.960461601062e+02,9.239305530631e-02,-1.761676012480e+03,-6.704780233419e+02,1.091197989138e+03,6.194090067684e-01,-6.936561483404e+01,1.342302413034e+02,2.035958561374e+02,2.935112110294e+00,2.864518530272e+03,2.609742745479e+03,-2.547757847932e+02,8.894192238615e-02,-4.528969167610e+03,-4.887784441790e+03,-3.588152741803e+02,7.922669837243e-02,5.715969484498e-01,3.784816268743e-01,-1.931153215755e-01,3.378522612818e-01,-1.583944347000e+00,-1.730289804654e+00,-1.463454576544e-01,9.239305530631e-02,-1.315064177465e+00,-5.005015814648e-01,8.145625960005e-01,6.194090067684e-01,-1.188713721282e-02,2.300294317725e-02,3.489008039006e-02,2.935112110294e+00,4.908905500148e-01,4.472298008153e-01,-4.366074919951e-02,8.894192238615e-02,-7.761262991295e-01,-8.376162233296e-01,-6.148992420004e-02,7.922669837243e-02
suboff_0000_u-3p5_v0_w0,3.500000000000e+00,extrapolation,all_surface,mean_field,0,0,0.000000000000e+00,1.962575953170e+03,-5.569404964821e+02,-2.519516449652e+03,1.283780352848e+00,8.469110644351e+02,9.242824045948e+01,-7.544828239756e+02,8.908642898400e-01,3.086098180381e+03,-1.174340969590e+03,-4.260439149970e+03,1.380526120995e+00,-1.164142859330e+02,-5.527983513471e-01,1.158614875817e+02,9.952514560656e-01,-5.248121499528e+03,1.190986104546e+03,6.439107604074e+03,1.226935695878e+00,-2.657444392161e+03,2.107810471985e+02,2.868225439360e+03,1.079317199570e+00,1.584627431134e+00,-4.496861315402e-01,-2.034313562674e+00,1.283780352848e+00,6.838148109716e-01,7.462861501331e-02,-6.091861959583e-01,8.908642898400e-01,2.491784240964e+00,-9.481889915700e-01,-3.439973232534e+00,1.380526120995e+00,-2.157839326801e-02,-1.024659484673e-04,2.147592731954e-02,9.952514560656e-01,-9.727846434607e-01,2.207595600029e-01,1.193544203464e+00,1.226935695878e+00,-4.925802681546e-01,3.907008743333e-02,5.316503555879e-01,1.079317199570e+00
suboff_0000_u-3p5_v0_w0,3.500000000000e+00,extrapolation,all_surface,practical,126,30,0.000000000000e+00,1.962575953170e+03,1.510477372650e+03,-4.520985805205e+02,2.303597880073e-01,8.469110644351e+02,1.024581318921e+03,1.776702544862e+02,2.097862006381e-01,3.086098180381e+03,1.942462950994e+03,-1.143635229387e+03,3.705764245147e-01,-1.164142859330e+02,-2.004494901627e+02,-8.403520422970e+01,7.218633310867e-01,-5.248121499528e+03,-4.063779742433e+03,1.184341757095e+03,2.256696528846e-01,-2.657444392161e+03,-1.210503509748e+03,1.446940882413e+03,5.444858551627e-01,1.584627431134e+00,1.219592992027e+00,-3.650344391066e-01,2.303597880073e-01,6.838148109716e-01,8.272697221054e-01,1.434549111338e-01,2.097862006381e-01,2.491784240964e+00,1.568387746285e+00,-9.233964946784e-01,3.705764245147e-01,-2.157839326801e-02,-3.715504411195e-02,-1.557665084394e-02,7.218633310867e-01,-9.727846434607e-01,-7.532566706395e-01,2.195279728213e-01,2.256696528846e-01,-4.925802681546e-01,-2.243772796122e-01,2.682029885424e-01,5.444858551627e-01
suboff_0000_u0p5_v-0p5_w-0p5,8.660254037844e-01,interpolation,all_surface,mean_field,0,0,0.000000000000e+00,-1.745474811637e+02,-3.997099250846e+01,1.345764886553e+02,7.710021809426e-01,-5.212315387652e+02,1.027709351941e+01,5.315086322846e+02,1.019716944880e+00,-4.210415573215e+02,-7.726591017278e+01,3.437756471487e+02,8.164886367410e-01,3.264393433582e+01,-2.245307016773e-01,-3.286846503750e+01,1.006878175264e+00,5.642586981620e+02,7.734823210074e+01,-4.869104660612e+02,8.629206207141e-01,-6.901317186109e+02,2.318462157096e+01,7.133163401819e+02,1.033594487756e+00,-2.301914071281e+00,-5.271333019809e-01,1.774780769300e+00,7.710021809426e-01,-6.873947452462e+00,1.355332430264e-01,7.009480695489e+00,1.019716944880e+00,-5.552652372470e+00,-1.018974806575e+00,4.533677565894e+00,8.164886367410e-01,9.883030739776e-02,-6.797721757040e-04,-9.951007957347e-02,1.006878175264e+00,1.708306971137e+00,2.341736592333e-01,-1.474133311903e+00,8.629206207141e-01,-2.089390610629e+00,7.019200728645e-02,2.159582617916e+00,1.033594487756e+00
suboff_0000_u0p5_v-0p5_w-0p5,8.660254037844e-01,interpolation,all_surface,practical,126,30,0.000000000000e+00,-1.745474811637e+02,-1.730445943371e+02,1.502886826582e+00,8.610189139150e-03,-5.212315387652e+02,-4.893179981207e+02,3.191354064456e+01,6.122718652092e-02,-4.210415573215e+02,-4.119284953622e+02,9.113061959329e+00,2.164409142248e-02,3.264393433582e+01,3.075385120635e+01,-1.890083129476e+00,5.789997951939e-02,5.642586981620e+02,5.682298072489e+02,3.971109086951e+00,7.037745452373e-03,-6.901317186109e+02,-6.651785665371e+02,2.495315207380e+01,3.615708625018e-02,-2.301914071281e+00,-2.282094155745e+00,1.981991553580e-02,8.610189139150e-03,-6.873947452462e+00,-6.453074989655e+00,4.208724628069e-01,6.122718652092e-02,-5.552652372470e+00,-5.432470256883e+00,1.201821155870e-01,2.164409142248e-02,9.883030739776e-02,9.310803462354e-02,-5.722272774225e-03,5.789997951939e-02,1.708306971137e+00,1.720329600754e+00,1.202262961737e-02,7.037745452373e-03,-2.089390610629e+00,-2.013844334110e+00,7.554627651883e-02,3.615708625018e-02
suboff_0000_u0p5_v-0p5_w0p5,8.660254037844e-01,interpolation,all_surface,mean_field,0,0,0.000000000000e+00,-3.740880254319e+01,-3.997099250846e+01,-2.562189965274e+00,6.849163274649e-02,-3.378575676696e+02,1.027709351941e+01,3.481346611890e+02,1.030418420373e+00,1.822117447350e+02,-7.726591017278e+01,-2.594776549078e+02,1.424044620643e+00,1.130280083153e+01,-2.245307016773e-01,-1.152733153321e+01,1.019865049825e+00,-3.505453729063e+02,7.734823210074e+01,4.278936050071e+02,1.220651128439e+00,-4.716539048383e+02,2.318462157096e+01,4.948385264092e+02,1.049156004717e+00,-4.933434065609e-01,-5.271333019809e-01,-3.378989542007e-02,6.849163274649e-02,-4.455630547758e+00,1.355332430264e-01,4.591163790785e+00,1.030418420373e+00,2.402989584047e+00,-1.018974806575e+00,-3.421964390623e+00,1.424044620643e+00,3.421950519640e-02,-6.797721757040e-04,-3.489927737211e-02,1.019865049825e+00,-1.061284666388e+00,2.341736592333e-01,1.295458325622e+00,1.220651128439e+00,-1.427943700688e+00,7.019200728645e-02,1.498135707975e+00,1.049156004717e+00
suboff_0000_u0p5_v-0p5_w0p5,8.660254037844e-01,interpolation,all_surface,practical,126,30,0.000000000000e+00,-3.740880254319e+01,-3.831727479432e+01,-9.084722511339e-01,2.428498613622e-02,-3.378575676696e+02,-2.735658117905e+02,6.429175587906e+01,1.902924842635e-01,1.822117447350e+02,1.936537305354e+02,1.144198580043e+01,6.279499610230e-02,1.130280083153e+01,7.479186842903e+00,-3.823613988626e+00,3.382890706133e-01,-3.505453729063e+02,-3.764615983195e+02,-2.591622541313e+01,7.393115817866e-02,-4.716539048383e+02,-3.813275974096e+02,9.032630742868e+01,1.915097203736e-01,-4.933434065609e-01,-5.053242443496e-01,-1.198083778873e-02,2.428498613622e-02,-4.455630547758e+00,-3.607757541865e+00,8.478730058932e-01,1.902924842635e-01,2.402989584047e+00,2.553885305611e+00,1.508957215641e-01,6.279499610230e-02,3.421950519640e-02,2.264342058666e-02,-1.157608460974e-02,3.382890706133e-01,-1.061284666388e+00,-1.139746670932e+00,-7.846200454334e-02,7.393115817866e-02,-1.427943700688e+00,-1.154478601860e+00,2.734650988280e-01,1.915097203736e-01
suboff_0000_u0p5_v-1_w-2,2.291287847478e+00,interpolation,all_surface,mean_field,0,0,0.000000000000e+00,-4.331801025823e+02,-2.889188872147e+02,1.442612153675e+02,3.330282589333e-01,-1.709156086737e+03,6.086148095455e+01,1.770017567691e+03,1.035609083001e+00,1.751694798186e+03,-5.053396366501e+02,-2.257034434836e+03,1.288486120512e+00,1.230776423909e+01,-1.331509816313e+00,-1.363927405541e+01,1.108184540299e+00,-3.296697477657e+03,5.235438478840e+02,3.820241325541e+03,1.158808580840e+00,-2.668007568902e+03,1.441430555931e+02,2.812150624495e+03,1.054026479262e+00,-8.161048925607e-01,-5.443189010842e-01,2.717859914764e-01,3.330282589333e-01,-3.220024733871e+00,1.146621280142e-01,3.334686861885e+00,1.035609083001e+00,3.300167035723e+00,-9.520523851778e-01,-4.252219420901e+00,1.288486120512e+00,5.323150917741e-03,-5.758826349771e-04,-5.899033552718e-03,1.108184540299e+00,-1.425833145874e+00,2.264345384103e-01,1.652267684284e+00,1.158808580840e+00,-1.153922569773e+00,6.234237378621e-02,1.216264943560e+00,1.054026479262e+00
suboff_0000_u0p5_v-1_w-2,2.291287847478e+00,interpolation,all_surface,practical,126,30,0.000000000000e+00,-4.331801025823e+02,-4.000304956285e+02,3.314960695374e+01,7.652615333929e-02,-1.709156086737e+03,-1.732467442622e+03,-2.331135588509e+01,1.363910298538e-02,1.751694798186e+03,1.318341006072e+03,-4.333537921148e+02,2.473911508806e-01,1.230776423909e+01,3.669333096509e+01,2.438556672599e+01,1.981315716833e+00,-3.296697477657e+03,-2.947654139944e+03,3.490433377131e+02,1.058766659903e-01,-2.668007568902e+03,-2.879397288017e+03,-2.113897191143e+02,7.923130413056e-02,-8.161048925607e-01,-7.536515244116e-01,6.245336814904e-02,7.652615333929e-02,-3.220024733871e+00,-3.263942982832e+00,-4.391824896073e-02,1.363910298538e-02,3.300167035723e+00,2.483734914657e+00,-8.164321210656e-01,2.473911508806e-01,5.323150917741e-03,1.586999349414e-02,1.054684257640e-02,1.981315716833e+00,-1.425833145874e+00,-1.274870686130e+00,1.509624597437e-01,1.058766659903e-01,-1.153922569773e+00,-1.245349359842e+00,-9.142679006884e-02,7.923130413056e-02
suboff_0000_u0p5_v0p5_w-0p5,8.660254037844e-01,interpolation,all_surface,mean_field,0,0,0.000000000000e+00,-1.741829486145e+02,-3.997099250846e+01,1.342119561060e+02,7.705229310537e-01,5.191976916308e+02,1.027709351941e+01,-5.089205981114e+02,9.802058181593e-01,-4.196331069063e+02,-7.726591017278e+01,3.423671967335e+02,8.158727018885e-01,-3.239115981470e+01,-2.245307016773e-01,3.216662911302e+01,9.930681487492e-01,5.613339249635e+02,7.734823210074e+01,-4.839856928628e+02,8.622063825810e-01,6.861159135734e+02,2.318462157096e+01,-6.629312920024e+02,9.662088852448e-01,-2.297106653844e+00,-5.271333019809e-01,1.769973351863e+00,7.705229310537e-01,6.847125287476e+00,1.355332430264e-01,-6.711592044450e+00,9.802058181593e-01,-5.534077874529e+00,-1.018974806575e+00,4.515103067954e+00,8.158727018885e-01,-9.806502636981e-02,-6.797721757040e-04,9.738525419411e-02,9.930681487492e-01,1.699452148942e+00,2.341736592333e-01,-1.465278489709e+00,8.622063825810e-01,2.077232662931e+00,7.019200728645e-02,-2.007040655645e+00,9.662088852448e-01
suboff_0000_u0p5_v0p5_w-0p5,8.660254037844e-01,interpolation,all_surface,practical,126,30,0.000000000000e+00,-1.741829486145e+02,-1.687176693596e+02,5.465279254843e+00,3.137666056475e-02,5.191976916308e+02,5.252023309958e+02,6.004639365035e+00,1.156522739185e-02,-4.196331069063e+02,-3.861819913437e+02,3.345111556265e+01,7.971514881003e-02,-3.239115981470e+01,-3.159639149378e+01,7.947683209195e-01,2.453658113714e-02,5.613339249635e+02,4.942429238300e+02,-6.709100113355e+01,1.195206598958e-01,6.861159135734e+02,7.063518198305e+02,2.023590625716e+01,2.949342211256e-02,-2.297106653844e+00,-2.225031118085e+00,7.207553575868e-02,3.137666056475e-02,6.847125287476e+00,6.926313848407e+00,7.918856093018e-02,1.156522739185e-02,-5.534077874529e+00,-5.092928033235e+00,4.411498412944e-01,7.971514881003e-02,-9.806502636981e-02,-9.565884589357e-02,2.406180476239e-03,2.453658113714e-02,1.699452148942e+00,1.496332506639e+00,-2.031196423029e-01,1.195206598958e-01,2.077232662931e+00,2.138497362685e+00,6.126469975382e-02,2.949342211256e-02
suboff_0000_u0p5_v0p5_w0p5,8.660254037844e-01,interpolation,all_surface,mean_field,0,0,0.000000000000e+00,-3.770505004333e+01,-3.997099250846e+01,-2.265942465136e+00,6.009652453803e-02,3.427142316047e+02,1.027709351941e+01,-3.324371380853e+02,9.700126444376e-01,1.788670541658e+02,-7.726591017278e+01,-2.561329643386e+02,1.431973962634e+00,-1.141050661100e+01,-2.245307016773e-01,1.118597590932e+01,9.803224598756e-01,-3.438714249856e+02,7.734823210074e+01,4.212196570863e+02,1.224933584127e+00,4.823838805574e+02,2.318462157096e+01,-4.591992589865e+02,9.519374039942e-01,-4.972502878553e-01,-5.271333019809e-01,-2.988301412564e-02,6.009652453803e-02,4.519679727828e+00,1.355332430264e-01,-4.384146484802e+00,9.700126444376e-01,2.358880151852e+00,-1.018974806575e+00,-3.377854958428e+00,1.431973962634e+00,-3.454558707072e-02,-6.797721757040e-04,3.386581489502e-02,9.803224598756e-01,-1.041079126279e+00,2.341736592333e-01,1.275252785512e+00,1.224933584127e+00,1.460428963886e+00,7.019200728645e-02,-1.390236956599e+00,9.519374039942e-01
suboff_0000_u0p5_v0p5_w0p5,8.660254037844e-01,interpolation,all_surface,practical,126,30,0.000000000000e+00,-3.770505004333e+01,-4.014953820567e+01,-2.444488162340e+00,6.483185036305e-02,3.427142316047e+02,3.472877642551e+02,4.573532650342e+00,1.334503276659e-02,1.788670541658e+02,1.881946215891e+02,9.327567423222e+00,5.214804630580e-02,-1.141050661100e+01,-1.116420016027e+01,2.463064507261e-01,2.158593471115e-02,-3.438714249856e+02,-4.087616009651e+02,-6.489017597953e+01,1.887047636548e-01,4.823838805574e+02,4.544365425811e+02,-2.794733797631e+01,5.793588696208e-02,-4.972502878553e-01,-5.294879441105e-01,-3.223765625522e-02,6.483185036305e-02,4.519679727828e+00,4.579995001890e+00,6.031527406236e-02,1.334503276659e-02,2.358880151852e+00,2.481891143241e+00,1.230109913886e-01,5.214804630580e-02,-3.454558707072e-02,-3.379988828366e-02,7.456987870670e-04,2.158593471115e-02,-1.041079126279e+00,-1.237535716749e+00,-1.964565904703e-01,1.887047636548e-01,1.460428963886e+00,1.375817716518e+00,-8.461124736783e-02,5.793588696208e-02
suboff_0000_u0p5_v1_w2,2.291287847478e+00,interpolation,all_surface,mean_field,0,0,0.000000000000e+00,-4.353310940807e+02,-2.889188872147e+02,1.464122068660e+02,3.363237978100e-01,1.741963623964e+03,6.086148095455e+01,-1.681102143009e+03,9.650615660871e-01,1.742379384943e+03,-5.053396366501e+02,-2.247719021593e+03,1.290028475438e+00,-1.069937637837e+01,-1.331509816313e+00,9.367866562060e+00,8.755525771573e-01,-3.291625099700e+03,5.235438478840e+02,3.815168947584e+03,1.159053304075e+00,2.724206883484e+03,1.441430555931e+02,-2.580063827891e+03,9.470880657167e-01,-8.201573286612e-01,-5.443189010842e-01,2.758384275770e-01,3.363237978100e-01,3.281833647725e+00,1.146621280142e-01,-3.167171519711e+00,9.650615660871e-01,3.282616935248e+00,-9.520523851778e-01,-4.234669320426e+00,1.290028475438e+00,-4.627517563822e-03,-5.758826349771e-04,4.051634928845e-03,8.755525771573e-01,-1.423639324734e+00,2.264345384103e-01,1.650073863144e+00,1.159053304075e+00,1.178228969147e+00,6.234237378621e-02,-1.115886595361e+00,9.470880657167e-01
suboff_0000_u0p5_v1_w2,2.291287847478e+00,interpolation,all_surface,practical,126,30,0.000000000000e+00,-4.353310940807e+02,-3.545039770649e+02,8.082711701585e+01,1.856681457283e-01,1.741963623964e+03,9.050581561473e+02,-8.369054678165e+02,4.804379702902e-01,1.742379384943e+03,1.729830369226e+03,-1.254901571709e+01,7.202229219154e-03,-1.069937637837e+01,-1.302864140373e+01,-2.329265025353e+00,2.177010082626e-01,-3.291625099700e+03,-3.630610097753e+03,-3.389849980528e+02,1.029840846953e-01,2.724206883484e+03,1.986115650504e+03,-7.380912329796e+02,2.709380251017e-01,-8.201573286612e-01,-6.678802382432e-01,1.522770904180e-01,1.856681457283e-01,3.281833647725e+00,1.705116151182e+00,-1.576717496543e+00,4.804379702902e-01,3.282616935248e+00,3.258974775642e+00,-2.364215960634e-02,7.202229219154e-03,-4.627517563822e-03,-5.634932803219e-03,-1.007415239397e-03,2.177010082626e-01,-1.423639324734e+00,-1.570251517528e+00,-1.466121927940e-01,1.029840846953e-01,1.178228969147e+00,8.590019391287e-01,-3.192270300183e-01,2.709380251017e-01
suboff_0000_u0_v-1p5_w-1p5,2.121320343560e+00,interpolation,all_surface,mean_field,0,0,0.000000000000e+00,-4.058022495265e+02,-2.398259550508e+02,1.659762944757e+02,4.090078225771e-01,-1.315738145071e+03,6.166256111647e+01,1.377400706188e+03,1.046865374655e+00,-1.715336237078e+03,-4.635954610367e+02,1.251740776041e+03,7.297349341687e-01,1.087455831335e+02,-1.347184210064e+00,-1.100927673436e+02,1.012388403936e+00,3.074391153264e+03,4.640893926044e+02,-2.610301760659e+03,8.490467317043e-01,-2.801732141762e+03,1.391077294257e+02,2.940839871188e+03,1.049650616971e+00,-8.919463270725e-01,-5.271333019809e-01,3.648130250915e-01,4.090078225771e-01,-2.891969690298e+00,1.355332430264e-01,3.027502933325e+00,1.046865374655e+00,-3.770279386428e+00,-1.018974806575e+00,2.751304579853e+00,7.297349341687e-01,5.487165087941e-02,-6.797721757040e-04,-5.555142305512e-02,1.012388403936e+00,1.551299033649e+00,2.341736592332e-01,-1.317125374416e+00,8.490467317043e-01,-1.413718732389e+00,7.019200728645e-02,1.483910739675e+00,1.049650616971e+00
suboff_0000_u0_v-1p5_w-1p5,2.121320343560e+00,interpolation,all_surface,practical,126,30,0.000000000000e+00,-4.058022495265e+02,-4.046980475234e+02,1.104202003106e+00,2.721034701988e-03,-1.315738145071e+03,-1.705694764399e+03,-3.899566193275e+02,2.963785923425e-01,-1.715336237078e+03,-1.094205570820e+03,6.211306662579e+02,3.621043226581e-01,1.087455831335e+02,9.557694619015e+01,-1.316863694337e+01,1.210958327126e-01,3.074391153264e+03,2.440099909669e+03,-6.342912435942e+02,2.063144251898e-01,-2.801732141762e+03,-3.638991129544e+03,-8.372589877823e+02,2.988362003999e-01,-8.919463270725e-01,-8.895193101642e-01,2.427016908275e-03,2.721034701988e-03,-2.891969690298e+00,-3.749087596206e+00,-8.571179059078e-01,2.963785923425e-01,-3.770279386428e+00,-2.405044922974e+00,1.365234463454e+00,3.621043226581e-01,5.487165087941e-02,4.822692262386e-02,-6.644728255557e-03,1.210958327126e-01,1.551299033649e+00,1.231243665224e+00,-3.200553684248e-01,2.063144251898e-01,-1.413718732389e+00,-1.836189066810e+00,-4.224703344212e-01,2.988362003999e-01
suboff_0000_u0_v-1p5_w0,1.500000000000e+00,interpolation,all_surface,mean_field,0,0,0.000000000000e+00,-1.927213035020e+02,-1.233095441180e+02,6.941175938399e+01,3.601665105139e-01,-1.154079879810e+03,2.718322970570e+01,1.181263109516e+03,1.023554027915e+00,-5.705154370690e+02,-2.472660662419e+02,3.232493708272e+02,5.665918042250e-01,2.114653155485e+01,-5.914504997118e-01,-2.173798205456e+01,1.027969149370e+00,5.276943003653e+02,2.454226988031e+02,-2.822716015622e+02,5.349150092522e-01,-2.315992797282e+03,6.145813193019e+01,2.377450929212e+03,1.026536408922e+00,-8.471961848796e-01,-5.420644912508e-01,3.051316936288e-01,3.601665105139e-01,-5.073295237501e+00,1.194965376474e-01,5.192791775148e+00,1.023554027915e+00,-2.507966129935e+00,-1.086973075440e+00,1.420993054495e+00,5.665918042250e-01,2.134054668433e-02,-5.968769378485e-04,-2.193742362218e-02,1.027969149370e+00,5.325357883299e-01,2.476744021883e-01,-2.848613861416e-01,5.349150092522e-01,-2.337241560527e+00,6.202199780075e-02,2.399263558328e+00,1.026536408922e+00
suboff_0000_u0_v-1p5_w0,1.500000000000e+00,interpolation,all_surface,practical,126,30,0.000000000000e+00,-1.927213035020e+02,-1.875549950230e+02,5.166308478996e+00,2.680714786128e-02,-1.154079879810e+03,-1.056787912175e+03,9.729196763526e+01,8.430262873249e-02,-5.705154370690e+02,-4.529306246728e+02,1.175848123962e+02,2.061027708563e-01,2.114653155485e+01,2.259477105861e+01,1.448239503760e+00,6.848591221702e-02,5.276943003653e+02,4.069449464063e+02,-1.207493539590e+02,2.288244422489e-01,-2.315992797282e+03,-2.140166915254e+03,1.758258820276e+02,7.591814716951e-02,-8.471961848796e-01,-8.244852714840e-01,2.271091339558e-02,2.680714786128e-02,-5.073295237501e+00,-4.645603112643e+00,4.276921248573e-01,8.430262873249e-02,-2.507966129935e+00,-1.991067361342e+00,5.168987685932e-01,2.061027708563e-01,2.134054668433e-02,2.280207349122e-02,1.461526806886e-03,6.848591221702e-02,5.325357883299e-01,4.106785835877e-01,-1.218572047422e-01,2.288244422489e-01,-2.337241560527e+00,-2.159802511764e+00,1.774390487628e-01,7.591814716951e-02
suboff_0000_u0_v-1p5_w1p5,2.121320343560e+00,interpolation,all_surface,mean_field,0,0,0.000000000000e+00,-3.506733498948e+02,-2.398259550508e+02,1.108473948441e+02,3.160987137383e-01,-1.419643908686e+03,6.166256111647e+01,1.481306469802e+03,1.043435231003e+00,1.314636820424e+03,-4.635954610367e+02,-1.778232281461e+03,1.352641470126e+00,1.897162693562e+01,-1.347184210064e+00,-2.031881114568e+01,1.071010473410e+00,-2.697883060753e+03,4.640893926044e+02,3.161972453357e+03,1.172019832644e+00,-2.831561031087e+03,1.391077294257e+02,2.970668760512e+03,1.049127575884e+00,-7.707739590056e-01,-5.271333019809e-01,2.436406570247e-01,3.160987137383e-01,-3.120352761919e+00,1.355332430264e-01,3.255886004946e+00,1.043435231003e+00,2.889548997769e+00,-1.018974806575e+00,-3.908523804345e+00,1.352641470126e+00,9.572843878612e-03,-6.797721757040e-04,-1.025261605432e-02,1.071010473410e+00,-1.361317794777e+00,2.341736592332e-01,1.595491454011e+00,1.172019832644e+00,-1.428770014050e+00,7.019200728645e-02,1.498962021336e+00,1.049127575884e+00
suboff_0000_u0_v-1p5_w1p5,2.121320343560e+00,interpolation,all_surface,practical,126,30,0.000000000000e+00,-3.506733498948e+02,-3.040172791040e+02,4.665607079081e+01,1.330470958366e-01,-1.419643908686e+03,-1.432810555390e+03,-1.316664670409e+01,9.274612192206e-03,1.314636820424e+03,1.166417418649e+03,-1.482194017750e+02,1.127455122755e-01,1.897162693562e+01,3.760894425181e+01,1.863731731620e+01,9.823784422623e-01,-2.697883060753e+03,-2.942425834528e+03,-2.445427737754e+02,9.064246606270e-02,-2.831561031087e+03,-2.383838170803e+03,4.477228602836e+02,1.581187392284e-01,-7.707739590056e-01,-6.682247222134e-01,1.025492367922e-01,1.330470958366e-01,-3.120352761919e+00,-3.149292823689e+00,-2.894006176968e-02,9.274612192206e-03,2.889548997769e+00,2.563765315771e+00,-3.257836819986e-01,1.127455122755e-01,9.572843878612e-03,1.897699933610e-02,9.404155457491e-03,9.823784422623e-01,-1.361317794777e+00,-1.484710996791e+00,-1.233932020137e-01,9.064246606270e-02,-1.428770014050e+00,-1.202854700781e+00,2.259153132689e-01,1.581187392284e-01
suboff_0000_u0_v-2p5_w0,2.500000000000e+00,interpolation,all_surface,mean_field,0,0,0.000000000000e+00,-5.445432056339e+02,-3.425265114388e+02,2.020166941951e+02,3.709837752175e-01,-3.192894642103e+03,7.550897140472e+01,3.268403613507e+03,1.023649064523e+00,-1.443243975165e+03,-6.868501840052e+02,7.563937911596e+02,5.240928104850e-01,5.591779570166e+01,-1.642918054755e+00,-5.756071375642e+01,1.029380951701e+00,1.433627091161e+03,6.817297188974e+02,-7.518973722640e+02,5.244720728979e-01,-6.388602746995e+03,1.707170331394e+02,6.559319780135e+03,1.026722123741e+00,-8.617655155687e-01,-5.420644912508e-01,3.197010243179e-01,3.709837752175e-01,-5.052907591061e+00,1.194965376474e-01,5.172404128709e+00,1.023649064523e+00,-2.284002215952e+00,-1.086973075440e+00,1.197029140512e+00,5.240928104850e-01,2.031509884078e-02,-5.968769378485e-04,-2.091197577863e-02,1.029380951701e+00,5.208409182140e-01,2.476744021883e-01,-2.731665160258e-01,5.244720728979e-01,-2.320998076393e+00,6.202199780075e-02,2.383020074193e+00,1.026722123741e+00
suboff_0000_u0_v-2p5_w0,2.500000000000e+00,interpolation,all_surface,practical,126,30,0.000000000000e+00,-5.445432056339e+02,-5.494939832684e+02,-4.950777634516e+00,9.091615841121e-03,-3.192894642103e+03,-3.039867880461e+03,1.530267616414e+02,4.792728191638e-02,-1.443243975165e+03,-1.363741467650e+03,7.950250751465e+01,5.508597914332e-02,5.591779570166e+01,6.159068886381e+01,5.672893162146e+00,1.014505863645e-01,1.433627091161e+03,1.301961729245e+03,-1.316653619168e+02,9.184073231358e-02,-6.388602746995e+03,-6.161278178078e+03,2.273245689176e+02,3.558283053748e-02,-8.617655155687e-01,-8.696003565814e-01,-7.834841012677e-03,9.091615841121e-03,-5.052907591061e+00,-4.810735464447e+00,2.421721266142e-01,4.792728191638e-02,-2.284002215952e+00,-2.158185717521e+00,1.258164984312e-01,5.508597914332e-02,2.031509884078e-02,2.237607753023e-02,2.060978689450e-03,1.014505863645e-01,5.208409182140e-01,4.730065068664e-01,-4.783441134765e-02,9.184073231358e-02,-2.320998076393e+00,-2.238410395163e+00,8.258768123011e-02,3.558283053748e-02
suboff_0000_u0_v-3p5_w0,3.500000000000e+00,extrapolation,all_surface,mean_field,0,0,0.000000000000e+00,-1.069005329831e+03,-6.713519624200e+02,3.976533674109e+02,3.719844572466e-01,-6.129098362738e+03,1.479975839532e+02,6.277095946692e+03,1.024146713790e+00,-2.607979553807e+03,-1.346226360650e+03,1.261753193157e+03,4.838048639280e-01,1.034967528832e+02,-3.220119387320e+00,-1.067168722706e+02,1.031113240731e+00,2.848054552177e+03,1.336190249039e+03,-1.511864303138e+03,5.308410620093e-01,-1.240146634465e+04,3.346053849532e+02,1.273607172960e+04,1.026981114624e+00,-8.631386555726e-01,-5.420644912508e-01,3.210741643217e-01,3.719844572466e-01,-4.948770200727e+00,1.194965376474e-01,5.068266738374e+00,1.024146713790e+00,-2.105740638533e+00,-1.086973075440e+00,1.018767563093e+00,4.838048639280e-01,1.918401695958e-02,-5.968769378485e-04,-1.978089389743e-02,1.031113240731e+00,5.279115074500e-01,2.476744021883e-01,-2.802371052617e-01,5.308410620093e-01,-2.298718887807e+00,6.202199780075e-02,2.360740885608e+00,1.026981114624e+00
suboff_0000_u0_v-3p5_w0,3.500000000000e+00,extrapolation,all_surface,practical,126,30,0.000000000000e+00,-1.069005329831e+03,-1.082953190256e+03,-1.394786042503e+01,1.304751252011e-02,-6.129098362738e+03,-5.789338280218e+03,3.397600825198e+02,5.543394189680e-02,-2.607979553807e+03,-2.647513415321e+03,-3.953386151421e+01,1.515880807290e-02,1.034967528832e+02,1.201748699686e+02,1.667811708536e+01,1.611462835378e-01,2.848054552177e+03,2.471325677943e+03,-3.767288742339e+02,1.322758631663e-01,-1.240146634465e+04,-1.163309206570e+04,7.683742789467e+02,6.195834086008e-02,-8.631386555726e-01,-8.744004679877e-01,-1.126181241517e-02,1.304751252011e-02,-4.948770200727e+00,-4.674440360959e+00,2.743298397677e-01,5.543394189680e-02,-2.105740638533e+00,-2.137661156724e+00,-3.192051819083e-02,1.515880807290e-02,1.918401695958e-02,2.227544999594e-02,3.091433036362e-03,1.611462835378e-01,5.279115074500e-01,4.580815571266e-01,-6.982995032336e-02,1.322758631663e-01,-2.298718887807e+00,-2.156294079415e+00,1.424248083923e-01,6.195834086008e-02
suboff_0000_u0_v0_w-1p5,1.500000000000e+00,interpolation,all_surface,mean_field,0,0,0.000000000000e+00,-1.931459410688e+02,-1.238223802349e+02,6.932356083388e+01,3.589180308438e-01,-3.511238094025e+01,2.608349183767e+01,6.119587277792e+01,1.742857395004e+00,-9.396054070864e+02,-2.165741299929e+02,7.230312770935e+02,7.695052323459e-01,-1.594827422694e-01,-5.706470641340e-01,-4.111643218646e-01,2.578111687910e+00,1.982166808813e+03,2.243759348075e+02,-1.757790874006e+03,8.868026980324e-01,-2.904700167135e+01,6.177559525417e+01,9.082259692552e+01,3.126746021952e+00,-8.490628769371e-01,-5.443189010842e-01,3.047439758529e-01,3.589180308438e-01,-1.543528122428e-01,1.146621280142e-01,2.690149402570e-01,1.742857395004e+00,-4.130472873061e+00,-9.520523851778e-01,3.178420487883e+00,7.695052323459e-01,-1.609459640187e-04,-5.758826349771e-04,-4.149366709584e-04,2.578111687910e+00,2.000352786456e+00,2.264345384103e-01,-1.773918248046e+00,8.868026980324e-01,-2.931350200858e-02,6.234237378622e-02,9.165587579479e-02,3.126746021952e+00
suboff_0000_u0_v0_w-1p5,1.500000000000e+00,interpolation,all_surface,practical,126,30,0.000000000000e+00,-1.931459410688e+02,-1.999677191829e+02,-6.821778114116e+00,3.531929315402e-02,-3.511238094025e+01,-1.102256728703e+02,-7.511329193001e+01,2.139225250997e+00,-9.396054070864e+02,-9.148480385240e+02,2.475736856238e+01,2.634868677390e-02,-1.594827422694e-01,-3.082712263162e-01,-1.487884840468e-01,9.329441037291e-01,1.982166808813e+03,2.017567884084e+03,3.540107527116e+01,1.785978612585e-02,-2.904700167135e+01,-1.600632657635e+02,-1.310162640921e+02,4.510491842652e+00,-8.490628769371e-01,-8.790511775938e-01,-2.998830065673e-02,3.531929315402e-02,-1.543528122428e-01,-4.845482457549e-01,-3.301954335122e-01,2.139225250997e+00,-4.130472873061e+00,-4.021640337101e+00,1.088325359604e-01,2.634868677390e-02,-1.609459640187e-04,-3.110995521689e-04,-1.501535881502e-04,9.329441037291e-01,2.000352786456e+00,2.036078659398e+00,3.572587294235e-02,1.785978612585e-02,-2.931350200858e-02,-1.615318136978e-01,-1.322183116892e-01,4.510491842652e+00
suboff_0000_u0_v0_w-2p5,2.500000000000e+00,interpolation,all_surface,mean_field,0,0,0.000000000000e+00,-5.124520823739e+02,-3.439510562080e+02,1.685010261659e+02,3.288132333961e-01,2.539570455445e+02,7.245414399352e+01,-1.815029015510e+02,7.146992167980e-01,-2.516207890938e+03,-6.015948055359e+02,1.914613085402e+03,7.609121218868e-01,-4.659076561116e-01,-1.585130733706e+00,-1.119223077594e+00,2.402242296113e+00,5.416661389667e+03,6.232664855762e+02,-4.793394904091e+03,8.849353059497e-01,2.373624844967e+02,1.715988757060e+02,-6.576360879066e+01,2.770598265775e-01,-8.109797870991e-01,-5.443189010842e-01,2.666608860149e-01,3.288132333961e-01,4.018991000562e-01,1.146621280142e-01,-2.872369720420e-01,7.146992167980e-01,-3.982018631355e+00,-9.520523851778e-01,3.029966246177e+00,7.609121218868e-01,-1.692656151019e-04,-5.758826349771e-04,-4.066170198752e-04,2.402242296113e+00,1.967888936560e+00,2.264345384103e-01,-1.741454398150e+00,8.849353059497e-01,8.623448533933e-02,6.234237378621e-02,-2.389211155311e-02,2.770598265775e-01
suboff_0000_u0_v0_w-2p5,2.500000000000e+00,interpolation,all_surface,practical,126,30,0.000000000000e+00,-5.124520823739e+02,-5.297366111748e+02,-1.728452880084e+01,3.372906344876e-02,2.539570455445e+02,-1.567519968841e+02,-4.107090424286e+02,1.617238228410e+00,-2.516207890938e+03,-2.381917241204e+03,1.342906497339e+02,5.337025220275e-02,-4.659076561116e-01,-4.766487246624e+00,-4.300579590513e+00,9.230540717886e+00,5.416661389667e+03,5.252306768091e+03,-1.643546215762e+02,3.034242123565e-02,2.373624844967e+02,-1.718275942412e+02,-4.091900787379e+02,1.723903756761e+00,-8.109797870991e-01,-8.383333757939e-01,-2.735358869473e-02,3.372906344876e-02,4.018991000562e-01,-2.480674885182e-01,-6.499665885744e-01,1.617238228410e+00,-3.982018631355e+00,-3.769497292724e+00,2.125213386315e-01,5.337025220275e-02,-1.692656151019e-04,-1.731678767438e-03,-1.562413152336e-03,9.230540717886e+00,1.967888936560e+00,1.908178421502e+00,-5.971051505808e-02,3.034242123565e-02,8.623448533933e-02,-6.242546789946e-02,-1.486599532388e-01,1.723903756761e+00
suboff_0000_u0_v0_w-3p5,3.500000000000e+00,extrapolation,all_surface,mean_field,0,0,0.000000000000e+00,-1.012573932351e+03,-6.741440701677e+02,3.384298621831e+02,3.342273105900e-01,-1.245051677739e+02,1.420101222273e+02,2.665152900012e+02,2.140596207903e+00,-4.798665157987e+03,-1.179125818850e+03,3.619539339136e+03,7.542804550787e-01,4.819384713760e+00,-3.106856238063e+00,-7.926240951823e+00,1.644658275400e+00,1.035104618958e+04,1.221602311729e+03,-9.129443877854e+03,8.819827204560e-01,-1.485028606711e+02,3.363337963838e+02,4.848366570549e+02,3.264830420532e+00,-8.175746913959e-01,-5.443189010842e-01,2.732557903117e-01,3.342273105900e-01,-1.005282388453e-01,1.146621280142e-01,2.151903668596e-01,2.140596207903e+00,-3.874548870268e+00,-9.520523851778e-01,2.922496485091e+00,7.542804550787e-01,8.933145775868e-04,-5.758826349771e-04,-1.469197212564e-03,1.644658275400e+00,1.918655804346e+00,2.264345384103e-01,-1.692221265935e+00,8.819827204560e-01,-2.752628771719e-02,6.234237378622e-02,8.986866150341e-02,3.264830420532e+00
suboff_0000_u0_v0_w-3p5,3.500000000000e+00,extrapolation,all_surface,practical,126,30,0.000000000000e+00,-1.012573932351e+03,-1.054993240733e+03,-4.241930838167e+01,4.189255423867e-02,-1.245051677739e+02,-3.831773438746e+02,-2.586721761007e+02,2.077601923885e+00,-4.798665157987e+03,-4.553617286536e+03,2.450478714502e+02,5.106584089168e-02,4.819384713760e+00,-5.126603145777e+00,-9.945987859537e+00,2.063746401307e+00,1.035104618958e+04,9.986055403662e+03,-3.649907859214e+02,3.526124598775e-02,-1.485028606711e+02,-3.952494756493e+02,-2.467466149782e+02,1.661561358907e+00,-8.175746913959e-01,-8.518249834994e-01,-3.425029210347e-02,4.189255423867e-02,-1.005282388453e-01,-3.093859012752e-01,-2.088576624299e-01,2.077601923885e+00,-3.874548870268e+00,-3.676691774132e+00,1.978570961362e-01,5.106584089168e-02,8.933145775868e-04,-9.502601671433e-04,-1.843574744730e-03,2.063746401307e+00,1.918655804346e+00,1.851001610063e+00,-6.765419428285e-02,3.526124598775e-02,-2.752628771719e-02,-7.326290374225e-02,-4.573661602506e-02,1.661561358907e+00
suboff_0000_u0_v0_w1p5,1.500000000000e+00,interpolation,all_surface,mean_field,0,0,0.000000000000e+00,-1.878285690195e+02,-1.238223802349e+02,6.400618878465e+01,3.407691871304e-01,-2.000914479827e+02,2.608349183767e+01,2.261749398204e+02,1.130357854374e+00,9.175759087474e+02,-2.165741299929e+02,-1.134150038740e+03,1.236028570419e+00,1.986151491743e+00,-5.706470641340e-01,-2.556798555877e+00,1.287312960017e+00,-1.963482056852e+03,2.243759348075e+02,2.187857991660e+03,1.114274502293e+00,-1.931254251655e+02,6.177559525417e+01,2.549010204197e+02,1.319872928182e+00,-8.256878933113e-01,-5.443189010842e-01,2.813689922271e-01,3.407691871304e-01,-8.795950851187e-01,1.146621280142e-01,9.942572131329e-01,1.130357854374e+00,4.033631960259e+00,-9.520523851778e-01,-4.985684345437e+00,1.236028570419e+00,2.004374028042e-03,-5.758826349771e-04,-2.580256663019e-03,1.287312960017e+00,-1.981496605693e+00,2.264345384103e-01,2.207931144103e+00,1.114274502293e+00,-1.948973116933e-01,6.234237378622e-02,2.572396854795e-01,1.319872928182e+00
suboff_0000_u0_v0_w1p5,1.500000000000e+00,interpolation,all_surface,practical,126,30,0.000000000000e+00,-1.878285690195e+02,-1.738116984580e+02,1.401687056149e+01,7.462587099853e-02,-2.000914479827e+02,-2.263692245541e+02,-2.627777657143e+01,1.313288340724e-01,9.175759087474e+02,8.088090194182e+02,-1.087668893292e+02,1.185372112458e-01,1.986151491743e+00,8.106092439859e+00,6.119940948116e+00,3.081306221383e+00,-1.963482056852e+03,-1.824951715406e+03,1.385303414467e+02,7.055340330879e-02,-1.931254251655e+02,-2.665028554627e+02,-7.337743029714e+01,3.799470226887e-01,-8.256878933113e-01,-7.640702151000e-01,6.161767821130e-02,7.462587099853e-02,-8.795950851187e-01,-9.951112821032e-01,-1.155161969844e-01,1.313288340724e-01,4.033631960259e+00,3.555496476498e+00,-4.781354837608e-01,1.185372112458e-01,2.004374028042e-03,8.180464190625e-03,6.176090162584e-03,3.081306221383e+00,-1.981496605693e+00,-1.841695276517e+00,1.398013291764e-01,7.055340330879e-02,-1.948973116933e-01,-2.689479650012e-01,-7.405065330791e-02,3.799470226887e-01
suboff_0000_u0_v0_w2p5,2.500000000000e+00,interpolation,all_surface,mean_field,0,0,0.000000000000e+00,-5.250455870731e+02,-3.439510562080e+02,1.810945308651e+02,3.449120139731e-01,2.247445747766e+02,7.245414399352e+01,-1.522904307831e+02,6.776156040006e-01,2.499217984783e+03,-6.015948055359e+02,-3.100812790318e+03,1.240713218774e+00,2.312120153375e+00,-1.585130733706e+00,-3.897250887080e+00,1.685574550004e+00,-5.359748422112e+03,6.232664855762e+02,5.983014907688e+03,1.116286518786e+00,2.271844383298e+02,1.715988757060e+02,-5.558556262377e+01,2.446715234213e-01,-8.309096070980e-01,-5.443189010842e-01,2.865907060138e-01,3.449120139731e-01,3.556689760332e-01,1.146621280142e-01,-2.410068480190e-01,6.776156040006e-01,3.955131297007e+00,-9.520523851778e-01,-4.907183682184e+00,1.240713218774e+00,8.400000189236e-04,-5.758826349771e-04,-1.415882653901e-03,1.685574550004e+00,-1.947212288872e+00,2.264345384103e-01,2.173646827282e+00,1.116286518786e+00,8.253677137740e-02,6.234237378621e-02,-2.019439759119e-02,2.446715234213e-01
suboff_0000_u0_v0_w2p5,2.500000000000e+00,interpolation,all_surface,practical,126,30,0.000000000000e+00,-5.250455870731e+02,-4.994789707889e+02,2.556661628421e+01,4.869408850140e-02,2.247445747766e+02,-3.380476609227e+02,-5.627922356993e+02,2.504141584991e+00,2.499217984783e+03,2.283785509425e+03,-2.154324753571e+02,8.619995401316e-02,2.312120153375e+00,2.689933749069e+00,3.778135956938e-01,1.634056928842e-01,-5.359748422112e+03,-5.123812305405e+03,2.359361167074e+02,4.401999835180e-02,2.271844383298e+02,-4.293612569428e+02,-6.565456952726e+02,2.889923711762e+00,-8.309096070980e-01,-7.904492211533e-01,4.046038594470e-02,4.869408850140e-02,3.556689760332e-01,-5.349764973429e-01,-8.906454733761e-01,2.504141584991e+00,3.955131297007e+00,3.614199161089e+00,-3.409321359180e-01,8.619995401316e-02,8.400000189236e-04,9.772608040386e-04,1.372607851150e-04,1.634056928842e-01,-1.947212288872e+00,-1.861496007125e+00,8.571628174674e-02,4.401999835180e-02,8.253677137740e-02,-1.559882013184e-01,-2.385249726958e-01,2.889923711762e+00
suboff_0000_u0_v0_w3p5,3.500000000000e+00,extrapolation,all_surface,mean_field,0,0,0.000000000000e+00,-1.015084022563e+03,-6.741440701677e+02,3.409399523953e+02,3.358736270269e-01,6.350374719572e+02,1.420101222273e+02,-4.930273497299e+02,7.763752085533e-01,4.700343953907e+03,-1.179125818850e+03,-5.879469772757e+03,1.250859475479e+00,2.031370040290e+00,-3.106856238063e+00,-5.138226278353e+00,2.529438840015e+00,-1.019094264915e+04,1.221602311729e+03,1.141254496088e+04,1.119871375376e+00,6.597300869796e+02,3.363337963838e+02,-3.233962905957e+02,4.901948493456e-01,-8.196013940050e-01,-5.443189010842e-01,2.752824929208e-01,3.358736270269e-01,5.127433647782e-01,1.146621280142e-01,-3.980812367639e-01,7.763752085533e-01,3.795162145492e+00,-9.520523851778e-01,-4.747214530670e+00,1.250859475479e+00,3.765319801683e-04,-5.758826349771e-04,-9.524146151453e-04,2.529438840015e+00,-1.888979230449e+00,2.264345384103e-01,2.115413768860e+00,1.119871375376e+00,1.222866691445e-01,6.234237378622e-02,-5.994429535825e-02,4.901948493456e-01
suboff_0000_u0_v0_w3p5,3.500000000000e+00,extrapolation,all_surface,practical,126,30,0.000000000000e+00,-1.015084022563e+03,-9.533369558381e+02,6.174706672491e+01,6.082951297864e-02,6.350374719572e+02,-6.574448791732e+02,-1.292482351130e+03,2.035285173246e+00,4.700343953907e+03,4.328419195434e+03,-3.719247584731e+02,7.912713667773e-02,2.031370040290e+00,3.548793472930e+00,1.517423432639e+00,7.469950833884e-01,-1.019094264915e+04,-9.867120100674e+03,3.238225484761e+02,3.177552456378e-02,6.597300869796e+02,-7.643757522579e+02,-1.424105839237e+03,2.158618906949e+00,-8.196013940050e-01,-7.697454403710e-01,4.985595363394e-02,6.082951297864e-02,5.127433647782e-01,-5.308356032353e-01,-1.043578968014e+00,2.035285173246e+00,3.795162145492e+00,3.494861831692e+00,-3.003003138005e-01,7.912713667773e-02,3.765319801683e-04,6.577995180924e-04,2.812675379242e-04,7.469950833884e-01,-1.888979230449e+00,-1.828955924512e+00,6.002330593761e-02,3.177552456378e-02,1.222866691445e-01,-1.416836469386e-01,-2.639703160831e-01,2.158618906949e+00
suboff_0000_u0_v1p5_w-1p5,2.121320343560e+00,interpolation,all_surface,mean_field,0,0,0.000000000000e+00,-4.010438872599e+02,-2.398259550508e+02,1.612179322091e+02,4.019957349571e-01,1.307373377581e+03,6.166256111647e+01,-1.245710816465e+03,9.528347737732e-01,-1.751942955724e+03,-4.635954610367e+02,1.288347494688e+03,7.353821027552e-01,-1.031225130815e+02,-1.347184210064e+00,1.017753288714e+02,9.869360804949e-01,3.143456279719e+03,4.640893926044e+02,-2.679366887115e+03,8.523633378970e-01,2.776581766687e+03,1.391077294257e+02,-2.637474037261e+03,9.498996459983e-01,-8.814875290951e-01,-5.271333019809e-01,3.543542271141e-01,4.019957349571e-01,2.873584076004e+00,1.355332430264e-01,-2.738050832978e+00,9.528347737732e-01,-3.850740320987e+00,-1.018974806575e+00,2.831765514412e+00,7.353821027552e-01,-5.203432059090e-02,-6.797721757040e-04,5.135454841519e-02,9.869360804949e-01,1.586148426127e+00,2.341736592332e-01,-1.351974766893e+00,8.523633378970e-01,1.401028170061e+00,7.019200728645e-02,-1.330836162775e+00,9.498996459983e-01
suboff_0000_u0_v1p5_w-1p5,2.121320343560e+00,interpolation,all_surface,practical,126,30,0.000000000000e+00,-4.010438872599e+02,-3.436480196164e+02,5.739586764351e+01,1.431161762262e-01,1.307373377581e+03,1.159197181543e+03,-1.481761960378e+02,1.133388506900e-01,-1.751942955724e+03,-1.449883407274e+03,3.020595484500e+02,1.724140317829e-01,-1.031225130815e+02,-8.580125010997e+01,1.732126297148e+01,1.679678127879e-01,3.143456279719e+03,2.947561591358e+03,-1.958946883616e+02,6.231824810971e-02,2.776581766687e+03,2.752867574124e+03,-2.371419256286e+01,8.540786677842e-03,-8.814875290951e-01,-7.553324045399e-01,1.261551245551e-01,1.431161762262e-01,2.873584076004e+00,2.547895359468e+00,-3.256887165354e-01,1.133388506900e-01,-3.850740320987e+00,-3.186818656897e+00,6.639216640902e-01,1.724140317829e-01,-5.203432059090e-02,-4.329422957134e-02,8.740091019558e-03,1.679678127879e-01,1.586148426127e+00,1.487302434968e+00,-9.884599115819e-02,6.231824810971e-02,1.401028170061e+00,1.389062287331e+00,-1.196588273014e-02,8.540786677842e-03
suboff_0000_u0_v1p5_w0,1.500000000000e+00,interpolation,all_surface,mean_field,0,0,0.000000000000e+00,-1.942016260258e+02,-1.233095441180e+02,7.089208190780e+01,3.650437092550e-01,1.157276244408e+03,2.718322970570e+01,-1.130093014702e+03,9.765110276504e-01,-5.412137104184e+02,-2.472660662419e+02,2.939476441765e+02,5.431267510745e-01,-2.093604158360e+01,-5.914504997118e-01,2.034459108389e+01,9.717496501261e-01,5.220234303760e+02,2.454226988031e+02,-2.766007315730e+02,5.298626756537e-01,2.312789367492e+03,6.145813193019e+01,-2.251331235562e+03,9.734268356669e-01,-8.537036314969e-01,-5.420644912508e-01,3.116391402461e-01,3.650437092550e-01,5.087346345724e+00,1.194965376474e-01,-4.967849808077e+00,9.765110276504e-01,-2.379156752986e+00,-1.086973075440e+00,1.292183677546e+00,5.431267510745e-01,-2.112812551038e-02,-5.968769378485e-04,2.053124857253e-02,9.717496501261e-01,5.268128892610e-01,2.476744021883e-01,-2.791384870727e-01,5.298626756537e-01,2.334008739920e+00,6.202199780075e-02,-2.271986742119e+00,9.734268356669e-01
suboff_0000_u0_v1p5_w0,1.500000000000e+00,interpolation,all_surface,practical,126,30,0.000000000000e+00,-1.942016260258e+02,-1.822931816217e+02,1.190844440405e+01,6.132000358466e-02,1.157276244408e+03,1.119616911952e+03,-3.765933245576e+01,3.254135098490e-02,-5.412137104184e+02,-4.541945021720e+02,8.701920824634e+01,1.607852989886e-01,-2.093604158360e+01,-1.413478680259e+01,6.801254781009e+00,3.248586775037e-01,5.220234303760e+02,4.524160123316e+02,-6.960741804442e+01,1.333415590068e-01,2.312789367492e+03,2.401365010905e+03,8.857564341233e+01,3.829818861039e-02,-8.537036314969e-01,-8.013545217533e-01,5.234910974363e-02,6.132000358466e-02,5.087346345724e+00,4.921797222706e+00,-1.655491230180e-01,3.254135098490e-02,-2.379156752986e+00,-1.996623323117e+00,3.825334298696e-01,1.607852989886e-01,-2.112812551038e-02,-1.426447059894e-02,6.863654911433e-03,3.248586775037e-01,5.268128892610e-01,4.565668373020e-01,-7.024605195894e-02,1.333415590068e-01,2.334008739920e+00,2.423397046860e+00,8.938830693976e-02,3.829818861039e-02
suboff_0000_u0_v1p5_w1p5,2.121320343560e+00,interpolation,all_surface,mean_field,0,0,0.000000000000e+00,-3.451353982972e+02,-2.398259550508e+02,1.053094432464e+02,3.051250140263e-01,1.568148803953e+03,6.166256111647e+01,-1.506486242837e+03,9.606781187085e-01,1.120670101749e+03,-4.635954610367e+02,-1.584265562786e+03,1.413677013702e+00,-1.794270591353e+01,-1.347184210064e+00,1.659552170347e+01,9.249174446398e-01,-2.512231994293e+03,4.640893926044e+02,2.976321386897e+03,1.184731901217e+00,2.975102236015e+03,1.391077294257e+02,-2.835994506589e+03,9.532427061693e-01,-7.586016371597e-01,-5.271333019809e-01,2.314683351788e-01,3.051250140263e-01,3.446763953678e+00,1.355332430264e-01,-3.311230710652e+00,9.606781187085e-01,2.463213504315e+00,-1.018974806575e+00,-3.482188310891e+00,1.413677013702e+00,-9.053663296930e-03,-6.797721757040e-04,8.373891121226e-03,9.249174446398e-01,-1.267640606145e+00,2.341736592332e-01,1.501814265378e+00,1.184731901217e+00,1.501199097206e+00,7.019200728645e-02,-1.431007089920e+00,9.532427061693e-01
suboff_0000_u0_v1p5_w1p5,2.121320343560e+00,interpolation,all_surface,practical,126,30,0.000000000000e+00,-3.451353982972e+02,-2.706576259507e+02,7.447777234644e+01,2.157929111702e-01,1.568148803953e+03,1.418307094468e+03,-1.498417094854e+02,9.555324667384e-02,1.120670101749e+03,1.171927263378e+03,5.125716162879e+01,4.573795762802e-02,-1.794270591353e+01,-3.397534741855e+01,-1.603264150502e+01,8.935464685362e-01,-2.512231994293e+03,-2.573382625653e+03,-6.115063136067e+01,2.434115619083e-02,2.975102236015e+03,3.070401366853e+03,9.529913083760e+01,3.203222050118e-02,-7.586016371597e-01,-5.949007814585e-01,1.637008557012e-01,2.157929111702e-01,3.446763953678e+00,3.117414467386e+00,-3.293494862923e-01,9.555324667384e-02,2.463213504315e+00,2.575875859204e+00,1.126623548891e-01,4.573795762802e-02,-9.053663296930e-03,-1.714353216322e-02,-8.089868866288e-03,8.935464685362e-01,-1.267640606145e+00,-1.298496444133e+00,-3.085583798800e-02,2.434115619083e-02,1.501199097206e+00,1.549285837704e+00,4.808674049788e-02,3.203222050118e-02
suboff_0000_u0_v2p5_w0,2.500000000000e+00,interpolation,all_surface,mean_field,0,0,0.000000000000e+00,-5.381159975720e+02,-3.425265114388e+02,1.955894861332e+02,3.634708631889e-01,3.117428035050e+03,7.550897140472e+01,-3.041919063645e+03,9.757784396125e-01,-1.294624897919e+03,-6.868501840052e+02,6.077747139139e+02,4.694600844544e-01,-5.565437417760e+01,-1.642918054755e+00,5.401145612285e+01,9.704799833071e-01,1.292301068676e+03,6.817297188974e+02,-6.105713497782e+02,4.724683470269e-01,6.343750302142e+03,1.707170331394e+02,-6.173033269003e+03,9.730889418706e-01,-8.515941532016e-01,-5.420644912508e-01,3.095296619508e-01,3.634708631889e-01,4.933478097016e+00,1.194965376474e-01,-4.813981559368e+00,9.757784396125e-01,-2.048805459476e+00,-1.086973075440e+00,9.618323840364e-01,4.694600844544e-01,-2.021939703009e-02,-5.968769378485e-04,1.962252009225e-02,9.704799833071e-01,4.694967606065e-01,2.476744021883e-01,-2.218223584182e-01,4.724683470269e-01,2.304703051902e+00,6.202199780075e-02,-2.242681054101e+00,9.730889418706e-01
suboff_0000_u0_v2p5_w0,2.500000000000e+00,interpolation,all_surface,practical,126,30,0.000000000000e+00,-5.381159975720e+02,-5.103969588155e+02,2.771903875650e+01,5.151127058397e-02,3.117428035050e+03,3.115136877802e+03,-2.291157247664e+00,7.349511269880e-04,-1.294624897919e+03,-1.209857537476e+03,8.476736044332e+01,6.547638669670e-02,-5.565437417760e+01,-3.629057425378e+01,1.936379992382e+01,3.479295241382e-01,1.292301068676e+03,1.203751981383e+03,-8.854908729258e+01,6.852047826853e-02,6.343750302142e+03,6.759082699842e+03,4.153323977003e+02,6.547111376058e-02,-8.515941532016e-01,-8.077274563483e-01,4.386669685330e-02,5.151127058397e-02,4.933478097016e+00,4.929852231728e+00,-3.625865287372e-03,7.349511269880e-04,-2.048805459476e+00,-1.914657080945e+00,1.341483785310e-01,6.547638669670e-02,-2.021939703009e-02,-1.318447184305e-02,7.034925187042e-03,3.479295241382e-01,4.694967606065e-01,4.373266180242e-01,-3.217014258228e-02,6.852047826853e-02,2.304703051902e+00,2.455594527597e+00,1.508914756954e-01,6.547111376058e-02
suboff_0000_u0_v3p5_w0,3.500000000000e+00,extrapolation,all_surface,mean_field,0,0,0.000000000000e+00,-1.079301420787e+03,-6.713519624200e+02,4.079494583669e+02,3.779754668250e-01,6.096597385983e+03,1.479975839532e+02,-5.948599802030e+03,9.757245600155e-01,-3.088357225627e+03,-1.346226360650e+03,1.742130864977e+03,5.640962938228e-01,-1.087412996636e+02,-3.220119387320e+00,1.055211802763e+02,9.703873376787e-01,3.028377776478e+03,1.336190249039e+03,-1.692187527439e+03,5.587768938811e-01,1.234389950153e+04,3.346053849532e+02,-1.200929411658e+04,9.728930566138e-01,-8.714519481796e-01,-5.420644912508e-01,3.293874569288e-01,3.779754668250e-01,4.922528189955e+00,1.194965376474e-01,-4.803031652307e+00,9.757245600155e-01,-2.493608244289e+00,-1.086973075440e+00,1.406635168850e+00,5.640962938228e-01,-2.015613899798e-02,-5.968769378485e-04,1.955926206013e-02,9.703873376787e-01,5.613359743711e-01,2.476744021883e-01,-3.136615721828e-01,5.587768938811e-01,2.288048376280e+00,6.202199780075e-02,-2.226026378479e+00,9.728930566138e-01
suboff_0000_u0_v3p5_w0,3.500000000000e+00,extrapolation,all_surface,practical,126,30,0.000000000000e+00,-1.079301420787e+03,-1.021215306299e+03,5.808611448747e+01,5.381825073955e-02,6.096597385983e+03,6.078329345956e+03,-1.826804002726e+01,2.996432086734e-03,-3.088357225627e+03,-2.512077028270e+03,5.762801973577e+02,1.865976489299e-01,-1.087412996636e+02,-7.384481517793e+01,3.489648448571e+01,3.209128876853e-01,3.028377776478e+03,2.508072313451e+03,-5.203054630266e+02,1.718099594667e-01,1.234389950153e+04,1.309586172869e+04,7.519622271539e+02,6.091772110269e-02,-8.714519481796e-01,-8.245519287250e-01,4.690001945460e-02,5.381825073955e-02,4.922528189955e+00,4.907778168539e+00,-1.475002141624e-02,2.996432086734e-03,-2.493608244289e+00,-2.028306808553e+00,4.653014357366e-01,1.865976489299e-01,-2.015613899798e-02,-1.368777422755e-02,6.468364770426e-03,3.209128876853e-01,5.613359743711e-01,4.648928633672e-01,-9.644311100392e-02,1.718099594667e-01,2.288048376280e+00,2.427431069135e+00,1.393826928557e-01,6.091772110269e-02
suboff_0000_u1p5_v-1p5_w0,2.121320343560e+00,interpolation,all_surface,mean_field,0,0,0.000000000000e+00,-4.560398946711e+02,-2.398259550508e+02,2.162139396203e+02,4.741118971099e-01,-2.159886404531e+03,6.166256111647e+01,2.221548965647e+03,1.028548983404e+00,-7.696055908660e+02,-4.635954610367e+02,3.060101298294e+02,3.976194215079e-01,1.384884993195e+02,-1.347184210064e+00,-1.398356835296e+02,1.009727769574e+00,6.412139331372e+02,4.640893926044e+02,-1.771245405328e+02,2.762331436970e-01,-2.876879531636e+03,1.391077294257e+02,3.015987261062e+03,1.048353685963e+00,-1.002367802360e+00,-5.271333019809e-01,4.752345003786e-01,4.741118971099e-01,-4.747392967050e+00,1.355332430264e-01,4.882926210077e+00,1.028548983404e+00,-1.691579780222e+00,-1.018974806575e+00,6.726049736461e-01,3.976194215079e-01,6.987955157815e-02,-6.797721757040e-04,-7.055932375386e-02,1.009727769574e+00,3.235484703312e-01,2.341736592332e-01,-8.937481109793e-02,2.762331436970e-01,-1.451637158341e+00,7.019200728645e-02,1.521829165627e+00,1.048353685963e+00
suboff_0000_u1p5_v-1p5_w0,2.121320343560e+00,interpolation,all_surface,practical,126,30,0.000000000000e+00,-4.560398946711e+02,-5.018846097413e+02,-4.584471507019e+01,1.005278608426e-01,-2.159886404531e+03,-2.551651720610e+03,-3.917653160787e+02,1.813823705065e-01,-7.696055908660e+02,3.587689412847e+02,1.128374532151e+03,1.466172472683e+00,1.384884993195e+02,1.339379362346e+02,-4.550563084947e+00,3.285877966262e-02,6.412139331372e+02,-3.056381985853e+02,-9.468521317225e+02,1.476655579036e+00,-2.876879531636e+03,-3.789536236189e+03,-9.126567045532e+02,3.172384156226e-01,-1.002367802360e+00,-1.103133693308e+00,-1.007658909487e-01,1.005278608426e-01,-4.747392967050e+00,-5.608486357140e+00,-8.610933900896e-01,1.813823705065e-01,-1.691579780222e+00,7.885679288864e-01,2.480147709108e+00,1.466172472683e+00,6.987955157815e-02,6.758339478992e-02,-2.296156788229e-03,3.285877966262e-02,3.235484703312e-01,-1.542211834718e-01,-4.777696538030e-01,1.476655579036e+00,-1.451637158341e+00,-1.912152230512e+00,-4.605150721709e-01,3.172384156226e-01
suboff_0000_u1p5_v0_w-1p5,2.121320343560e+00,interpolation,all_surface,mean_field,0,0,0.000000000000e+00,-1.087479176413e+03,-2.398259550508e+02,8.476532213626e+02,7.794661633506e-01,-2.011839227517e+02,6.166256111647e+01,2.628464838682e+02,1.306498453122e+00,-4.586176611577e+03,-4.635954610367e+02,4.122581150540e+03,8.989146078966e-01,1.470190163478e+00,-1.347184210064e+00,-2.817374373542e+00,1.916333304037e+00,6.230185506381e+03,4.640893926044e+02,-5.766096113776e+03,9.255095386600e-01,-5.423983027204e+02,1.391077294257e+02,6.815060321462e+02,1.256467855316e+00,-2.390260424385e+00,-5.271333019809e-01,1.863127122405e+00,7.794661633506e-01,-4.421987832099e-01,1.355332430264e-01,5.777320262363e-01,1.306498453122e+00,-1.008033688521e+01,-1.018974806575e+00,9.061362078632e+00,8.989146078966e-01,7.418394297237e-04,-6.797721757040e-04,-1.421611605428e-03,1.916333304037e+00,3.143673096133e+00,2.341736592332e-01,-2.909499436900e+00,9.255095386600e-01,-2.736873484592e-01,7.019200728645e-02,3.438793557457e-01,1.256467855316e+00
suboff_0000_u1p5_v0_w-1p5,2.121320343560e+00,interpolation,all_surface,practical,126,30,0.000000000000e+00,-1.087479176413e+03,-1.247093096710e+03,-1.596139202966e+02,1.467742314138e-01,-2.011839227517e+02,1.930365666498e+02,3.942204894015e+02,1.959502946406e+00,-4.586176611577e+03,-1.844520620681e+03,2.741655990896e+03,5.978086373680e-01,1.470190163478e+00,8.660319460869e-01,-6.041582173915e-01,4.109388243777e-01,6.230185506381e+03,2.708729056418e+03,-3.521456449962e+03,5.652249754611e-01,-5.423983027204e+02,6.217500088544e+02,1.164148311575e+03,2.146297851110e+00,-2.390260424385e+00,-2.741089061054e+00,-3.508286366681e-01,1.467742314138e-01,-4.421987832099e-01,4.242910353869e-01,8.664898185968e-01,1.959502946406e+00,-1.008033688521e+01,-4.054224427651e+00,6.026112457556e+00,5.978086373680e-01,7.418394297237e-04,4.369888065960e-04,-3.048506231277e-04,4.109388243777e-01,3.143673096133e+00,1.366790547513e+00,-1.776882548619e+00,5.652249754611e-01,-2.736873484592e-01,3.137272194149e-01,5.874145678741e-01,2.146297851110e+00
suboff_0000_u1p5_v0_w0,1.500000000000e+00,interpolation,all_surface,mean_field,0,0,0.000000000000e+00,1.531779696243e+00,-1.022951932314e+02,-1.038269729277e+02,6.778192267618e+01,4.815732344395e+00,1.697661559460e+01,1.216088325020e+01,2.525240686260e+00,4.133342685104e+01,-2.156952801287e+02,-2.570287069797e+02,6.218422389851e+00,6.567396491775e-02,-1.015343910637e-01,-1.672083559815e-01,2.546037173039e+00,-4.980209339716e+01,2.187525498146e+02,2.685546432117e+02,5.392436841361e+00,2.143172185984e+01,3.871488622013e+01,1.728316436030e+01,8.064291088382e-01,6.733650567694e-03,-4.496861315402e-01,-4.564197821079e-01,6.778192267618e+01,2.116979283264e-02,7.462861501332e-02,5.345882218067e-02,2.525240686260e+00,1.817003149101e-01,-9.481889915700e-01,-1.129889306480e+00,6.218422389851e+00,6.627651019921e-05,-1.024659484673e-04,-1.687424586665e-04,2.546037173039e+00,-5.025901748300e-02,2.207595600029e-01,2.710185774859e-01,5.392436841361e+00,2.162835355242e-02,3.907008743333e-02,1.744173388091e-02,8.064291088382e-01
suboff_0000_u1p5_v0_w0,1.500000000000e+00,interpolation,all_surface,practical,126,30,0.000000000000e+00,1.531779696243e+00,-1.465899927506e+00,-2.997679623749e+00,1.956991355285e+00,4.815732344395e+00,-6.902367871178e+01,-7.383941105618e+01,1.533295577403e+01,4.133342685104e+01,6.011679861280e+01,1.878337176176e+01,4.544353854196e-01,6.567396491775e-02,1.182804928572e+01,1.176237532081e+01,1.791025611981e+02,-4.980209339716e+01,2.718845622259e+02,3.216866556231e+02,6.459299874358e+00,2.143172185984e+01,-2.218453633322e+02,-2.432770851920e+02,1.135126177836e+01,6.733650567694e-03,-6.444045382796e-03,-1.317769595049e-02,1.956991355285e+00,2.116979283264e-02,-3.034257044156e-01,-3.245954972483e-01,1.533295577403e+01,1.817003149101e-01,2.642713675472e-01,8.257105263705e-02,4.544353854196e-01,6.627651019921e-05,1.193656923415e-02,1.187029272395e-02,1.791025611981e+02,-5.025901748300e-02,2.743790478303e-01,3.246380653133e-01,6.459299874358e+00,2.162835355242e-02,-2.238807494560e-01,-2.455091030084e-01,1.135126177836e+01
suboff_0000_u1p5_v0_w1p5,2.121320343560e+00,interpolation,all_surface,mean_field,0,0,0.000000000000e+00,-1.414205256732e+02,-2.398259550508e+02,-9.840542937755e+01,6.958355508091e-01,3.728333944938e+01,6.166256111647e+01,2.437922166709e+01,6.538905051729e-01,1.420260712190e+03,-4.635954610367e+02,-1.883856173227e+03,1.326415746812e+00,-6.724583621257e-01,-1.347184210064e+00,-6.747258479378e-01,1.003371934888e+00,-2.467451500857e+03,4.640893926044e+02,2.931540893461e+03,1.188084504374e+00,9.391920035004e+01,1.391077294257e+02,4.518852907570e+01,4.811426088305e-01,-3.108398698974e-01,-5.271333019809e-01,-2.162934320835e-01,6.958355508091e-01,8.194813538288e-02,1.355332430264e-01,5.358510764348e-02,6.538905051729e-01,3.121708485356e+00,-1.018974806575e+00,-4.140683291931e+00,1.326415746812e+00,-3.393140154686e-04,-6.797721757040e-04,-3.404581602354e-04,1.003371934888e+00,-1.245044933463e+00,2.341736592332e-01,1.479218592697e+00,1.188084504374e+00,4.739044496321e-02,7.019200728645e-02,2.280156232324e-02,4.811426088305e-01
suboff_0000_u1p5_v0_w1p5,2.121320343560e+00,interpolation,all_surface,practical,126,30,0.000000000000e+00,-1.414205256732e+02,-2.950920448475e+01,1.119113211885e+02,7.913371885426e-01,3.728333944938e+01,-2.766130209917e+02,-3.138963604411e+02,8.419212577975e+00,1.420260712190e+03,1.287223372723e+03,-1.330373394670e+02,9.367106920941e-02,-6.724583621257e-01,5.874295468926e+00,6.546753831052e+00,9.735552711928e+00,-2.467451500857e+03,-2.044401622558e+03,4.230498782991e+02,1.714521554536e-01,9.391920035004e+01,-7.722541938617e+02,-8.661733942118e+02,9.222538000574e+00,-3.108398698974e-01,-6.486072116584e-02,2.459791487316e-01,7.913371885426e-01,8.194813538288e-02,-6.079906367742e-01,-6.899387721571e-01,8.419212577975e+00,3.121708485356e+00,2.829294713773e+00,-2.924137715834e-01,9.367106920941e-02,-3.393140154686e-04,2.964095468022e-03,3.303409483490e-03,9.735552711928e+00,-1.245044933463e+00,-1.031579295984e+00,2.134656374789e-01,1.714521554536e-01,4.739044496321e-02,-3.896697345741e-01,-4.370601795373e-01,9.222538000574e+00
suboff_0000_u1p5_v1p5_w0,2.121320343560e+00,interpolation,all_surface,mean_field,0,0,0.000000000000e+00,-4.578489482466e+02,-2.398259550508e+02,2.180229931959e+02,4.761897871138e-01,2.179312671739e+03,6.166256111647e+01,-2.117650110623e+03,9.717055005846e-01,-7.758200534554e+02,-4.635954610367e+02,3.122245924188e+02,4.024446017194e-01,-1.379694367122e+02,-1.347184210064e+00,1.366222525021e+02,9.902356330346e-01,6.281024547622e+02,4.640893926044e+02,-1.640130621578e+02,2.611246953650e-01,2.918781941668e+03,1.391077294257e+02,-2.779674212243e+03,9.523404857897e-01,-1.006344070835e+00,-5.271333019809e-01,4.792107688543e-01,4.761897871138e-01,4.790091566443e+00,1.355332430264e-01,-4.654558323416e+00,9.717055005846e-01,-1.705239061529e+00,-1.018974806575e+00,6.862642549532e-01,4.024446017194e-01,-6.961763912751e-02,-6.797721757040e-04,6.893786695180e-02,9.902356330346e-01,3.169325835689e-01,2.341736592332e-01,-8.275892433567e-02,2.611246953650e-01,1.472780586405e+00,7.019200728645e-02,-1.402588579119e+00,9.523404857897e-01
suboff_0000_u1p5_v1p5_w0,2.121320343560e+00,interpolation,all_surface,practical,126,30,0.000000000000e+00,-4.578489482466e+02,-5.029874260227e+02,-4.513847777609e+01,9.858814342362e-02,2.179312671739e+03,2.422776712229e+03,2.434640404898e+02,1.117159752462e-01,-7.758200534554e+02,1.014898150715e+03,1.790718204170e+03,2.308161791120e+00,-1.379694367122e+02,-1.419150444721e+02,-3.945607759905e+00,2.859769419901e-02,6.281024547622e+02,-1.869576813353e+03,-2.497679268116e+03,3.976547534847e+00,2.918781941668e+03,3.938803639459e+03,1.020021697791e+03,3.494682775815e-01,-1.006344070835e+00,-1.105557664424e+00,-9.921359358902e-02,9.858814342362e-02,4.790091566443e+00,5.325221317307e+00,5.351297508638e-01,1.117159752462e-01,-1.705239061529e+00,2.230728585017e+00,3.935967646546e+00,2.308161791120e+00,-6.961763912751e-02,-7.160854308213e-02,-1.990903954626e-03,2.859769419901e-02,3.169325835689e-01,-9.433649003346e-01,-1.260297483904e+00,3.976547534847e+00,1.472780586405e+00,1.987470681192e+00,5.146900947865e-01,3.494682775815e-01
suboff_0000_u1_v-2_w0p5,2.291287847478e+00,interpolation,all_surface,mean_field,0,0,0.000000000000e+00,-3.266471065523e+02,-2.877222696086e+02,3.892483694374e+01,1.191647994516e-01,-3.015762592699e+03,6.342753597996e+01,3.079190128679e+03,1.021032005680e+00,1.041891001830e+01,-5.769541545643e+02,-5.873730645826e+02,5.637567303595e+01,7.334472952950e+01,-1.380051165994e+00,-7.472478069549e+01,1.018815955486e+00,-7.442716028067e+02,5.726529638738e+02,1.316924566680e+03,1.769413963551e+00,-4.903148148291e+03,1.434023078371e+02,5.046550456129e+03,1.029246986528e+00,-6.153983070991e-01,-5.420644912508e-01,7.333381584830e-02,1.191647994516e-01,-5.681652024255e+00,1.194965376474e-01,5.801148561902e+00,1.021032005680e+00,1.962907204278e-02,-1.086973075440e+00,-1.106602147483e+00,5.637567303595e+01,3.172185107887e-02,-5.968769378485e-04,-3.231872801672e-02,1.018815955486e+00,-3.219000615030e-01,2.476744021883e-01,5.695744636913e-01,1.769413963551e+00,-2.120628658330e+00,6.202199780075e-02,2.182650656131e+00,1.029246986528e+00
suboff_0000_u1_v-2_w0p5,2.291287847478e+00,interpolation,all_surface,practical,126,30,0.000000000000e+00,-3.266471065523e+02,-3.812020342416e+02,-5.455492768927e+01,1.670148811820e-01,-3.015762592699e+03,-3.374819474101e+03,-3.590568814012e+02,1.190600620455e-01,1.041891001830e+01,3.540676049891e+02,3.436486949708e+02,3.298317140345e+01,7.334472952950e+01,9.363667405855e+01,2.029194452905e+01,2.766653399532e-01,-7.442716028067e+02,-1.558340361473e+03,-8.140687586667e+02,1.093779146748e+00,-4.903148148291e+03,-5.569111025565e+03,-6.659628772732e+02,1.358235274831e-01,-6.153983070991e-01,-7.181789822389e-01,-1.027806751397e-01,1.670148811820e-01,-5.681652024255e+00,-6.358109866783e+00,-6.764578425285e-01,1.190600620455e-01,1.962907204278e-02,6.670581197204e-01,6.474290476776e-01,3.298317140345e+01,3.172185107887e-02,4.049818779155e-02,8.776336712680e-03,2.766653399532e-01,-3.219000615030e-01,-6.739876361119e-01,-3.520875746089e-01,1.093779146748e+00,-2.120628658330e+00,-2.408659923187e+00,-2.880312648562e-01,1.358235274831e-01
suboff_0000_u1_v2_w0p5,2.291287847478e+00,interpolation,all_surface,mean_field,0,0,0.000000000000e+00,-3.255593978625e+02,-2.877222696086e+02,3.783712825391e+01,1.162218891617e-01,3.056088762777e+03,6.342753597996e+01,-2.992661226797e+03,9.792455190594e-01,3.783996069103e+01,-5.769541545643e+02,-6.147941152554e+02,1.624721865530e+01,-7.441884651797e+01,-1.380051165994e+00,7.303879535197e+01,9.814556227278e-01,-8.795954806438e+02,5.726529638738e+02,1.452248444518e+03,1.651041275763e+00,4.972134771757e+03,1.434023078371e+02,-4.828732463920e+03,9.711588051370e-01,-6.133490800498e-01,-5.420644912508e-01,7.128458879895e-02,1.162218891617e-01,5.757625930957e+00,1.194965376474e-01,-5.638129393310e+00,9.792455190594e-01,7.128992506851e-02,-1.086973075440e+00,-1.158263000508e+00,1.624721865530e+01,-3.218641041897e-02,-5.968769378485e-04,3.158953348112e-02,9.814556227278e-01,-3.804281101809e-01,2.476744021883e-01,6.281025123691e-01,1.651041275763e+00,2.150465613352e+00,6.202199780075e-02,-2.088443615551e+00,9.711588051370e-01
suboff_0000_u1_v2_w0p5,2.291287847478e+00,interpolation,all_surface,practical,126,30,0.000000000000e+00,-3.255593978625e+02,-3.631805992083e+02,-3.762120134583e+01,1.155586402753e-01,3.056088762777e+03,3.154218922280e+03,9.813015950316e+01,3.210972164761e-02,3.783996069103e+01,3.405089625920e+02,3.026690019010e+02,7.998660579283e+00,-7.441884651797e+01,-8.342596067181e+01,-9.007114153836e+00,1.210327030756e-01,-8.795954806438e+02,-1.326359323063e+03,-4.467638424192e+02,5.079196656311e-01,4.972134771757e+03,5.155641977722e+03,1.835072059652e+02,3.690712629263e-02,-6.133490800498e-01,-6.842268657544e-01,-7.087778570464e-02,1.155586402753e-01,5.757625930957e+00,5.942501696951e+00,1.848757659941e-01,3.210972164761e-02,7.128992506851e-02,6.415138384140e-01,5.702239133455e-01,7.998660579283e+00,-3.218641041897e-02,-3.608201867427e-02,-3.895608255307e-03,1.210327030756e-01,-3.804281101809e-01,-5.736550287006e-01,-1.932269185197e-01,5.079196656311e-01,2.150465613352e+00,2.229833119332e+00,7.936750597992e-02,3.690712629263e-02
suboff_0000_u2p5_v0_w0,2.500000000000e+00,interpolation,all_surface,mean_field,0,0,0.000000000000e+00,-4.545668549332e+01,-2.841533145317e+02,-2.386966290384e+02,5.251078613585e+00,2.943692402773e+01,4.715726554055e+01,1.772034151282e+01,6.019766703928e-01,1.257839100653e+02,-5.991535559131e+02,-7.249374659784e+02,5.763356104942e+00,-1.096167323212e+00,-2.820399751771e-01,8.141273480345e-01,7.427035369466e-01,-2.191300379427e+02,6.076459717071e+02,8.267760096498e+02,3.772992591121e+00,9.326245215800e+01,1.075413506115e+02,1.427889845348e+01,1.531044715540e-01,-7.193736622716e-02,-4.496861315402e-01,-3.777487653130e-01,5.251078613585e+00,4.658533197928e-02,7.462861501331e-02,2.804328303403e-02,6.019766703928e-01,1.990590186164e-01,-9.481889915700e-01,-1.147248010186e+00,5.763356104942e+00,-3.982407968276e-04,-1.024659484673e-04,2.957748483603e-04,7.427035369466e-01,-7.961058414282e-02,2.207595600029e-01,3.003701441457e-01,3.772992591121e+00,3.388252183315e-02,3.907008743333e-02,5.187565600182e-03,1.531044715540e-01
suboff_0000_u2p5_v0_w0,2.500000000000e+00,interpolation,all_surface,practical,126,30,0.000000000000e+00,-4.545668549332e+01,-4.179144534409e+01,3.665240149221e+00,8.063148708368e-02,2.943692402773e+01,-1.950301507911e+02,-2.244670748188e+02,7.625357683681e+00,1.257839100653e+02,2.918148666080e+02,1.660309565427e+02,1.319969751747e+00,-1.096167323212e+00,3.259232393957e+01,3.368849126278e+01,3.073298259255e+01,-2.191300379427e+02,5.130610081732e+02,7.321910461158e+02,3.341354079022e+00,9.326245215800e+01,-6.363721765656e+02,-7.296346287236e+02,7.823455333208e+00,-7.193736622716e-02,-6.613694941138e-02,5.800416815779e-03,8.063148708368e-02,4.658533197928e-02,-3.086444871758e-01,-3.552298191551e-01,7.625357683681e+00,1.990590186164e-01,4.618109020024e-01,2.627518833861e-01,1.319969751747e+00,-3.982407968276e-04,1.184088667972e-02,1.223912747654e-02,3.073298259255e+01,-7.961058414282e-02,1.863965659161e-01,2.660071500589e-01,3.341354079022e+00,3.388252183315e-02,-2.311958743049e-01,-2.650783961381e-01,7.823455333208e+00
suboff_0000_u2_v-1_w0p5,2.291287847478e+00,interpolation,all_surface,mean_field,0,0,0.000000000000e+00,-4.053560909152e+01,-2.386887842066e+02,-1.981531751151e+02,4.888372952969e+00,-1.103716790766e+03,3.961210305407e+01,1.143328893820e+03,1.035889734926e+00,-3.587695376661e+02,-5.032889869670e+02,-1.445194493009e+02,4.028197328039e-01,2.186623677395e+01,-2.369135791487e-01,-2.210315035310e+01,1.010834675468e+00,4.958708355991e+02,5.104226162340e+02,1.455178063490e+01,2.934590943894e-02,-1.957596130674e+03,9.033473451365e+01,2.047930865187e+03,1.046145746356e+00,-7.636848669945e-02,-4.496861315402e-01,-3.733176448407e-01,4.888372952969e+00,-2.079386074236e+00,7.462861501332e-02,2.154014689249e+00,1.035889734926e+00,-6.759164911908e-01,-9.481889915700e-01,-2.722725003792e-01,4.028197328039e-01,9.457223593955e-03,-1.024659484673e-04,-9.559689542423e-03,1.010834675468e+00,2.144658641751e-01,2.207595600029e-01,6.293695827825e-03,2.934590943894e-02,-8.466671474306e-01,3.907008743333e-02,8.857372348639e-01,1.046145746356e+00
suboff_0000_u2_v-1_w0p5,2.291287847478e+00,interpolation,all_surface,practical,126,30,0.000000000000e+00,-4.053560909152e+01,-1.070873745605e+01,2.982687163547e+01,7.358190071382e-01,-1.103716790766e+03,-1.760564210982e+03,-6.568474202153e+02,5.951231563300e-01,-3.587695376661e+02,-7.959915456458e+02,-4.372220079797e+02,1.218670935174e+00,2.186623677395e+01,7.506483450337e+01,5.319859772942e+01,2.432910531400e+00,4.958708355991e+02,2.144438955047e+03,1.648568119448e+03,3.324591811205e+00,-1.957596130674e+03,-2.771257498946e+03,-8.136613682728e+02,4.156431224621e-01,-7.636848669945e-02,-2.017510263961e-02,5.619338405984e-02,7.358190071382e-01,-2.079386074236e+00,-3.316876877964e+00,-1.237490803728e+00,5.951231563300e-01,-6.759164911908e-01,-1.499636273610e+00,-8.237197824193e-01,1.218670935174e+00,9.457223593955e-03,3.246580247349e-02,2.300857887953e-02,2.432910531400e+00,2.144658641751e-01,9.274773199945e-01,7.130114558194e-01,3.324591811205e+00,-8.466671474306e-01,-1.198578524275e+00,-3.519113768441e-01,4.156431224621e-01
suboff_0000_u2_v1_w0p5,2.291287847478e+00,interpolation,all_surface,mean_field,0,0,0.000000000000e+00,-4.064485592324e+01,-2.386887842066e+02,-1.980439282834e+02,4.872545954091e+00,1.103149515505e+03,3.961210305407e+01,-1.063537412451e+03,9.640918094081e-01,-3.593835405528e+02,-5.032889869670e+02,-1.439054464142e+02,4.004230304840e-01,-2.100561539676e+01,-2.369135791487e-01,2.076870181761e+01,9.887214168843e-01,5.027614637834e+02,5.104226162340e+02,7.661152450619e+00,1.523814572614e-02,1.961824477009e+03,9.033473451365e+01,-1.871489742495e+03,9.539537121836e-01,-7.657430611112e-02,-4.496861315402e-01,-3.731118254291e-01,4.872545954091e+00,2.078317336052e+00,7.462861501332e-02,-2.003688721039e+00,9.640918094081e-01,-6.770732635283e-01,-9.481889915700e-01,-2.711157280417e-01,4.004230304840e-01,-9.085001849630e-03,-1.024659484673e-04,8.982535901163e-03,9.887214168843e-01,2.174460848740e-01,2.207595600029e-01,3.313475128889e-03,1.523814572614e-02,8.484959219534e-01,3.907008743333e-02,-8.094258345200e-01,9.539537121836e-01
suboff_0000_u2_v1_w0p5,2.291287847478e+00,interpolation,all_surface,practical,126,30,0.000000000000e+00,-4.064485592324e+01,-7.923858676747e+01,-3.859373084423e+01,9.495354324079e-01,1.103149515505e+03,1.270547232241e+03,1.673977167362e+02,1.517452660618e-01,-3.593835405528e+02,3.592323388175e+00,3.629758639409e+02,1.009995792747e+00,-2.100561539676e+01,-2.353817536724e+01,-2.532559970483e+00,1.205658545416e-01,5.027614637834e+02,1.373428687213e+02,-3.654185950621e+02,7.268229993449e-01,1.961824477009e+03,1.978674430620e+03,1.684995361129e+01,8.588920063319e-03,-7.657430611112e-02,-1.492843229757e-01,-7.271001686456e-02,9.495354324079e-01,2.078317336052e+00,2.393692153172e+00,3.153748171200e-01,1.517452660618e-01,-6.770732635283e-01,6.767884017002e-03,6.838411475453e-01,1.009995792747e+00,-9.085001849630e-03,-1.018034286114e-02,-1.095341011513e-03,1.205658545416e-01,2.174460848740e-01,5.940126927009e-02,-1.580448156039e-01,7.268229993449e-01,8.484959219534e-01,8.557835856011e-01,7.287663647709e-03,8.588920063319e-03
suboff_0000_u3p5_v0_w0,3.500000000000e+00,extrapolation,all_surface,mean_field,0,0,0.000000000000e+00,-2.084811101540e+01,-5.569404964821e+02,-5.360923854667e+02,2.571419468511e+01,7.869080027997e-01,9.242824045948e+01,9.164133245668e+01,1.164574920202e+02,3.161777274203e+02,-1.174340969590e+03,-1.490518697010e+03,4.714179930292e+00,-9.773468353359e-03,-5.527983513471e-01,-5.430248829937e-01,5.556112358077e+01,-4.874995862331e+02,1.190986104546e+03,1.678485690779e+03,3.443050493127e+00,1.176714155975e+01,2.107810471985e+02,1.990139056388e+02,1.691268050344e+01,-1.683322805875e-02,-4.496861315402e-01,-4.328529034814e-01,2.571419468511e+01,6.353670057971e-04,7.462861501331e-02,7.399324800752e-02,1.164574920202e+02,2.552889222832e-01,-9.481889915700e-01,-1.203477913853e+00,4.714179930292e+00,-1.811596764357e-06,-1.024659484673e-04,-1.006543517030e-04,5.556112358077e+01,-9.036225842402e-02,2.207595600029e-01,3.111218184269e-01,3.443050493127e+00,2.181141310806e-03,3.907008743333e-02,3.688894612252e-02,1.691268050344e+01
suboff_0000_u3p5_v0_w0,3.500000000000e+00,extrapolation,all_surface,practical,126,30,0.000000000000e+00,-2.084811101540e+01,-3.212761279831e+01,-1.127950178291e+01,5.410323158094e-01,7.869080027997e-01,5.202052792613e+02,5.194183712585e+02,6.600750906211e+02,3.161777274203e+02,1.888243775919e+02,-1.273533498284e+02,4.027903890242e-01,-9.773468353359e-03,-3.324502571174e+01,-3.323525224339e+01,3.400558639141e+03,-4.874995862331e+02,3.736968280502e+02,8.611964142832e+02,1.766558246619e+00,1.176714155975e+01,4.145910012070e+02,4.028238596473e+02,3.423294073603e+01,-1.683322805875e-02,-2.594054841792e-02,-9.107320359171e-03,5.410323158094e-01,6.353670057971e-04,4.200253009350e-01,4.193899339292e-01,6.600750906211e+02,2.552889222832e-01,1.524609979632e-01,-1.028279243200e-01,4.027903890242e-01,-1.811596764357e-06,-6.162252624439e-03,-6.160441027674e-03,3.400558639141e+03,-9.036225842402e-02,6.926793437802e-02,1.596301928020e-01,1.766558246619e+00,2.181141310806e-03,7.684802254054e-02,7.466688122974e-02,3.423294073603e+01
suboff_0000_u3p5_v1_w0,3.640054944640e+00,extrapolation,all_surface,mean_field,0,0,0.000000000000e+00,-5.034397678547e+02,-6.024050268072e+02,-9.896525895251e+01,1.965781514921e-01,1.396189759730e+03,9.997340294597e+01,-1.296216356784e+03,9.283955477762e-01,-1.102267682677e+03,-1.270205538536e+03,-1.679378558583e+02,1.523566902101e-01,-9.798398630882e+01,-5.979247473754e-01,9.738606156145e+01,9.938977299261e-01,2.111402277944e+03,1.288209460019e+03,-8.231928179249e+02,3.898796674249e-01,9.656398652733e+02,2.279876632963e+02,-7.376522019770e+02,7.638999056529e-01,-3.758100805864e-01,-4.496861315402e-01,-7.387605095378e-02,1.965781514921e-01,1.042234284260e+00,7.462861501332e-02,-9.676056692464e-01,9.283955477762e-01,-8.228259527848e-01,-9.481889915700e-01,-1.253630387853e-01,1.523566902101e-01,-1.679144764590e-02,-1.024659484673e-04,1.668898169743e-02,9.938977299261e-01,3.618295411843e-01,2.207595600029e-01,-1.410699811814e-01,3.898796674249e-01,1.654810327009e-01,3.907008743333e-02,-1.264109452675e-01,7.638999056529e-01
suboff_0000_u3p5_v1_w0,3.640054944640e+00,extrapolation,all_surface,practical,126,30,0.000000000000e+00,-5.034397678547e+02,-4.986423672761e+02,4.797400578614e+00,9.529244380231e-03,1.396189759730e+03,2.560484291223e+03,1.164294531493e+03,8.339085166466e-01,-1.102267682677e+03,-2.231983519764e+02,8.790693307011e+02,7.975098467604e-01,-9.798398630882e+01,-1.430312494945e+02,-4.504726318565e+01,4.597410748698e-01,2.111402277944e+03,2.494314522895e+02,-1.861970825655e+03,8.818645528163e-01,9.656398652733e+02,2.773463776734e+03,1.807823911461e+03,1.872151281730e+00,-3.758100805864e-01,-3.722288944879e-01,3.581186098462e-03,9.529244380231e-03,1.042234284260e+00,1.911362330245e+00,8.691280459853e-01,8.339085166466e-01,-8.228259527848e-01,-1.666141532689e-01,6.562117995159e-01,7.975098467604e-01,-1.679144764590e-02,-2.451116583525e-02,-7.719718189346e-03,4.597410748698e-01,3.618295411843e-01,4.274489465207e-02,-3.190846465323e-01,8.818645528163e-01,1.654810327009e-01,4.752865601737e-01,3.098055274729e-01,1.872151281730e+00
