experiment,case_id,u_inf_m_s,v_inf_m_s,w_inf_m_s,speed_m_s,split_type,part_name,method,feature_set,sensor_count,requested_sensor_count,mode_count,requested_mode_count,noise_level,noise_percent,repeat,sampling_rank,condition_number,scaled_condition_number,runtime_ms,parameter_rbf_length_scale,parameter_rbf_noise,parameter_rbf_ridge,cp_rmse,cp_mae,cp_max_abs_error,cp_error_p95,cp_error_p99,cp_bias,cp_r2,cp_correlation,cp_area_weighted_relative_l2,cp_relative_l2_variance_normalized,observation_source,sensor_layout,solver,ridge_lambda_used,prior_lambda,sensor_weights_enabled,random_seed
sensor_count_sensitivity,suboff_0000_u-0p5_v-0p5_w-0p5,-5.000000000000e-01,-5.000000000000e-01,-5.000000000000e-01,8.660254037844e-01,interpolation,all_surface,practical,,60,60,70,70,0.000000000000e+00,0.000000000000e+00,0,60,2.589806684087e+02,2.298743951986e+02,3.688700002385e+00,,,,4.688411490069e-01,3.512750460085e-01,4.496352245523e+00,9.181612759015e-01,1.371728922676e+00,2.178143559489e-01,2.751816061781e-01,7.494716625824e-01,6.778847773400e-01,8.514046022745e-01,cgns_extracted_sensor_matrix,engineering_practical,ridge,1.000000000000e-04,0.000000000000e+00,False,
sensor_count_sensitivity,suboff_0000_u-0p5_v-0p5_w-0p5,-5.000000000000e-01,-5.000000000000e-01,-5.000000000000e-01,8.660254037844e-01,interpolation,all_surface,practical,,80,80,70,70,0.000000000000e+00,0.000000000000e+00,0,70,3.307865966778e+02,2.694448350063e+02,2.846900024451e+00,,,,2.834211876676e-01,2.032187265309e-01,4.200750847739e+00,5.637445694331e-01,8.291237193408e-01,3.091111911238e-02,7.351241338138e-01,8.963937166182e-01,3.966984824829e-01,4.982423635867e-01,cgns_extracted_sensor_matrix,engineering_practical,ridge,1.000000000000e-04,0.000000000000e+00,False,
sensor_count_sensitivity,suboff_0000_u-0p5_v-0p5_w-0p5,-5.000000000000e-01,-5.000000000000e-01,-5.000000000000e-01,8.660254037844e-01,interpolation,all_surface,practical,,100,100,70,70,0.000000000000e+00,0.000000000000e+00,0,70,7.124413357791e+01,6.729191686044e+01,4.433399997652e+00,,,,2.067881167331e-01,1.329593972640e-01,2.871237812596e+00,4.402606590970e-01,7.314341206636e-01,2.202304311449e-02,8.589968162714e-01,9.420042151470e-01,2.824745398912e-01,3.547802389552e-01,cgns_extracted_sensor_matrix,engineering_practical,ridge,1.000000000000e-04,0.000000000000e+00,False,
sensor_count_sensitivity,suboff_0000_u-0p5_v-0p5_w-0p5,-5.000000000000e-01,-5.000000000000e-01,-5.000000000000e-01,8.660254037844e-01,interpolation,all_surface,practical,,126,126,70,70,0.000000000000e+00,0.000000000000e+00,0,70,2.538768855500e+01,2.219485031872e+01,3.807700006291e+00,,,,1.523988375171e-01,1.124301338339e-01,1.720940125351e+00,3.034499582379e-01,4.444551117223e-01,1.339666386944e-02,9.234154665044e-01,9.662670797502e-01,2.142902155750e-01,2.691426063274e-01,cgns_extracted_sensor_matrix,engineering_practical,ridge,1.000000000000e-04,0.000000000000e+00,False,
sensor_count_sensitivity,suboff_0000_u-0p5_v-0p5_w0p5,-5.000000000000e-01,-5.000000000000e-01,5.000000000000e-01,8.660254037844e-01,interpolation,all_surface,practical,,60,60,70,70,0.000000000000e+00,0.000000000000e+00,0,60,2.589806684087e+02,2.298743951986e+02,3.176099999109e+00,,,,8.181382156781e-01,6.246983280163e-01,4.252070295281e+00,1.657158066006e+00,2.023076613090e+00,4.528021816299e-01,-3.748032408075e-01,4.110577431026e-01,9.329847038065e-01,1.201522065730e+00,cgns_extracted_sensor_matrix,engineering_practical,ridge,1.000000000000e-04,0.000000000000e+00,False,
sensor_count_sensitivity,suboff_0000_u-0p5_v-0p5_w0p5,-5.000000000000e-01,-5.000000000000e-01,5.000000000000e-01,8.660254037844e-01,interpolation,all_surface,practical,,80,80,70,70,0.000000000000e+00,0.000000000000e+00,0,70,3.307865966778e+02,2.694448350063e+02,3.353200008860e+00,,,,3.499959344344e-01,2.566314063256e-01,2.670924684824e+00,7.347709978768e-01,8.757218227622e-01,1.217935309994e-01,7.483985220553e-01,8.831827416960e-01,3.961208293299e-01,5.101347483977e-01,cgns_extracted_sensor_matrix,engineering_practical,ridge,1.000000000000e-04,0.000000000000e+00,False,
sensor_count_sensitivity,suboff_0000_u-0p5_v-0p5_w0p5,-5.000000000000e-01,-5.000000000000e-01,5.000000000000e-01,8.660254037844e-01,interpolation,all_surface,practical,,100,100,70,70,0.000000000000e+00,0.000000000000e+00,0,70,7.124413357791e+01,6.729191686044e+01,5.500899977051e+00,,,,2.892734136650e-01,1.878884390251e-01,2.557063693209e+00,6.343494899537e-01,1.005044425135e+00,4.314015729935e-02,8.281283564492e-01,9.160254905816e-01,3.100549646273e-01,3.992968802907e-01,cgns_extracted_sensor_matrix,engineering_practical,ridge,1.000000000000e-04,0.000000000000e+00,False,
sensor_count_sensitivity,suboff_0000_u-0p5_v-0p5_w0p5,-5.000000000000e-01,-5.000000000000e-01,5.000000000000e-01,8.660254037844e-01,interpolation,all_surface,practical,,126,126,70,70,0.000000000000e+00,0.000000000000e+00,0,70,2.538768855500e+01,2.219485031872e+01,3.085300006205e+00,,,,1.861089010521e-01,1.297361471627e-01,1.503854946016e+00,4.051328593803e-01,6.151874571132e-01,5.510336955736e-02,9.288587522460e-01,9.676002690321e-01,2.075457868331e-01,2.672828841802e-01,cgns_extracted_sensor_matrix,engineering_practical,ridge,1.000000000000e-04,0.000000000000e+00,False,
sensor_count_sensitivity,suboff_0000_u-0p5_v-1_w-2,-5.000000000000e-01,-1.000000000000e+00,-2.000000000000e+00,2.291287847478e+00,interpolation,all_surface,practical,,60,60,70,70,0.000000000000e+00,0.000000000000e+00,0,60,2.920733517762e+02,2.222484255735e+02,3.178899991326e+00,,,,8.278284287758e-01,6.369790969760e-01,4.578791296892e+00,1.739991430451e+00,2.100852188222e+00,3.930596727129e-01,-1.896047537199e-01,4.763375237713e-01,8.993713451695e-01,1.093394824362e+00,cgns_extracted_sensor_matrix,engineering_practical,ridge,1.000000000000e-04,0.000000000000e+00,False,
sensor_count_sensitivity,suboff_0000_u-0p5_v-1_w-2,-5.000000000000e-01,-1.000000000000e+00,-2.000000000000e+00,2.291287847478e+00,interpolation,all_surface,practical,,80,80,70,70,0.000000000000e+00,0.000000000000e+00,0,70,4.060851991580e+02,3.118455553643e+02,2.461600000970e+00,,,,3.790295068257e-01,2.943161894649e-01,3.479877990115e+00,7.274421363919e-01,9.519104265464e-01,-4.511715124424e-02,7.506163031633e-01,8.795664351686e-01,4.017206306763e-01,4.883847598435e-01,cgns_extracted_sensor_matrix,engineering_practical,ridge,1.000000000000e-04,0.000000000000e+00,False,
sensor_count_sensitivity,suboff_0000_u-0p5_v-1_w-2,-5.000000000000e-01,-1.000000000000e+00,-2.000000000000e+00,2.291287847478e+00,interpolation,all_surface,practical,,100,100,70,70,0.000000000000e+00,0.000000000000e+00,0,70,6.739878324166e+01,5.721825806450e+01,5.553099996177e+00,,,,2.610953529348e-01,1.817140370481e-01,2.588722421177e+00,5.206653092826e-01,8.837122689243e-01,-1.525302630271e-02,8.816630689412e-01,9.425308074345e-01,2.672955910832e-01,3.249598927460e-01,cgns_extracted_sensor_matrix,engineering_practical,ridge,1.000000000000e-04,0.000000000000e+00,False,
sensor_count_sensitivity,suboff_0000_u-0p5_v-1_w-2,-5.000000000000e-01,-1.000000000000e+00,-2.000000000000e+00,2.291287847478e+00,interpolation,all_surface,practical,,126,126,70,70,0.000000000000e+00,0.000000000000e+00,0,70,2.455491399346e+01,2.010701320024e+01,3.323099983390e+00,,,,1.575596171076e-01,1.143868703736e-01,2.342458712561e+00,3.336656671363e-01,4.795408604370e-01,-2.839616707923e-02,9.569064917744e-01,9.790249275534e-01,1.662590303856e-01,2.021264790160e-01,cgns_extracted_sensor_matrix,engineering_practical,ridge,1.000000000000e-04,0.000000000000e+00,False,
sensor_count_sensitivity,suboff_0000_u-0p5_v0p5_w-0p5,-5.000000000000e-01,5.000000000000e-01,-5.000000000000e-01,8.660254037844e-01,interpolation,all_surface,practical,,60,60,70,70,0.000000000000e+00,0.000000000000e+00,0,60,2.589806684087e+02,2.298743951986e+02,3.025099984370e+00,,,,8.142625200038e-01,6.154689583561e-01,7.536106816210e+00,1.671263536042e+00,2.251071417443e+00,4.964108763606e-01,-2.222108407734e-01,6.078057773629e-01,9.166587990441e-01,1.131511667997e+00,cgns_extracted_sensor_matrix,engineering_practical,ridge,1.000000000000e-04,0.000000000000e+00,False,
sensor_count_sensitivity,suboff_0000_u-0p5_v0p5_w-0p5,-5.000000000000e-01,5.000000000000e-01,-5.000000000000e-01,8.660254037844e-01,interpolation,all_surface,practical,,80,80,70,70,0.000000000000e+00,0.000000000000e+00,0,70,3.307865966778e+02,2.694448350063e+02,3.374099993380e+00,,,,3.676063085107e-01,2.455356333993e-01,3.100120068968e+00,7.452596627188e-01,1.344754202136e+00,1.886534971537e-02,7.508945937023e-01,8.830931553113e-01,3.880811712430e-01,4.790423370715e-01,cgns_extracted_sensor_matrix,engineering_practical,ridge,1.000000000000e-04,0.000000000000e+00,False,
sensor_count_sensitivity,suboff_0000_u-0p5_v0p5_w-0p5,-5.000000000000e-01,5.000000000000e-01,-5.000000000000e-01,8.660254037844e-01,interpolation,all_surface,practical,,100,100,70,70,0.000000000000e+00,0.000000000000e+00,0,70,7.124413357791e+01,6.729191686044e+01,5.916699999943e+00,,,,3.140282506954e-01,2.107325097900e-01,3.700583767824e+00,6.575703647373e-01,1.047790928525e+00,8.232924330147e-02,8.182164076714e-01,9.186372749199e-01,3.323191773287e-01,4.102104589391e-01,cgns_extracted_sensor_matrix,engineering_practical,ridge,1.000000000000e-04,0.000000000000e+00,False,
sensor_count_sensitivity,suboff_0000_u-0p5_v0p5_w-0p5,-5.000000000000e-01,5.000000000000e-01,-5.000000000000e-01,8.660254037844e-01,interpolation,all_surface,practical,,126,126,70,70,0.000000000000e+00,0.000000000000e+00,0,70,2.538768855500e+01,2.219485031872e+01,3.674800012959e+00,,,,2.444299296226e-01,1.714087301224e-01,2.683762599449e+00,4.692261444832e-01,8.742455410300e-01,1.478193915456e-03,8.898648349273e-01,9.466946688475e-01,2.668172554990e-01,3.293557407999e-01,cgns_extracted_sensor_matrix,engineering_practical,ridge,1.000000000000e-04,0.000000000000e+00,False,
sensor_count_sensitivity,suboff_0000_u-0p5_v0p5_w0p5,-5.000000000000e-01,5.000000000000e-01,5.000000000000e-01,8.660254037844e-01,interpolation,all_surface,practical,,60,60,70,70,0.000000000000e+00,0.000000000000e+00,0,60,2.589806684087e+02,2.298743951986e+02,3.278000018327e+00,,,,7.168260207671e-01,5.557163887367e-01,5.107542651262e+00,1.376725963512e+00,1.963857783466e+00,3.613799139073e-01,-1.303398905785e-01,5.378865944451e-01,8.789912948299e-01,1.079543437030e+00,cgns_extracted_sensor_matrix,engineering_practical,ridge,1.000000000000e-04,0.000000000000e+00,False,
sensor_count_sensitivity,suboff_0000_u-0p5_v0p5_w0p5,-5.000000000000e-01,5.000000000000e-01,5.000000000000e-01,8.660254037844e-01,interpolation,all_surface,practical,,80,80,70,70,0.000000000000e+00,0.000000000000e+00,0,70,3.307865966778e+02,2.694448350063e+02,2.869699994335e+00,,,,3.673981360495e-01,2.558356325729e-01,3.016970170793e+00,7.334419786460e-01,1.219854289354e+00,-2.237755808819e-02,7.030690771253e-01,8.773987581375e-01,4.328461821328e-01,5.316050999746e-01,cgns_extracted_sensor_matrix,engineering_practical,ridge,1.000000000000e-04,0.000000000000e+00,False,
sensor_count_sensitivity,suboff_0000_u-0p5_v0p5_w0p5,-5.000000000000e-01,5.000000000000e-01,5.000000000000e-01,8.660254037844e-01,interpolation,all_surface,practical,,100,100,70,70,0.000000000000e+00,0.000000000000e+00,0,70,7.124413357791e+01,6.729191686044e+01,5.953100015176e+00,,,,2.798471543299e-01,1.698156040846e-01,2.921152523639e+00,5.181737119285e-01,1.206183499277e+00,-5.210001963222e-03,8.277245785754e-01,9.217126108540e-01,3.123375870014e-01,3.836010597242e-01,cgns_extracted_sensor_matrix,engineering_practical,ridge,1.000000000000e-04,0.000000000000e+00,False,
sensor_count_sensitivity,suboff_0000_u-0p5_v0p5_w0p5,-5.000000000000e-01,5.000000000000e-01,5.000000000000e-01,8.660254037844e-01,interpolation,all_surface,practical,,126,126,70,70,0.000000000000e+00,0.000000000000e+00,0,70,2.538768855500e+01,2.219485031872e+01,3.050700004678e+00,,,,2.493817866394e-01,1.759325120358e-01,1.837398179950e+00,5.314535217861e-01,8.467487957249e-01,-3.879325703201e-02,8.631921572284e-01,9.310868777267e-01,3.020247499081e-01,3.709352282573e-01,cgns_extracted_sensor_matrix,engineering_practical,ridge,1.000000000000e-04,0.000000000000e+00,False,
sensor_count_sensitivity,suboff_0000_u-0p5_v1_w2,-5.000000000000e-01,1.000000000000e+00,2.000000000000e+00,2.291287847478e+00,interpolation,all_surface,practical,,60,60,70,70,0.000000000000e+00,0.000000000000e+00,0,60,2.920733517762e+02,2.222484255735e+02,3.668899997137e+00,,,,7.746520601600e-01,5.878460853043e-01,3.919326404527e+00,1.623226288548e+00,1.973755948063e+00,4.453676228161e-01,-9.058468074495e-02,5.941554261226e-01,8.568021035965e-01,1.042730882952e+00,cgns_extracted_sensor_matrix,engineering_practical,ridge,1.000000000000e-04,0.000000000000e+00,False,
sensor_count_sensitivity,suboff_0000_u-0p5_v1_w2,-5.000000000000e-01,1.000000000000e+00,2.000000000000e+00,2.291287847478e+00,interpolation,all_surface,practical,,80,80,70,70,0.000000000000e+00,0.000000000000e+00,0,70,4.060851991580e+02,3.118455553643e+02,2.645500004292e+00,,,,5.822210550063e-01,4.012713675019e-01,4.293429519144e+00,1.184954967534e+00,1.980713824302e+00,1.653300407689e-01,3.839416528948e-01,7.450418453892e-01,6.123958199632e-01,7.452876590589e-01,cgns_extracted_sensor_matrix,engineering_practical,ridge,1.000000000000e-04,0.000000000000e+00,False,
sensor_count_sensitivity,suboff_0000_u-0p5_v1_w2,-5.000000000000e-01,1.000000000000e+00,2.000000000000e+00,2.291287847478e+00,interpolation,all_surface,practical,,100,100,70,70,0.000000000000e+00,0.000000000000e+00,0,70,6.739878324166e+01,5.721825806450e+01,5.264499981422e+00,,,,2.412765289628e-01,1.749563893187e-01,2.074028244879e+00,4.854003457775e-01,7.138990845602e-01,6.195686225706e-02,8.942023100025e-01,9.525343161935e-01,2.547740727087e-01,3.100608561459e-01,cgns_extracted_sensor_matrix,engineering_practical,ridge,1.000000000000e-04,0.000000000000e+00,False,
sensor_count_sensitivity,suboff_0000_u-0p5_v1_w2,-5.000000000000e-01,1.000000000000e+00,2.000000000000e+00,2.291287847478e+00,interpolation,all_surface,practical,,126,126,70,70,0.000000000000e+00,0.000000000000e+00,0,70,2.455491399346e+01,2.010701320024e+01,3.166300011799e+00,,,,1.381720690100e-01,9.892514594206e-02,1.183442500157e+00,2.774591240644e-01,4.754250362493e-01,2.806237233996e-02,9.653034291739e-01,9.833504055790e-01,1.486295468256e-01,1.808826308241e-01,cgns_extracted_sensor_matrix,engineering_practical,ridge,1.000000000000e-04,0.000000000000e+00,False,
sensor_count_sensitivity,suboff_0000_u-1p5_v-1p5_w0,-1.500000000000e+00,-1.500000000000e+00,0.000000000000e+00,2.121320343560e+00,interpolation,all_surface,practical,,60,60,70,70,0.000000000000e+00,0.000000000000e+00,0,60,2.589806684087e+02,2.298743951986e+02,3.294800000731e+00,,,,1.199612365111e+00,8.874107373362e-01,1.199511811846e+01,2.314843704592e+00,3.661646360733e+00,2.920399021061e-01,1.096054471225e-01,6.341527366037e-01,9.243397645986e-01,1.008252507094e+00,cgns_extracted_sensor_matrix,engineering_practical,ridge,1.000000000000e-04,0.000000000000e+00,False,
sensor_count_sensitivity,suboff_0000_u-1p5_v-1p5_w0,-1.500000000000e+00,-1.500000000000e+00,0.000000000000e+00,2.121320343560e+00,interpolation,all_surface,practical,,80,80,70,70,0.000000000000e+00,0.000000000000e+00,0,70,3.307865966778e+02,2.694448350063e+02,3.365499986103e+00,,,,1.970851246073e+00,1.425091309249e+00,2.178415633427e+01,3.869501272920e+00,5.891903947917e+00,3.260671747838e-01,-1.403301844344e+00,5.566621575600e-01,1.554477874531e+00,1.695595358162e+00,cgns_extracted_sensor_matrix,engineering_practical,ridge,1.000000000000e-04,0.000000000000e+00,False,
sensor_count_sensitivity,suboff_0000_u-1p5_v-1p5_w0,-1.500000000000e+00,-1.500000000000e+00,0.000000000000e+00,2.121320343560e+00,interpolation,all_surface,practical,,100,100,70,70,0.000000000000e+00,0.000000000000e+00,0,70,7.124413357791e+01,6.729191686044e+01,4.863700014539e+00,,,,9.890197949763e-01,7.022687867560e-01,8.882449244995e+00,2.088199561282e+00,3.144244611764e+00,2.362670858998e-01,3.947837292742e-01,7.237537992961e-01,7.581993396106e-01,8.270296424725e-01,cgns_extracted_sensor_matrix,engineering_practical,ridge,1.000000000000e-04,0.000000000000e+00,False,
sensor_count_sensitivity,suboff_0000_u-1p5_v-1p5_w0,-1.500000000000e+00,-1.500000000000e+00,0.000000000000e+00,2.121320343560e+00,interpolation,all_surface,practical,,126,126,70,70,0.000000000000e+00,0.000000000000e+00,0,70,2.538768855500e+01,2.219485031872e+01,3.549399989424e+00,,,,8.628777203653e-01,6.210760349023e-01,7.053897188750e+00,1.813539880184e+00,2.700025900402e+00,2.334549229298e-01,5.393202331570e-01,7.808779113311e-01,6.609241256438e-01,7.209236605421e-01,cgns_extracted_sensor_matrix,engineering_practical,ridge,1.000000000000e-04,0.000000000000e+00,False,
sensor_count_sensitivity,suboff_0000_u-1p5_v0_w-1p5,-1.500000000000e+00,0.000000000000e+00,-1.500000000000e+00,2.121320343560e+00,interpolation,all_surface,practical,,60,60,70,70,0.000000000000e+00,0.000000000000e+00,0,60,2.589806684087e+02,2.298743951986e+02,3.359299997101e+00,,,,5.503449139296e-01,4.188498768537e-01,3.919595977395e+00,1.061804038810e+00,1.463072761757e+00,2.706953974845e-01,-7.024994056975e-01,4.647150125657e-01,1.113203677605e+00,1.318864495721e+00,cgns_extracted_sensor_matrix,engineering_practical,ridge,1.000000000000e-04,0.000000000000e+00,False,
sensor_count_sensitivity,suboff_0000_u-1p5_v0_w-1p5,-1.500000000000e+00,0.000000000000e+00,-1.500000000000e+00,2.121320343560e+00,interpolation,all_surface,practical,,80,80,70,70,0.000000000000e+00,0.000000000000e+00,0,70,3.307865966778e+02,2.694448350063e+02,3.266199986683e+00,,,,3.526596502962e-01,2.518617204197e-01,2.046221840638e+00,7.424819669261e-01,1.088388223573e+00,-3.143078158881e-02,3.009172281708e-01,7.789338017826e-01,7.064391479793e-01,8.369515205537e-01,cgns_extracted_sensor_matrix,engineering_practical,ridge,1.000000000000e-04,0.000000000000e+00,False,
sensor_count_sensitivity,suboff_0000_u-1p5_v0_w-1p5,-1.500000000000e+00,0.000000000000e+00,-1.500000000000e+00,2.121320343560e+00,interpolation,all_surface,practical,,100,100,70,70,0.000000000000e+00,0.000000000000e+00,0,70,7.124413357791e+01,6.729191686044e+01,5.615099973511e+00,,,,2.739182355506e-01,1.950915391419e-01,1.507114530299e+00,5.691799500373e-01,8.954047527358e-01,3.384736399133e-02,5.782462571130e-01,8.475697255557e-01,5.515228326409e-01,6.534149115592e-01,cgns_extracted_sensor_matrix,engineering_practical,ridge,1.000000000000e-04,0.000000000000e+00,False,
sensor_count_sensitivity,suboff_0000_u-1p5_v0_w-1p5,-1.500000000000e+00,0.000000000000e+00,-1.500000000000e+00,2.121320343560e+00,interpolation,all_surface,practical,,126,126,70,70,0.000000000000e+00,0.000000000000e+00,0,70,2.538768855500e+01,2.219485031872e+01,3.608800005168e+00,,,,2.665187992191e-01,1.890438481683e-01,1.566441306217e+00,5.372524842965e-01,8.979083123650e-01,1.890407436639e-02,6.007244189959e-01,8.453016389049e-01,5.438387857280e-01,6.443112615618e-01,cgns_extracted_sensor_matrix,engineering_practical,ridge,1.000000000000e-04,0.000000000000e+00,False,
sensor_count_sensitivity,suboff_0000_u-1p5_v0_w0,-1.500000000000e+00,0.000000000000e+00,0.000000000000e+00,1.500000000000e+00,interpolation,all_surface,practical,,60,60,70,70,0.000000000000e+00,0.000000000000e+00,0,60,3.851233346315e+02,3.497466005536e+02,3.221099992516e+00,,,,3.703166658348e+00,3.112549328715e+00,1.982452553895e+01,6.272947879436e+00,7.337845737182e+00,2.895560299949e+00,-7.060731985780e+01,1.414045235601e-01,8.222902022004e-01,8.962625341953e+00,cgns_extracted_sensor_matrix,engineering_practical,ridge,1.000000000000e-04,0.000000000000e+00,False,
sensor_count_sensitivity,suboff_0000_u-1p5_v0_w0,-1.500000000000e+00,0.000000000000e+00,0.000000000000e+00,1.500000000000e+00,interpolation,all_surface,practical,,80,80,70,70,0.000000000000e+00,0.000000000000e+00,0,70,4.183587084503e+02,3.399780676405e+02,3.010100015672e+00,,,,6.263416041682e-01,4.557254188034e-01,6.777580449408e+00,1.172157253683e+00,1.943699302981e+00,2.161020555151e-01,-1.048488001195e+00,4.233061123683e-01,1.303899544106e-01,1.421196928541e+00,cgns_extracted_sensor_matrix,engineering_practical,ridge,1.000000000000e-04,0.000000000000e+00,False,
sensor_count_sensitivity,suboff_0000_u-1p5_v0_w0,-1.500000000000e+00,0.000000000000e+00,0.000000000000e+00,1.500000000000e+00,interpolation,all_surface,practical,,100,100,70,70,0.000000000000e+00,0.000000000000e+00,0,70,7.786666892895e+01,7.432924373371e+01,4.331200005254e+00,,,,3.732526214155e-01,2.451353433981e-01,3.273921329539e+00,8.695293382806e-01,1.190235391468e+00,5.246318355394e-02,2.725274057630e-01,6.382057690340e-01,7.821949179883e-02,8.525603218364e-01,cgns_extracted_sensor_matrix,engineering_practical,ridge,1.000000000000e-04,0.000000000000e+00,False,
sensor_count_sensitivity,suboff_0000_u-1p5_v0_w0,-1.500000000000e+00,0.000000000000e+00,0.000000000000e+00,1.500000000000e+00,interpolation,all_surface,practical,,126,126,70,70,0.000000000000e+00,0.000000000000e+00,0,70,2.825453647861e+01,2.593958796565e+01,2.973000024213e+00,,,,3.069244624334e-01,2.184391254791e-01,2.238358715518e+00,6.515315864853e-01,9.374951555869e-01,2.170857880924e-02,5.081032970108e-01,7.812754555559e-01,6.598704498695e-02,7.192316776462e-01,cgns_extracted_sensor_matrix,engineering_practical,ridge,1.000000000000e-04,0.000000000000e+00,False,
sensor_count_sensitivity,suboff_0000_u-1p5_v0_w1p5,-1.500000000000e+00,0.000000000000e+00,1.500000000000e+00,2.121320343560e+00,interpolation,all_surface,practical,,60,60,70,70,0.000000000000e+00,0.000000000000e+00,0,60,2.589806684087e+02,2.298743951986e+02,3.504499996779e+00,,,,2.261655278316e+00,1.651643346098e+00,1.820588737478e+01,4.542829223851e+00,6.540524600405e+00,1.049517957728e+00,-1.980560461811e-01,6.463125218412e-01,1.001867450846e+00,1.161661884514e+00,cgns_extracted_sensor_matrix,engineering_practical,ridge,1.000000000000e-04,0.000000000000e+00,False,
sensor_count_sensitivity,suboff_0000_u-1p5_v0_w1p5,-1.500000000000e+00,0.000000000000e+00,1.500000000000e+00,2.121320343560e+00,interpolation,all_surface,practical,,80,80,70,70,0.000000000000e+00,0.000000000000e+00,0,70,3.307865966778e+02,2.694448350063e+02,3.300599986687e+00,,,,2.388159377508e+00,1.632846183741e+00,1.910611418784e+01,5.056359711424e+00,7.598330033537e+00,-2.811945331205e-01,-3.358291856338e-01,5.927556389541e-01,1.057467630582e+00,1.226130102856e+00,cgns_extracted_sensor_matrix,engineering_practical,ridge,1.000000000000e-04,0.000000000000e+00,False,
sensor_count_sensitivity,suboff_0000_u-1p5_v0_w1p5,-1.500000000000e+00,0.000000000000e+00,1.500000000000e+00,2.121320343560e+00,interpolation,all_surface,practical,,100,100,70,70,0.000000000000e+00,0.000000000000e+00,0,70,7.124413357791e+01,6.729191686044e+01,4.489999992074e+00,,,,1.646683813145e+00,1.089769880145e+00,1.810251616699e+01,3.567414820870e+00,5.619413744434e+00,-1.589197593709e-03,3.648961474213e-01,7.694959927766e-01,7.171737795121e-01,8.315605457874e-01,cgns_extracted_sensor_matrix,engineering_practical,ridge,1.000000000000e-04,0.000000000000e+00,False,
sensor_count_sensitivity,suboff_0000_u-1p5_v0_w1p5,-1.500000000000e+00,0.000000000000e+00,1.500000000000e+00,2.121320343560e+00,interpolation,all_surface,practical,,126,126,70,70,0.000000000000e+00,0.000000000000e+00,0,70,2.538768855500e+01,2.219485031872e+01,3.863599995384e+00,,,,1.420358002950e+00,9.759020924286e-01,1.829606388450e+01,2.986611102985e+00,4.397343382765e+00,-3.173366391438e-01,5.274802564115e-01,8.483416941427e-01,6.279343702425e-01,7.280877557916e-01,cgns_extracted_sensor_matrix,engineering_practical,ridge,1.000000000000e-04,0.000000000000e+00,False,
sensor_count_sensitivity,suboff_0000_u-1p5_v1p5_w0,-1.500000000000e+00,1.500000000000e+00,0.000000000000e+00,2.121320343560e+00,interpolation,all_surface,practical,,60,60,70,70,0.000000000000e+00,0.000000000000e+00,0,60,2.589806684087e+02,2.298743951986e+02,3.228400018997e+00,,,,4.738631536837e+00,3.789237518555e+00,3.021315624891e+01,8.923643113218e+00,1.177656730150e+01,3.211496469659e+00,-4.673020990358e-01,6.246103595175e-01,7.255964057869e-01,1.335827718528e+00,cgns_extracted_sensor_matrix,engineering_practical,ridge,1.000000000000e-04,0.000000000000e+00,False,
sensor_count_sensitivity,suboff_0000_u-1p5_v1p5_w0,-1.500000000000e+00,1.500000000000e+00,0.000000000000e+00,2.121320343560e+00,interpolation,all_surface,practical,,80,80,70,70,0.000000000000e+00,0.000000000000e+00,0,70,3.307865966778e+02,2.694448350063e+02,3.224100015359e+00,,,,1.846776331096e+00,1.305804724246e+00,1.577476634728e+01,3.612714546970e+00,5.679270945207e+00,1.821396083998e-01,7.771348009492e-01,8.830096539980e-01,2.734511801012e-01,5.034254071963e-01,cgns_extracted_sensor_matrix,engineering_practical,ridge,1.000000000000e-04,0.000000000000e+00,False,
sensor_count_sensitivity,suboff_0000_u-1p5_v1p5_w0,-1.500000000000e+00,1.500000000000e+00,0.000000000000e+00,2.121320343560e+00,interpolation,all_surface,practical,,100,100,70,70,0.000000000000e+00,0.000000000000e+00,0,70,7.124413357791e+01,6.729191686044e+01,4.190300009213e+00,,,,1.975181136009e+00,1.307167940918e+00,1.942394031999e+01,4.218554544354e+00,6.840094034519e+00,3.447232229430e-01,7.450661431805e-01,8.838933022902e-01,2.851329116147e-01,5.249315511514e-01,cgns_extracted_sensor_matrix,engineering_practical,ridge,1.000000000000e-04,0.000000000000e+00,False,
sensor_count_sensitivity,suboff_0000_u-1p5_v1p5_w0,-1.500000000000e+00,1.500000000000e+00,0.000000000000e+00,2.121320343560e+00,interpolation,all_surface,practical,,126,126,70,70,0.000000000000e+00,0.000000000000e+00,0,70,2.538768855500e+01,2.219485031872e+01,3.470399999060e+00,,,,1.229736749529e+00,9.053756039331e-01,1.473400334408e+01,2.491302442208e+00,3.641481680664e+00,6.197310049583e-02,9.011815673403e-01,9.511427723757e-01,1.801557770274e-01,3.316679612618e-01,cgns_extracted_sensor_matrix,engineering_practical,ridge,1.000000000000e-04,0.000000000000e+00,False,
sensor_count_sensitivity,suboff_0000_u-1_v-2_w0p5,-1.000000000000e+00,-2.000000000000e+00,5.000000000000e-01,2.291287847478e+00,interpolation,all_surface,practical,,60,60,70,70,0.000000000000e+00,0.000000000000e+00,0,60,2.605972296843e+02,2.248281002054e+02,3.239999990910e+00,,,,8.505460019478e-01,6.403663025588e-01,4.307266956869e+00,1.759362346827e+00,2.130051750205e+00,4.544624320175e-01,-4.196179023044e-01,3.621719368078e-01,9.829838504354e-01,1.204073453242e+00,cgns_extracted_sensor_matrix,engineering_practical,ridge,1.000000000000e-04,0.000000000000e+00,False,
sensor_count_sensitivity,suboff_0000_u-1_v-2_w0p5,-1.000000000000e+00,-2.000000000000e+00,5.000000000000e-01,2.291287847478e+00,interpolation,all_surface,practical,,80,80,70,70,0.000000000000e+00,0.000000000000e+00,0,70,3.614794458012e+02,3.127213353290e+02,2.902200008975e+00,,,,6.585642860124e-01,4.957646208549e-01,6.274711007149e+00,1.256112316472e+00,1.885356111282e+00,1.457690682393e-01,1.489164373800e-01,8.679471014703e-01,7.355461683716e-01,9.009828743150e-01,cgns_extracted_sensor_matrix,engineering_practical,ridge,1.000000000000e-04,0.000000000000e+00,False,
sensor_count_sensitivity,suboff_0000_u-1_v-2_w0p5,-1.000000000000e+00,-2.000000000000e+00,5.000000000000e-01,2.291287847478e+00,interpolation,all_surface,practical,,100,100,70,70,0.000000000000e+00,0.000000000000e+00,0,70,6.558187553974e+01,5.696809946240e+01,4.200499999570e+00,,,,4.657741206505e-01,3.353187418174e-01,3.940661572218e+00,9.616959822741e-01,1.471135587408e+00,-2.568783269188e-02,5.742775413355e-01,8.698640733222e-01,5.146989093455e-01,6.304633518458e-01,cgns_extracted_sensor_matrix,engineering_practical,ridge,1.000000000000e-04,0.000000000000e+00,False,
sensor_count_sensitivity,suboff_0000_u-1_v-2_w0p5,-1.000000000000e+00,-2.000000000000e+00,5.000000000000e-01,2.291287847478e+00,interpolation,all_surface,practical,,126,126,70,70,0.000000000000e+00,0.000000000000e+00,0,70,2.592901195434e+01,2.349303275795e+01,3.349500009790e+00,,,,2.568725519912e-01,1.841891268173e-01,1.447278629085e+00,5.379335604230e-01,8.344531674442e-01,-4.435732004582e-02,8.705174471548e-01,9.422968050894e-01,2.849685788886e-01,3.490628057582e-01,cgns_extracted_sensor_matrix,engineering_practical,ridge,1.000000000000e-04,0.000000000000e+00,False,
sensor_count_sensitivity,suboff_0000_u-1_v2_w0p5,-1.000000000000e+00,2.000000000000e+00,5.000000000000e-01,2.291287847478e+00,interpolation,all_surface,practical,,60,60,70,70,0.000000000000e+00,0.000000000000e+00,0,60,2.605972296843e+02,2.248281002054e+02,3.549899993232e+00,,,,7.356748214241e-01,5.464283500346e-01,5.519979768742e+00,1.419930389427e+00,2.386356574646e+00,3.555599927099e-01,-5.765212002359e-02,5.438514118149e-01,8.126070593088e-01,1.021472611469e+00,cgns_extracted_sensor_matrix,engineering_practical,ridge,1.000000000000e-04,0.000000000000e+00,False,
sensor_count_sensitivity,suboff_0000_u-1_v2_w0p5,-1.000000000000e+00,2.000000000000e+00,5.000000000000e-01,2.291287847478e+00,interpolation,all_surface,practical,,80,80,70,70,0.000000000000e+00,0.000000000000e+00,0,70,3.614794458012e+02,3.127213353290e+02,2.952799986815e+00,,,,4.395560693546e-01,3.332843304236e-01,5.171674044821e+00,8.467879593617e-01,1.150660866574e+00,5.895027466210e-02,6.224281381238e-01,8.508569363604e-01,4.719692546784e-01,5.932801857758e-01,cgns_extracted_sensor_matrix,engineering_practical,ridge,1.000000000000e-04,0.000000000000e+00,False,
sensor_count_sensitivity,suboff_0000_u-1_v2_w0p5,-1.000000000000e+00,2.000000000000e+00,5.000000000000e-01,2.291287847478e+00,interpolation,all_surface,practical,,100,100,70,70,0.000000000000e+00,0.000000000000e+00,0,70,6.558187553974e+01,5.696809946240e+01,3.992300014943e+00,,,,4.620244787684e-01,3.320758620076e-01,4.013219254988e+00,9.081732221030e-01,1.500518304137e+00,-7.733544000357e-03,5.828415637910e-01,8.286759218164e-01,4.932275530920e-01,6.200025349694e-01,cgns_extracted_sensor_matrix,engineering_practical,ridge,1.000000000000e-04,0.000000000000e+00,False,
sensor_count_sensitivity,suboff_0000_u-1_v2_w0p5,-1.000000000000e+00,2.000000000000e+00,5.000000000000e-01,2.291287847478e+00,interpolation,all_surface,practical,,126,126,70,70,0.000000000000e+00,0.000000000000e+00,0,70,2.592901195434e+01,2.349303275795e+01,3.207600006135e+00,,,,2.501012527150e-01,1.801824746481e-01,1.919698950711e+00,5.345088563306e-01,7.580356531460e-01,1.702176454136e-02,8.777629688592e-01,9.525582006871e-01,2.737740115323e-01,3.441425364311e-01,cgns_extracted_sensor_matrix,engineering_practical,ridge,1.000000000000e-04,0.000000000000e+00,False,
sensor_count_sensitivity,suboff_0000_u-2p5_v0_w0,-2.500000000000e+00,0.000000000000e+00,0.000000000000e+00,2.500000000000e+00,interpolation,all_surface,practical,,60,60,70,70,0.000000000000e+00,0.000000000000e+00,0,60,3.851233346315e+02,3.497466005536e+02,3.005200007465e+00,,,,4.361949417917e+00,3.674806101611e+00,2.166097854689e+01,7.425897061339e+00,8.691649570919e+00,3.410383872377e+00,-6.374554441976e+01,-3.100953413623e-02,8.284486540703e-01,8.758769143570e+00,cgns_extracted_sensor_matrix,engineering_practical,ridge,1.000000000000e-04,0.000000000000e+00,False,
sensor_count_sensitivity,suboff_0000_u-2p5_v0_w0,-2.500000000000e+00,0.000000000000e+00,0.000000000000e+00,2.500000000000e+00,interpolation,all_surface,practical,,80,80,70,70,0.000000000000e+00,0.000000000000e+00,0,70,4.183587084503e+02,3.399780676405e+02,2.961699996376e+00,,,,9.757103593892e-01,7.144816996455e-01,9.912910488583e+00,1.943916572712e+00,2.667764385466e+00,4.025033940135e-01,-2.239593126973e+00,4.538742009171e-01,1.795202531082e-01,1.897976954691e+00,cgns_extracted_sensor_matrix,engineering_practical,ridge,1.000000000000e-04,0.000000000000e+00,False,
sensor_count_sensitivity,suboff_0000_u-2p5_v0_w0,-2.500000000000e+00,0.000000000000e+00,0.000000000000e+00,2.500000000000e+00,interpolation,all_surface,practical,,100,100,70,70,0.000000000000e+00,0.000000000000e+00,0,70,7.786666892895e+01,7.432924373371e+01,4.914899996947e+00,,,,6.414773593730e-01,4.550183137386e-01,5.986490017097e+00,1.367022650754e+00,1.751058885661e+00,1.352211921387e-01,-4.002684458400e-01,5.422830567476e-01,1.153651946877e-01,1.219697928783e+00,cgns_extracted_sensor_matrix,engineering_practical,ridge,1.000000000000e-04,0.000000000000e+00,False,
sensor_count_sensitivity,suboff_0000_u-2p5_v0_w0,-2.500000000000e+00,0.000000000000e+00,0.000000000000e+00,2.500000000000e+00,interpolation,all_surface,practical,,126,126,70,70,0.000000000000e+00,0.000000000000e+00,0,70,2.825453647861e+01,2.593958796565e+01,3.486200002953e+00,,,,5.690719423263e-01,4.138783130326e-01,3.877091407660e+00,1.200741310790e+00,1.676340257646e+00,1.750440731850e-01,-1.020035256495e-01,6.728791492702e-01,1.063631534850e-01,1.124523894366e+00,cgns_extracted_sensor_matrix,engineering_practical,ridge,1.000000000000e-04,0.000000000000e+00,False,
sensor_count_sensitivity,suboff_0000_u-2_v-1_w0p5,-2.000000000000e+00,-1.000000000000e+00,5.000000000000e-01,2.291287847478e+00,interpolation,all_surface,practical,,60,60,70,70,0.000000000000e+00,0.000000000000e+00,0,60,3.851233346315e+02,3.497466005536e+02,3.230200003600e+00,,,,1.037776596459e+00,8.103259837833e-01,8.089378401292e+00,1.917823040017e+00,2.577608272083e+00,6.071492382846e-01,-1.127288842681e+00,4.597377350151e-01,9.750049518116e-01,1.529544498172e+00,cgns_extracted_sensor_matrix,engineering_practical,ridge,1.000000000000e-04,0.000000000000e+00,False,
sensor_count_sensitivity,suboff_0000_u-2_v-1_w0p5,-2.000000000000e+00,-1.000000000000e+00,5.000000000000e-01,2.291287847478e+00,interpolation,all_surface,practical,,80,80,70,70,0.000000000000e+00,0.000000000000e+00,0,70,4.183587084503e+02,3.399780676405e+02,3.898099996150e+00,,,,6.344619002284e-01,4.523791817289e-01,5.889285981873e+00,1.279034602992e+00,1.849365549003e+00,-2.271767077265e-02,2.048852452320e-01,7.297646853846e-01,5.749551511298e-01,9.019641248715e-01,cgns_extracted_sensor_matrix,engineering_practical,ridge,1.000000000000e-04,0.000000000000e+00,False,
sensor_count_sensitivity,suboff_0000_u-2_v-1_w0p5,-2.000000000000e+00,-1.000000000000e+00,5.000000000000e-01,2.291287847478e+00,interpolation,all_surface,practical,,100,100,70,70,0.000000000000e+00,0.000000000000e+00,0,70,7.786666892895e+01,7.432924373371e+01,4.996499978006e+00,,,,5.374958310828e-01,3.617298672776e-01,5.189863108528e+00,1.195693072594e+00,1.749369959643e+00,-5.760453173599e-02,4.293511876978e-01,7.644299749414e-01,4.902361884087e-01,7.690607759397e-01,cgns_extracted_sensor_matrix,engineering_practical,ridge,1.000000000000e-04,0.000000000000e+00,False,
sensor_count_sensitivity,suboff_0000_u-2_v-1_w0p5,-2.000000000000e+00,-1.000000000000e+00,5.000000000000e-01,2.291287847478e+00,interpolation,all_surface,practical,,126,126,70,70,0.000000000000e+00,0.000000000000e+00,0,70,2.825453647861e+01,2.593958796565e+01,3.612000000430e+00,,,,4.383102660415e-01,3.008745240342e-01,5.909812564098e+00,9.972774442234e-01,1.403497361567e+00,2.561070730712e-02,6.205260194196e-01,8.029458659035e-01,4.045362531794e-01,6.346185208721e-01,cgns_extracted_sensor_matrix,engineering_practical,ridge,1.000000000000e-04,0.000000000000e+00,False,
sensor_count_sensitivity,suboff_0000_u-2_v1_w0p5,-2.000000000000e+00,1.000000000000e+00,5.000000000000e-01,2.291287847478e+00,interpolation,all_surface,practical,,60,60,70,70,0.000000000000e+00,0.000000000000e+00,0,60,3.851233346315e+02,3.497466005536e+02,3.267399995821e+00,,,,5.410462759119e+00,4.276334063410e+00,3.822017169047e+01,1.009944689694e+01,1.255396274639e+01,3.843699192818e+00,-2.723907881130e+00,4.388464811152e-01,8.068372241058e-01,2.031936226773e+00,cgns_extracted_sensor_matrix,engineering_practical,ridge,1.000000000000e-04,0.000000000000e+00,False,
sensor_count_sensitivity,suboff_0000_u-2_v1_w0p5,-2.000000000000e+00,1.000000000000e+00,5.000000000000e-01,2.291287847478e+00,interpolation,all_surface,practical,,80,80,70,70,0.000000000000e+00,0.000000000000e+00,0,70,4.183587084503e+02,3.399780676405e+02,3.019199997652e+00,,,,2.305136901630e+00,1.667047068326e+00,1.653650347352e+01,4.877413641058e+00,6.745831810355e+00,-5.525499230025e-01,3.240360246471e-01,6.925229882661e-01,3.383135326562e-01,8.520076943322e-01,cgns_extracted_sensor_matrix,engineering_practical,ridge,1.000000000000e-04,0.000000000000e+00,False,
sensor_count_sensitivity,suboff_0000_u-2_v1_w0p5,-2.000000000000e+00,1.000000000000e+00,5.000000000000e-01,2.291287847478e+00,interpolation,all_surface,practical,,100,100,70,70,0.000000000000e+00,0.000000000000e+00,0,70,7.786666892895e+01,7.432924373371e+01,4.707400017651e+00,,,,1.767982891315e+00,1.244584765656e+00,2.492866262267e+01,3.755928624602e+00,5.304755326772e+00,1.149063194406e-01,6.023635195082e-01,7.926874276485e-01,2.525176724846e-01,6.359396806346e-01,cgns_extracted_sensor_matrix,engineering_practical,ridge,1.000000000000e-04,0.000000000000e+00,False,
sensor_count_sensitivity,suboff_0000_u-2_v1_w0p5,-2.000000000000e+00,1.000000000000e+00,5.000000000000e-01,2.291287847478e+00,interpolation,all_surface,practical,,126,126,70,70,0.000000000000e+00,0.000000000000e+00,0,70,2.825453647861e+01,2.593958796565e+01,3.321700001834e+00,,,,1.326111016753e+00,9.575592817977e-01,1.235575661362e+01,2.842766535564e+00,4.029463682027e+00,-5.072234072942e-02,7.762876957596e-01,8.829333840657e-01,1.921883221817e-01,4.840064421129e-01,cgns_extracted_sensor_matrix,engineering_practical,ridge,1.000000000000e-04,0.000000000000e+00,False,
sensor_count_sensitivity,suboff_0000_u-3p5_v-1_w0,-3.500000000000e+00,-1.000000000000e+00,0.000000000000e+00,3.640054944640e+00,extrapolation,all_surface,practical,,60,60,70,70,0.000000000000e+00,0.000000000000e+00,0,60,3.851233346315e+02,3.497466005536e+02,4.065799992532e+00,,,,7.021980534240e+00,5.938722768639e+00,3.480337633559e+01,1.174065395014e+01,1.370806012710e+01,5.498119295540e+00,-6.409615721487e+02,-1.616251867416e-01,8.155382567456e-01,2.604355525968e+01,cgns_extracted_sensor_matrix,engineering_practical,ridge,1.000000000000e-04,0.000000000000e+00,False,
sensor_count_sensitivity,suboff_0000_u-3p5_v-1_w0,-3.500000000000e+00,-1.000000000000e+00,0.000000000000e+00,3.640054944640e+00,extrapolation,all_surface,practical,,80,80,70,70,0.000000000000e+00,0.000000000000e+00,0,70,4.183587084503e+02,3.399780676405e+02,3.243500017561e+00,,,,1.181220060006e+00,8.318240072343e-01,1.290793867033e+01,2.489751328136e+00,3.429899115938e+00,5.265790896517e-01,-1.716566985491e+01,-6.607950870033e-02,1.294072337144e-01,4.132515445310e+00,cgns_extracted_sensor_matrix,engineering_practical,ridge,1.000000000000e-04,0.000000000000e+00,False,
sensor_count_sensitivity,suboff_0000_u-3p5_v-1_w0,-3.500000000000e+00,-1.000000000000e+00,0.000000000000e+00,3.640054944640e+00,extrapolation,all_surface,practical,,100,100,70,70,0.000000000000e+00,0.000000000000e+00,0,70,7.786666892895e+01,7.432924373371e+01,5.220499995630e+00,,,,5.995099079244e-01,4.131991664120e-01,5.171451758535e+00,1.329177762138e+00,1.843325230423e+00,1.477289575876e-01,-3.679317560197e+00,3.516498987306e-01,6.542480341561e-02,2.089288232667e+00,cgns_extracted_sensor_matrix,engineering_practical,ridge,1.000000000000e-04,0.000000000000e+00,False,
sensor_count_sensitivity,suboff_0000_u-3p5_v-1_w0,-3.500000000000e+00,-1.000000000000e+00,0.000000000000e+00,3.640054944640e+00,extrapolation,all_surface,practical,,126,126,70,70,0.000000000000e+00,0.000000000000e+00,0,70,2.825453647861e+01,2.593958796565e+01,3.094499988947e+00,,,,4.117941783451e-01,2.981884924078e-01,3.583406837011e+00,8.613326098967e-01,1.222433223930e+00,1.412480313845e-01,-1.207751531382e+00,5.712973481050e-01,4.590779072474e-02,1.466028202479e+00,cgns_extracted_sensor_matrix,engineering_practical,ridge,1.000000000000e-04,0.000000000000e+00,False,
sensor_count_sensitivity,suboff_0000_u-3p5_v0_w0,-3.500000000000e+00,0.000000000000e+00,0.000000000000e+00,3.500000000000e+00,extrapolation,all_surface,practical,,60,60,70,70,0.000000000000e+00,0.000000000000e+00,0,60,3.851233346315e+02,3.497466005536e+02,3.211300005205e+00,,,,1.425743060423e+00,1.180787087937e+00,8.120656781114e+00,2.528235575757e+00,3.071483253744e+00,1.053678467742e+00,-3.742035656779e+00,1.750806851438e-01,9.381784664509e-01,2.257726843589e+00,cgns_extracted_sensor_matrix,engineering_practical,ridge,1.000000000000e-04,0.000000000000e+00,False,
sensor_count_sensitivity,suboff_0000_u-3p5_v0_w0,-3.500000000000e+00,0.000000000000e+00,0.000000000000e+00,3.500000000000e+00,extrapolation,all_surface,practical,,80,80,70,70,0.000000000000e+00,0.000000000000e+00,0,70,4.183587084503e+02,3.399780676405e+02,2.345799992327e+00,,,,7.245180551999e-01,5.003717345175e-01,5.093270641984e+00,1.455531128052e+00,2.351022623121e+00,2.047606051566e-01,-2.245618006855e-01,5.152734133670e-01,4.645127888043e-01,1.117850206519e+00,cgns_extracted_sensor_matrix,engineering_practical,ridge,1.000000000000e-04,0.000000000000e+00,False,
sensor_count_sensitivity,suboff_0000_u-3p5_v0_w0,-3.500000000000e+00,0.000000000000e+00,0.000000000000e+00,3.500000000000e+00,extrapolation,all_surface,practical,,100,100,70,70,0.000000000000e+00,0.000000000000e+00,0,70,7.786666892895e+01,7.432924373371e+01,4.156999988481e+00,,,,6.121202778033e-01,3.956610090375e-01,5.064511134028e+00,1.412725243305e+00,2.213249874841e+00,1.020101848712e-01,1.259106761302e-01,5.435932812658e-01,3.796973918723e-01,9.137419208880e-01,cgns_extracted_sensor_matrix,engineering_practical,ridge,1.000000000000e-04,0.000000000000e+00,False,
sensor_count_sensitivity,suboff_0000_u-3p5_v0_w0,-3.500000000000e+00,0.000000000000e+00,0.000000000000e+00,3.500000000000e+00,extrapolation,all_surface,practical,,126,126,70,70,0.000000000000e+00,0.000000000000e+00,0,70,2.825453647861e+01,2.593958796565e+01,3.181800013408e+00,,,,4.312148733335e-01,2.950107126187e-01,3.711160785966e+00,9.055493684567e-01,1.560684940403e+00,5.737235765584e-02,5.662197782610e-01,8.016367509246e-01,2.777026288749e-01,6.682914841543e-01,cgns_extracted_sensor_matrix,engineering_practical,ridge,1.000000000000e-04,0.000000000000e+00,False,
sensor_count_sensitivity,suboff_0000_u0p5_v-0p5_w-0p5,5.000000000000e-01,-5.000000000000e-01,-5.000000000000e-01,8.660254037844e-01,interpolation,all_surface,practical,,60,60,70,70,0.000000000000e+00,0.000000000000e+00,0,60,2.589806684087e+02,2.298743951986e+02,3.324100020109e+00,,,,2.111117758930e+00,1.631631309658e+00,9.381875408079e+00,4.606747730400e+00,5.636274715461e+00,-1.485439486418e+00,-1.056464984340e+00,5.534198804042e-01,7.062431950803e-01,1.496485506123e+00,cgns_extracted_sensor_matrix,engineering_practical,ridge,1.000000000000e-04,0.000000000000e+00,False,
sensor_count_sensitivity,suboff_0000_u0p5_v-0p5_w-0p5,5.000000000000e-01,-5.000000000000e-01,-5.000000000000e-01,8.660254037844e-01,interpolation,all_surface,practical,,80,80,70,70,0.000000000000e+00,0.000000000000e+00,0,70,3.307865966778e+02,2.694448350063e+02,2.993599977344e+00,,,,5.525611866625e-01,3.965450947259e-01,4.294157904117e+00,1.217881626238e+00,1.576091084407e+00,-1.697799393728e-01,8.591174667198e-01,9.354978230945e-01,1.838940420976e-01,3.896600640945e-01,cgns_extracted_sensor_matrix,engineering_practical,ridge,1.000000000000e-04,0.000000000000e+00,False,
sensor_count_sensitivity,suboff_0000_u0p5_v-0p5_w-0p5,5.000000000000e-01,-5.000000000000e-01,-5.000000000000e-01,8.660254037844e-01,interpolation,all_surface,practical,,100,100,70,70,0.000000000000e+00,0.000000000000e+00,0,70,7.124413357791e+01,6.729191686044e+01,4.516399989370e+00,,,,1.992603287551e-01,1.364592293033e-01,2.410016936540e+00,4.282428104603e-01,6.381361905067e-01,1.247628214301e-02,9.816794677798e-01,9.908598129217e-01,6.264365870342e-02,1.327380255883e-01,cgns_extracted_sensor_matrix,engineering_practical,ridge,1.000000000000e-04,0.000000000000e+00,False,
sensor_count_sensitivity,suboff_0000_u0p5_v-0p5_w-0p5,5.000000000000e-01,-5.000000000000e-01,-5.000000000000e-01,8.660254037844e-01,interpolation,all_surface,practical,,126,126,70,70,0.000000000000e+00,0.000000000000e+00,0,70,2.538768855500e+01,2.219485031872e+01,3.149900003336e+00,,,,1.882258375645e-01,1.292877055943e-01,3.061030947855e+00,3.686972427914e-01,6.498066736861e-01,1.965789019198e-02,9.836523670655e-01,9.922162931494e-01,5.958233097508e-02,1.262512620954e-01,cgns_extracted_sensor_matrix,engineering_practical,ridge,1.000000000000e-04,0.000000000000e+00,False,
sensor_count_sensitivity,suboff_0000_u0p5_v-0p5_w0p5,5.000000000000e-01,-5.000000000000e-01,5.000000000000e-01,8.660254037844e-01,interpolation,all_surface,practical,,60,60,70,70,0.000000000000e+00,0.000000000000e+00,0,60,2.589806684087e+02,2.298743951986e+02,3.554499999154e+00,,,,6.769665487366e-01,5.087701983246e-01,4.039209895060e+00,1.441357079991e+00,1.849799686948e+00,3.691643903366e-01,4.259142819215e-02,6.809936571347e-01,7.692581735085e-01,1.001227254842e+00,cgns_extracted_sensor_matrix,engineering_practical,ridge,1.000000000000e-04,0.000000000000e+00,False,
sensor_count_sensitivity,suboff_0000_u0p5_v-0p5_w0p5,5.000000000000e-01,-5.000000000000e-01,5.000000000000e-01,8.660254037844e-01,interpolation,all_surface,practical,,80,80,70,70,0.000000000000e+00,0.000000000000e+00,0,70,3.307865966778e+02,2.694448350063e+02,3.396199987037e+00,,,,3.718391687498e-01,2.802525471846e-01,2.374245693938e+00,7.622921770534e-01,9.535747422700e-01,1.352747638988e-01,7.111494731362e-01,8.804352594690e-01,4.163854163586e-01,5.419460484578e-01,cgns_extracted_sensor_matrix,engineering_practical,ridge,1.000000000000e-04,0.000000000000e+00,False,
sensor_count_sensitivity,suboff_0000_u0p5_v-0p5_w0p5,5.000000000000e-01,-5.000000000000e-01,5.000000000000e-01,8.660254037844e-01,interpolation,all_surface,practical,,100,100,70,70,0.000000000000e+00,0.000000000000e+00,0,70,7.124413357791e+01,6.729191686044e+01,4.273900005501e+00,,,,2.681929039066e-01,1.878997579426e-01,2.745543685558e+00,5.444893094646e-01,8.291687538284e-01,4.439146846370e-02,8.497351305321e-01,9.253312916127e-01,2.859374542277e-01,3.721616255919e-01,cgns_extracted_sensor_matrix,engineering_practical,ridge,1.000000000000e-04,0.000000000000e+00,False,
sensor_count_sensitivity,suboff_0000_u0p5_v-0p5_w0p5,5.000000000000e-01,-5.000000000000e-01,5.000000000000e-01,8.660254037844e-01,interpolation,all_surface,practical,,126,126,70,70,0.000000000000e+00,0.000000000000e+00,0,70,2.538768855500e+01,2.219485031872e+01,3.473299992038e+00,,,,1.326558586062e-01,9.456953776743e-02,1.515989434273e+00,2.693780911262e-01,3.937028518752e-01,8.421632573475e-03,9.632365921047e-01,9.817882325277e-01,1.447958697842e-01,1.884589286263e-01,cgns_extracted_sensor_matrix,engineering_practical,ridge,1.000000000000e-04,0.000000000000e+00,False,
sensor_count_sensitivity,suboff_0000_u0p5_v-1_w-2,5.000000000000e-01,-1.000000000000e+00,-2.000000000000e+00,2.291287847478e+00,interpolation,all_surface,practical,,60,60,70,70,0.000000000000e+00,0.000000000000e+00,0,60,2.920733517762e+02,2.222484255735e+02,3.191800002242e+00,,,,1.059545489378e+00,7.964478610084e-01,1.002802997697e+01,1.932822702602e+00,3.172718923128e+00,-1.490976166502e-01,-5.470700964058e-01,5.605224296403e-01,1.183791520953e+00,1.194620373185e+00,cgns_extracted_sensor_matrix,engineering_practical,ridge,1.000000000000e-04,0.000000000000e+00,False,
sensor_count_sensitivity,suboff_0000_u0p5_v-1_w-2,5.000000000000e-01,-1.000000000000e+00,-2.000000000000e+00,2.291287847478e+00,interpolation,all_surface,practical,,80,80,70,70,0.000000000000e+00,0.000000000000e+00,0,70,4.060851991580e+02,3.118455553643e+02,2.968400018290e+00,,,,8.290304468206e-01,5.995939570237e-01,8.834844581615e+00,1.553746923227e+00,2.422450693390e+00,1.595505503829e-01,5.286531972398e-02,7.655397949722e-01,9.180526868072e-01,9.264506662746e-01,cgns_extracted_sensor_matrix,engineering_practical,ridge,1.000000000000e-04,0.000000000000e+00,False,
sensor_count_sensitivity,suboff_0000_u0p5_v-1_w-2,5.000000000000e-01,-1.000000000000e+00,-2.000000000000e+00,2.291287847478e+00,interpolation,all_surface,practical,,100,100,70,70,0.000000000000e+00,0.000000000000e+00,0,70,6.739878324166e+01,5.721825806450e+01,4.974399984349e+00,,,,3.428068612301e-01,2.342873044520e-01,3.334035480324e+00,7.096905798760e-01,1.154934424014e+00,2.931185905162e-02,8.380541627766e-01,9.357409942276e-01,3.730645231873e-01,3.764771685079e-01,cgns_extracted_sensor_matrix,engineering_practical,ridge,1.000000000000e-04,0.000000000000e+00,False,
sensor_count_sensitivity,suboff_0000_u0p5_v-1_w-2,5.000000000000e-01,-1.000000000000e+00,-2.000000000000e+00,2.291287847478e+00,interpolation,all_surface,practical,,126,126,70,70,0.000000000000e+00,0.000000000000e+00,0,70,2.455491399346e+01,2.010701320024e+01,3.000299999258e+00,,,,2.308940573616e-01,1.628138560221e-01,2.758014548158e+00,4.570272353072e-01,7.200314053257e-01,2.476862668532e-02,9.265323262901e-01,9.662015823655e-01,2.533425830137e-01,2.556600598219e-01,cgns_extracted_sensor_matrix,engineering_practical,ridge,1.000000000000e-04,0.000000000000e+00,False,
sensor_count_sensitivity,suboff_0000_u0p5_v0p5_w-0p5,5.000000000000e-01,5.000000000000e-01,-5.000000000000e-01,8.660254037844e-01,interpolation,all_surface,practical,,60,60,70,70,0.000000000000e+00,0.000000000000e+00,0,60,2.589806684087e+02,2.298743951986e+02,3.224000014598e+00,,,,1.021796806891e+00,8.062171700361e-01,5.800872121796e+00,1.991158489177e+00,2.408380895075e+00,-6.361509984506e-01,5.194139280976e-01,8.593302920278e-01,5.063269825871e-01,7.094785567329e-01,cgns_extracted_sensor_matrix,engineering_practical,ridge,1.000000000000e-04,0.000000000000e+00,False,
sensor_count_sensitivity,suboff_0000_u0p5_v0p5_w-0p5,5.000000000000e-01,5.000000000000e-01,-5.000000000000e-01,8.660254037844e-01,interpolation,all_surface,practical,,80,80,70,70,0.000000000000e+00,0.000000000000e+00,0,70,3.307865966778e+02,2.694448350063e+02,3.341899981024e+00,,,,2.641059301837e-01,1.867721794454e-01,2.618051480501e+00,5.673104059234e-01,7.290566595907e-01,-6.562270151736e-02,9.678930979182e-01,9.856830365702e-01,1.288213846462e-01,1.805078796870e-01,cgns_extracted_sensor_matrix,engineering_practical,ridge,1.000000000000e-04,0.000000000000e+00,False,
sensor_count_sensitivity,suboff_0000_u0p5_v0p5_w-0p5,5.000000000000e-01,5.000000000000e-01,-5.000000000000e-01,8.660254037844e-01,interpolation,all_surface,practical,,100,100,70,70,0.000000000000e+00,0.000000000000e+00,0,70,7.124413357791e+01,6.729191686044e+01,5.627399979858e+00,,,,1.526213277438e-01,9.780711433202e-02,2.716839532214e+00,3.057886452288e-01,5.115945507348e-01,1.095573524816e-04,9.892780802431e-01,9.946366171922e-01,7.193517226206e-02,1.007974371305e-01,cgns_extracted_sensor_matrix,engineering_practical,ridge,1.000000000000e-04,0.000000000000e+00,False,
sensor_count_sensitivity,suboff_0000_u0p5_v0p5_w-0p5,5.000000000000e-01,5.000000000000e-01,-5.000000000000e-01,8.660254037844e-01,interpolation,all_surface,practical,,126,126,70,70,0.000000000000e+00,0.000000000000e+00,0,70,2.538768855500e+01,2.219485031872e+01,3.723100002389e+00,,,,1.712737152788e-01,1.164832982089e-01,2.664761507457e+00,3.551656170757e-01,5.872394202673e-01,2.121997004574e-02,9.864972093312e-01,9.933488949631e-01,8.242208204006e-02,1.154919682730e-01,cgns_extracted_sensor_matrix,engineering_practical,ridge,1.000000000000e-04,0.000000000000e+00,False,
sensor_count_sensitivity,suboff_0000_u0p5_v0p5_w0p5,5.000000000000e-01,5.000000000000e-01,5.000000000000e-01,8.660254037844e-01,interpolation,all_surface,practical,,60,60,70,70,0.000000000000e+00,0.000000000000e+00,0,60,2.589806684087e+02,2.298743951986e+02,3.570900007617e+00,,,,6.639746759460e-01,5.274632630027e-01,5.175735072744e+00,1.213994233378e+00,1.516365192872e+00,3.865721301945e-01,8.049819896644e-02,6.676675569817e-01,7.456843859193e-01,9.757659113154e-01,cgns_extracted_sensor_matrix,engineering_practical,ridge,1.000000000000e-04,0.000000000000e+00,False,
sensor_count_sensitivity,suboff_0000_u0p5_v0p5_w0p5,5.000000000000e-01,5.000000000000e-01,5.000000000000e-01,8.660254037844e-01,interpolation,all_surface,practical,,80,80,70,70,0.000000000000e+00,0.000000000000e+00,0,70,3.307865966778e+02,2.694448350063e+02,2.504999982193e+00,,,,3.262227414198e-01,2.401584431416e-01,2.590696433396e+00,6.762413932915e-01,8.758791209999e-01,1.807869706548e-02,7.780383119983e-01,9.133544903344e-01,3.594462900744e-01,4.703537360126e-01,cgns_extracted_sensor_matrix,engineering_practical,ridge,1.000000000000e-04,0.000000000000e+00,False,
sensor_count_sensitivity,suboff_0000_u0p5_v0p5_w0p5,5.000000000000e-01,5.000000000000e-01,5.000000000000e-01,8.660254037844e-01,interpolation,all_surface,practical,,100,100,70,70,0.000000000000e+00,0.000000000000e+00,0,70,7.124413357791e+01,6.729191686044e+01,4.607100010617e+00,,,,1.647949348602e-01,1.154429634029e-01,1.416823509845e+00,3.395430573303e-01,5.209012911404e-01,-2.612461501632e-02,9.433581706683e-01,9.721865486116e-01,1.755946272588e-01,2.297744927004e-01,cgns_extracted_sensor_matrix,engineering_practical,ridge,1.000000000000e-04,0.000000000000e+00,False,
sensor_count_sensitivity,suboff_0000_u0p5_v0p5_w0p5,5.000000000000e-01,5.000000000000e-01,5.000000000000e-01,8.660254037844e-01,interpolation,all_surface,practical,,126,126,70,70,0.000000000000e+00,0.000000000000e+00,0,70,2.538768855500e+01,2.219485031872e+01,3.178400016623e+00,,,,1.142491825468e-01,8.394939823902e-02,1.260956366959e+00,2.281850570128e-01,3.538814479373e-01,-2.366958128337e-02,9.727757605660e-01,9.870785644456e-01,1.244238419757e-01,1.628149198875e-01,cgns_extracted_sensor_matrix,engineering_practical,ridge,1.000000000000e-04,0.000000000000e+00,False,
sensor_count_sensitivity,suboff_0000_u0p5_v1_w2,5.000000000000e-01,1.000000000000e+00,2.000000000000e+00,2.291287847478e+00,interpolation,all_surface,practical,,60,60,70,70,0.000000000000e+00,0.000000000000e+00,0,60,2.920733517762e+02,2.222484255735e+02,4.088799993042e+00,,,,8.286378865298e-01,6.442762336608e-01,3.511294491939e+00,1.655018037327e+00,1.973990967249e+00,-4.508998947877e-01,5.589653742637e-02,6.140024162721e-01,7.264873599990e-01,9.725642260855e-01,cgns_extracted_sensor_matrix,engineering_practical,ridge,1.000000000000e-04,0.000000000000e+00,False,
sensor_count_sensitivity,suboff_0000_u0p5_v1_w2,5.000000000000e-01,1.000000000000e+00,2.000000000000e+00,2.291287847478e+00,interpolation,all_surface,practical,,80,80,70,70,0.000000000000e+00,0.000000000000e+00,0,70,4.060851991580e+02,3.118455553643e+02,2.483400021447e+00,,,,5.583263344982e-01,4.129470295223e-01,4.290051646156e+00,1.157445087410e+00,1.710026926095e+00,4.108631217001e-02,5.713861073196e-01,7.685473368277e-01,4.736981212325e-01,6.341498449131e-01,cgns_extracted_sensor_matrix,engineering_practical,ridge,1.000000000000e-04,0.000000000000e+00,False,
sensor_count_sensitivity,suboff_0000_u0p5_v1_w2,5.000000000000e-01,1.000000000000e+00,2.000000000000e+00,2.291287847478e+00,interpolation,all_surface,practical,,100,100,70,70,0.000000000000e+00,0.000000000000e+00,0,70,6.739878324166e+01,5.721825806450e+01,3.782999992836e+00,,,,3.668535493225e-01,2.617533142234e-01,2.985969774684e+00,7.724012111563e-01,1.121436939617e+00,-2.337252218478e-02,8.149558035032e-01,9.046261774413e-01,3.052186157547e-01,4.086027137744e-01,cgns_extracted_sensor_matrix,engineering_practical,ridge,1.000000000000e-04,0.000000000000e+00,False,
sensor_count_sensitivity,suboff_0000_u0p5_v1_w2,5.000000000000e-01,1.000000000000e+00,2.000000000000e+00,2.291287847478e+00,interpolation,all_surface,practical,,126,126,70,70,0.000000000000e+00,0.000000000000e+00,0,70,2.455491399346e+01,2.010701320024e+01,3.505800006678e+00,,,,3.144792004415e-01,2.308543359970e-01,3.255519731656e+00,6.494136097152e-01,9.731652080481e-01,-1.344490466314e-02,8.640203648063e-01,9.297013694086e-01,2.658451490876e-01,3.558926086220e-01,cgns_extracted_sensor_matrix,engineering_practical,ridge,1.000000000000e-04,0.000000000000e+00,False,
sensor_count_sensitivity,suboff_0000_u0_v-1p5_w-1p5,0.000000000000e+00,-1.500000000000e+00,-1.500000000000e+00,2.121320343560e+00,interpolation,all_surface,practical,,60,60,70,70,0.000000000000e+00,0.000000000000e+00,0,60,2.589806684087e+02,2.298743951986e+02,3.461599990260e+00,,,,8.380243913983e-01,6.170505514401e-01,5.552388905005e+00,1.712954100702e+00,2.366823049178e+00,2.771495861691e-01,-5.336677951796e-02,6.131960389715e-01,8.358412693152e-01,1.019438866861e+00,cgns_extracted_sensor_matrix,engineering_practical,ridge,1.000000000000e-04,0.000000000000e+00,False,
sensor_count_sensitivity,suboff_0000_u0_v-1p5_w-1p5,0.000000000000e+00,-1.500000000000e+00,-1.500000000000e+00,2.121320343560e+00,interpolation,all_surface,practical,,80,80,70,70,0.000000000000e+00,0.000000000000e+00,0,70,3.307865966778e+02,2.694448350063e+02,2.938799996627e+00,,,,8.510266098286e-01,6.155658730848e-01,5.696451204116e+00,1.782715255564e+00,2.495681415322e+00,-1.841334074602e-01,-8.630700139368e-02,6.513234976628e-01,8.527526309905e-01,1.040064911562e+00,cgns_extracted_sensor_matrix,engineering_practical,ridge,1.000000000000e-04,0.000000000000e+00,False,
sensor_count_sensitivity,suboff_0000_u0_v-1p5_w-1p5,0.000000000000e+00,-1.500000000000e+00,-1.500000000000e+00,2.121320343560e+00,interpolation,all_surface,practical,,100,100,70,70,0.000000000000e+00,0.000000000000e+00,0,70,7.124413357791e+01,6.729191686044e+01,5.984899995383e+00,,,,4.905090258540e-01,3.208401411731e-01,5.494832737942e+00,1.061337473243e+00,1.768642234844e+00,5.948116980796e-02,6.391220844815e-01,8.381386280978e-01,4.681633966595e-01,5.709983224297e-01,cgns_extracted_sensor_matrix,engineering_practical,ridge,1.000000000000e-04,0.000000000000e+00,False,
sensor_count_sensitivity,suboff_0000_u0_v-1p5_w-1p5,0.000000000000e+00,-1.500000000000e+00,-1.500000000000e+00,2.121320343560e+00,interpolation,all_surface,practical,,126,126,70,70,0.000000000000e+00,0.000000000000e+00,0,70,2.538768855500e+01,2.219485031872e+01,3.191099996911e+00,,,,3.119135915548e-01,2.218924959899e-01,2.318103067451e+00,6.355636014844e-01,1.089078577153e+00,6.145406286352e-02,8.540732541193e-01,9.315726419609e-01,3.019360826024e-01,3.682581719911e-01,cgns_extracted_sensor_matrix,engineering_practical,ridge,1.000000000000e-04,0.000000000000e+00,False,
sensor_count_sensitivity,suboff_0000_u0_v-1p5_w0,0.000000000000e+00,-1.500000000000e+00,0.000000000000e+00,1.500000000000e+00,interpolation,all_surface,practical,,60,60,70,70,0.000000000000e+00,0.000000000000e+00,0,60,2.605972296843e+02,2.248281002054e+02,2.796999993734e+00,,,,7.665658562819e-01,6.000058446526e-01,4.113935804818e+00,1.508588650708e+00,1.832369868158e+00,3.047198866216e-01,1.131500462530e-01,5.747988517023e-01,7.892257664850e-01,9.434098418593e-01,cgns_extracted_sensor_matrix,engineering_practical,ridge,1.000000000000e-04,0.000000000000e+00,False,
sensor_count_sensitivity,suboff_0000_u0_v-1p5_w0,0.000000000000e+00,-1.500000000000e+00,0.000000000000e+00,1.500000000000e+00,interpolation,all_surface,practical,,80,80,70,70,0.000000000000e+00,0.000000000000e+00,0,70,3.614794458012e+02,3.127213353290e+02,2.709099993808e+00,,,,9.360429373379e-02,6.905749267165e-02,8.500577805746e-01,1.915465838303e-01,2.879180678747e-01,-5.965993534750e-03,9.867766118379e-01,9.934046244672e-01,9.363167112581e-02,1.119236646863e-01,cgns_extracted_sensor_matrix,engineering_practical,ridge,1.000000000000e-04,0.000000000000e+00,False,
sensor_count_sensitivity,suboff_0000_u0_v-1p5_w0,0.000000000000e+00,-1.500000000000e+00,0.000000000000e+00,1.500000000000e+00,interpolation,all_surface,practical,,100,100,70,70,0.000000000000e+00,0.000000000000e+00,0,70,6.558187553974e+01,5.696809946240e+01,4.224300006172e+00,,,,6.209954689861e-02,4.436718426393e-02,6.730358445806e-01,1.351491676513e-01,1.918662708115e-01,3.374169156547e-03,9.941799318803e-01,9.970951990313e-01,6.248225781249e-02,7.468886529697e-02,cgns_extracted_sensor_matrix,engineering_practical,ridge,1.000000000000e-04,0.000000000000e+00,False,
sensor_count_sensitivity,suboff_0000_u0_v-1p5_w0,0.000000000000e+00,-1.500000000000e+00,0.000000000000e+00,1.500000000000e+00,interpolation,all_surface,practical,,126,126,70,70,0.000000000000e+00,0.000000000000e+00,0,70,2.592901195434e+01,2.349303275795e+01,3.341600007843e+00,,,,6.195772004056e-02,4.659168261445e-02,3.786330864168e-01,1.241048094097e-01,1.892298513782e-01,-4.519067294241e-03,9.942064859992e-01,9.971225503755e-01,6.182709674472e-02,7.390571119128e-02,cgns_extracted_sensor_matrix,engineering_practical,ridge,1.000000000000e-04,0.000000000000e+00,False,
sensor_count_sensitivity,suboff_0000_u0_v-1p5_w1p5,0.000000000000e+00,-1.500000000000e+00,1.500000000000e+00,2.121320343560e+00,interpolation,all_surface,practical,,60,60,70,70,0.000000000000e+00,0.000000000000e+00,0,60,2.589806684087e+02,2.298743951986e+02,4.007800016552e+00,,,,8.767498615244e-01,6.934013393703e-01,5.009186529143e+00,1.665224296226e+00,2.188777100359e+00,4.531165967339e-01,-2.538703349055e-01,5.719544382467e-01,9.033098251270e-01,1.108409064836e+00,cgns_extracted_sensor_matrix,engineering_practical,ridge,1.000000000000e-04,0.000000000000e+00,False,
sensor_count_sensitivity,suboff_0000_u0_v-1p5_w1p5,0.000000000000e+00,-1.500000000000e+00,1.500000000000e+00,2.121320343560e+00,interpolation,all_surface,practical,,80,80,70,70,0.000000000000e+00,0.000000000000e+00,0,70,3.307865966778e+02,2.694448350063e+02,2.570400014520e+00,,,,5.199704643905e-01,3.764700767507e-01,3.936149474145e+00,9.712993865994e-01,1.731473542025e+00,1.136895186952e-01,5.589797142047e-01,8.146908048336e-01,5.183176927327e-01,6.360032993209e-01,cgns_extracted_sensor_matrix,engineering_practical,ridge,1.000000000000e-04,0.000000000000e+00,False,
sensor_count_sensitivity,suboff_0000_u0_v-1p5_w1p5,0.000000000000e+00,-1.500000000000e+00,1.500000000000e+00,2.121320343560e+00,interpolation,all_surface,practical,,100,100,70,70,0.000000000000e+00,0.000000000000e+00,0,70,7.124413357791e+01,6.729191686044e+01,4.779499984579e+00,,,,3.227963216516e-01,2.273471662815e-01,2.278993490571e+00,6.355250960062e-01,1.077041887343e+00,7.250896847783e-02,8.300354416710e-01,9.323079708501e-01,3.223566354992e-01,3.955486887870e-01,cgns_extracted_sensor_matrix,engineering_practical,ridge,1.000000000000e-04,0.000000000000e+00,False,
sensor_count_sensitivity,suboff_0000_u0_v-1p5_w1p5,0.000000000000e+00,-1.500000000000e+00,1.500000000000e+00,2.121320343560e+00,interpolation,all_surface,practical,,126,126,70,70,0.000000000000e+00,0.000000000000e+00,0,70,2.538768855500e+01,2.219485031872e+01,3.538100019796e+00,,,,2.722764041019e-01,1.908880980290e-01,2.294900343965e+00,5.734263083665e-01,8.737964299320e-01,5.509522751380e-02,8.790735709559e-01,9.569854437969e-01,2.787961764686e-01,3.420976952133e-01,cgns_extracted_sensor_matrix,engineering_practical,ridge,1.000000000000e-04,0.000000000000e+00,False,
sensor_count_sensitivity,suboff_0000_u0_v-2p5_w0,0.000000000000e+00,-2.500000000000e+00,0.000000000000e+00,2.500000000000e+00,interpolation,all_surface,practical,,60,60,70,70,0.000000000000e+00,0.000000000000e+00,0,60,2.605972296843e+02,2.248281002054e+02,3.169500007061e+00,,,,7.698206005073e-01,5.761780971050e-01,4.165357710503e+00,1.566848436314e+00,2.047225221126e+00,2.167788622119e-01,1.167434088596e-01,5.257620232173e-01,7.893750564226e-01,9.426081669307e-01,cgns_extracted_sensor_matrix,engineering_practical,ridge,1.000000000000e-04,0.000000000000e+00,False,
sensor_count_sensitivity,suboff_0000_u0_v-2p5_w0,0.000000000000e+00,-2.500000000000e+00,0.000000000000e+00,2.500000000000e+00,interpolation,all_surface,practical,,80,80,70,70,0.000000000000e+00,0.000000000000e+00,0,70,3.614794458012e+02,3.127213353290e+02,3.413700003875e+00,,,,3.245522091435e-01,2.396230889541e-01,3.023030180112e+00,6.491862331393e-01,8.977607030614e-01,-1.379076241932e-02,8.430082000480e-01,9.194973135551e-01,3.225833002744e-01,3.852030170957e-01,cgns_extracted_sensor_matrix,engineering_practical,ridge,1.000000000000e-04,0.000000000000e+00,False,
sensor_count_sensitivity,suboff_0000_u0_v-2p5_w0,0.000000000000e+00,-2.500000000000e+00,0.000000000000e+00,2.500000000000e+00,interpolation,all_surface,practical,,100,100,70,70,0.000000000000e+00,0.000000000000e+00,0,70,6.558187553974e+01,5.696809946240e+01,4.727500025183e+00,,,,1.160740613022e-01,8.486328129970e-02,1.002567095974e+00,2.245065579304e-01,3.875438311601e-01,-9.639418178740e-03,9.799193304248e-01,9.905576218335e-01,1.141926487598e-01,1.363596714245e-01,cgns_extracted_sensor_matrix,engineering_practical,ridge,1.000000000000e-04,0.000000000000e+00,False,
sensor_count_sensitivity,suboff_0000_u0_v-2p5_w0,0.000000000000e+00,-2.500000000000e+00,0.000000000000e+00,2.500000000000e+00,interpolation,all_surface,practical,,126,126,70,70,0.000000000000e+00,0.000000000000e+00,0,70,2.592901195434e+01,2.349303275795e+01,3.230500005884e+00,,,,8.156416627691e-02,5.775859880587e-02,7.205381530405e-01,1.639188427744e-01,2.710174763380e-01,-1.168659100405e-02,9.900846823438e-01,9.953077191646e-01,8.263721692625e-02,9.867871417184e-02,cgns_extracted_sensor_matrix,engineering_practical,ridge,1.000000000000e-04,0.000000000000e+00,False,
sensor_count_sensitivity,suboff_0000_u0_v-3p5_w0,0.000000000000e+00,-3.500000000000e+00,0.000000000000e+00,3.500000000000e+00,extrapolation,all_surface,practical,,60,60,70,70,0.000000000000e+00,0.000000000000e+00,0,60,2.605972296843e+02,2.248281002054e+02,3.452399978414e+00,,,,8.288886505758e-01,6.251082345215e-01,5.508686011285e+00,1.631770975800e+00,2.336210369587e+00,2.755743212746e-01,6.071027706657e-03,5.107261441711e-01,8.298760088244e-01,9.918652961060e-01,cgns_extracted_sensor_matrix,engineering_practical,ridge,1.000000000000e-04,0.000000000000e+00,False,
sensor_count_sensitivity,suboff_0000_u0_v-3p5_w0,0.000000000000e+00,-3.500000000000e+00,0.000000000000e+00,3.500000000000e+00,extrapolation,all_surface,practical,,80,80,70,70,0.000000000000e+00,0.000000000000e+00,0,70,3.614794458012e+02,3.127213353290e+02,3.187000023900e+00,,,,4.031066923966e-01,2.833086189121e-01,4.034521274274e+00,8.357921571759e-01,1.327614176968e+00,4.314978146020e-02,7.649268750900e-01,8.774127290040e-01,3.929603447683e-01,4.696650157096e-01,cgns_extracted_sensor_matrix,engineering_practical,ridge,1.000000000000e-04,0.000000000000e+00,False,
sensor_count_sensitivity,suboff_0000_u0_v-3p5_w0,0.000000000000e+00,-3.500000000000e+00,0.000000000000e+00,3.500000000000e+00,extrapolation,all_surface,practical,,100,100,70,70,0.000000000000e+00,0.000000000000e+00,0,70,6.558187553974e+01,5.696809946240e+01,5.806400004076e+00,,,,1.365286363037e-01,9.932000931131e-02,1.114817260096e+00,2.808955081158e-01,4.319395172997e-01,2.818811451082e-02,9.730343763746e-01,9.870334633759e-01,1.327230796473e-01,1.586302234245e-01,cgns_extracted_sensor_matrix,engineering_practical,ridge,1.000000000000e-04,0.000000000000e+00,False,
sensor_count_sensitivity,suboff_0000_u0_v-3p5_w0,0.000000000000e+00,-3.500000000000e+00,0.000000000000e+00,3.500000000000e+00,extrapolation,all_surface,practical,,126,126,70,70,0.000000000000e+00,0.000000000000e+00,0,70,2.592901195434e+01,2.349303275795e+01,3.097599983448e+00,,,,9.721790154026e-02,7.149360925059e-02,7.938053111330e-01,1.967557422823e-01,3.045502989189e-01,1.234711229408e-02,9.863272633518e-01,9.935229249402e-01,9.750378109029e-02,1.165362242964e-01,cgns_extracted_sensor_matrix,engineering_practical,ridge,1.000000000000e-04,0.000000000000e+00,False,
sensor_count_sensitivity,suboff_0000_u0_v0_w-1p5,0.000000000000e+00,0.000000000000e+00,-1.500000000000e+00,1.500000000000e+00,interpolation,all_surface,practical,,60,60,70,70,0.000000000000e+00,0.000000000000e+00,0,60,2.920733517762e+02,2.222484255735e+02,3.085100004682e+00,,,,6.837395695387e-01,5.147506454258e-01,3.600247502145e+00,1.409367866003e+00,1.685749536601e+00,4.346604605987e-01,3.003399088373e-01,7.673880388436e-01,7.126351714776e-01,8.503682046740e-01,cgns_extracted_sensor_matrix,engineering_practical,ridge,1.000000000000e-04,0.000000000000e+00,False,
sensor_count_sensitivity,suboff_0000_u0_v0_w-1p5,0.000000000000e+00,0.000000000000e+00,-1.500000000000e+00,1.500000000000e+00,interpolation,all_surface,practical,,80,80,70,70,0.000000000000e+00,0.000000000000e+00,0,70,4.060851991580e+02,3.118455553643e+02,2.726800012169e+00,,,,2.768129008654e-01,1.928356437111e-01,2.012114048533e+00,6.262601702582e-01,7.928086284543e-01,1.323025591929e-01,8.853224708644e-01,9.547429375512e-01,2.858289703550e-01,3.410719511087e-01,cgns_extracted_sensor_matrix,engineering_practical,ridge,1.000000000000e-04,0.000000000000e+00,False,
sensor_count_sensitivity,suboff_0000_u0_v0_w-1p5,0.000000000000e+00,0.000000000000e+00,-1.500000000000e+00,1.500000000000e+00,interpolation,all_surface,practical,,100,100,70,70,0.000000000000e+00,0.000000000000e+00,0,70,6.739878324166e+01,5.721825806450e+01,5.231599992840e+00,,,,4.588046045562e-02,3.061769610822e-02,4.803282695322e-01,9.571786671681e-02,1.688849009623e-01,1.055063535351e-02,9.968496325653e-01,9.985085552077e-01,4.638733915765e-02,5.535275256945e-02,cgns_extracted_sensor_matrix,engineering_practical,ridge,1.000000000000e-04,0.000000000000e+00,False,
sensor_count_sensitivity,suboff_0000_u0_v0_w-1p5,0.000000000000e+00,0.000000000000e+00,-1.500000000000e+00,1.500000000000e+00,interpolation,all_surface,practical,,126,126,70,70,0.000000000000e+00,0.000000000000e+00,0,70,2.455491399346e+01,2.010701320024e+01,3.290299995570e+00,,,,5.478385915312e-02,3.696190154302e-02,6.628023936682e-01,1.133484396617e-01,2.013204602136e-01,1.009275796012e-02,9.955082981796e-01,9.978396226409e-01,5.558630037532e-02,6.632962327219e-02,cgns_extracted_sensor_matrix,engineering_practical,ridge,1.000000000000e-04,0.000000000000e+00,False,
sensor_count_sensitivity,suboff_0000_u0_v0_w-2p5,0.000000000000e+00,0.000000000000e+00,-2.500000000000e+00,2.500000000000e+00,interpolation,all_surface,practical,,60,60,70,70,0.000000000000e+00,0.000000000000e+00,0,60,2.920733517762e+02,2.222484255735e+02,3.142300003674e+00,,,,7.118899584148e-01,5.247118252674e-01,3.172282598057e+00,1.477954612467e+00,1.782227008595e+00,4.366088228180e-01,2.590868830912e-01,7.396971065204e-01,7.350348925750e-01,8.773520149257e-01,cgns_extracted_sensor_matrix,engineering_practical,ridge,1.000000000000e-04,0.000000000000e+00,False,
sensor_count_sensitivity,suboff_0000_u0_v0_w-2p5,0.000000000000e+00,0.000000000000e+00,-2.500000000000e+00,2.500000000000e+00,interpolation,all_surface,practical,,80,80,70,70,0.000000000000e+00,0.000000000000e+00,0,70,4.060851991580e+02,3.118455553643e+02,2.488700003596e+00,,,,3.187279097095e-01,2.220318199531e-01,1.994401929758e+00,7.094028887271e-01,8.926378266417e-01,9.660266080049e-02,8.514810950314e-01,9.302840680727e-01,3.262884567330e-01,3.894642796601e-01,cgns_extracted_sensor_matrix,engineering_practical,ridge,1.000000000000e-04,0.000000000000e+00,False,
sensor_count_sensitivity,suboff_0000_u0_v0_w-2p5,0.000000000000e+00,0.000000000000e+00,-2.500000000000e+00,2.500000000000e+00,interpolation,all_surface,practical,,100,100,70,70,0.000000000000e+00,0.000000000000e+00,0,70,6.739878324166e+01,5.721825806450e+01,4.629499977455e+00,,,,1.242068032552e-01,8.349957272273e-02,1.211442151868e+00,2.618029340476e-01,4.387702172582e-01,1.390474729623e-02,9.774455459983e-01,9.892326765825e-01,1.210355099888e-01,1.444703505084e-01,cgns_extracted_sensor_matrix,engineering_practical,ridge,1.000000000000e-04,0.000000000000e+00,False,
sensor_count_sensitivity,suboff_0000_u0_v0_w-2p5,0.000000000000e+00,0.000000000000e+00,-2.500000000000e+00,2.500000000000e+00,interpolation,all_surface,practical,,126,126,70,70,0.000000000000e+00,0.000000000000e+00,0,70,2.455491399346e+01,2.010701320024e+01,3.516700002365e+00,,,,8.918978345252e-02,5.644909548577e-02,9.565767312342e-01,1.831276023496e-01,3.657375256597e-01,4.040564412132e-03,9.883702127936e-01,9.942205306483e-01,9.152469897588e-02,1.092456696588e-01,cgns_extracted_sensor_matrix,engineering_practical,ridge,1.000000000000e-04,0.000000000000e+00,False,
sensor_count_sensitivity,suboff_0000_u0_v0_w-3p5,0.000000000000e+00,0.000000000000e+00,-3.500000000000e+00,3.500000000000e+00,extrapolation,all_surface,practical,,60,60,70,70,0.000000000000e+00,0.000000000000e+00,0,60,2.920733517762e+02,2.222484255735e+02,3.517500008456e+00,,,,7.270700602708e-01,5.327394083621e-01,2.877543290121e+00,1.514513586815e+00,1.819733944240e+00,4.431489849298e-01,2.542376594677e-01,7.358662688714e-01,7.368845363521e-01,8.793974774232e-01,cgns_extracted_sensor_matrix,engineering_practical,ridge,1.000000000000e-04,0.000000000000e+00,False,
sensor_count_sensitivity,suboff_0000_u0_v0_w-3p5,0.000000000000e+00,0.000000000000e+00,-3.500000000000e+00,3.500000000000e+00,extrapolation,all_surface,practical,,80,80,70,70,0.000000000000e+00,0.000000000000e+00,0,70,4.060851991580e+02,3.118455553643e+02,2.261799992993e+00,,,,2.990273187772e-01,2.073478580686e-01,2.132955021046e+00,6.748376750943e-01,8.450167502611e-01,1.051428660320e-01,8.738551108748e-01,9.431235555978e-01,3.001881177086e-01,3.582442844739e-01,cgns_extracted_sensor_matrix,engineering_practical,ridge,1.000000000000e-04,0.000000000000e+00,False,
sensor_count_sensitivity,suboff_0000_u0_v0_w-3p5,0.000000000000e+00,0.000000000000e+00,-3.500000000000e+00,3.500000000000e+00,extrapolation,all_surface,practical,,100,100,70,70,0.000000000000e+00,0.000000000000e+00,0,70,6.739878324166e+01,5.721825806450e+01,3.783900028793e+00,,,,1.520649591775e-01,9.703827630325e-02,1.763326090999e+00,3.277610317609e-01,5.295421997633e-01,1.977397776943e-02,9.673783273600e-01,9.845135000175e-01,1.434092487735e-01,1.711444946788e-01,cgns_extracted_sensor_matrix,engineering_practical,ridge,1.000000000000e-04,0.000000000000e+00,False,
sensor_count_sensitivity,suboff_0000_u0_v0_w-3p5,0.000000000000e+00,0.000000000000e+00,-3.500000000000e+00,3.500000000000e+00,extrapolation,all_surface,practical,,126,126,70,70,0.000000000000e+00,0.000000000000e+00,0,70,2.455491399346e+01,2.010701320024e+01,3.126499999780e+00,,,,9.426374145742e-02,5.873357824972e-02,7.260446148006e-01,2.020981403928e-01,3.763547299175e-01,1.085301604789e-02,9.874646266649e-01,9.937972447801e-01,9.534096291417e-02,1.137798367935e-01,cgns_extracted_sensor_matrix,engineering_practical,ridge,1.000000000000e-04,0.000000000000e+00,False,
sensor_count_sensitivity,suboff_0000_u0_v0_w1p5,0.000000000000e+00,0.000000000000e+00,1.500000000000e+00,1.500000000000e+00,interpolation,all_surface,practical,,60,60,70,70,0.000000000000e+00,0.000000000000e+00,0,60,2.920733517762e+02,2.222484255735e+02,3.303900011815e+00,,,,7.107059725538e-01,5.464885120536e-01,3.544394770110e+00,1.423811969143e+00,1.785566293871e+00,3.843490324937e-01,1.993648134408e-01,6.745824093372e-01,7.417249793316e-01,9.044410804556e-01,cgns_extracted_sensor_matrix,engineering_practical,ridge,1.000000000000e-04,0.000000000000e+00,False,
sensor_count_sensitivity,suboff_0000_u0_v0_w1p5,0.000000000000e+00,0.000000000000e+00,1.500000000000e+00,1.500000000000e+00,interpolation,all_surface,practical,,80,80,70,70,0.000000000000e+00,0.000000000000e+00,0,70,4.060851991580e+02,3.118455553643e+02,3.473499993561e+00,,,,3.698317386088e-01,2.575479054098e-01,3.000036998664e+00,7.552353748211e-01,1.211198519309e+00,1.057197011819e-01,7.831980916059e-01,8.954688804321e-01,3.761175783034e-01,4.586284652374e-01,cgns_extracted_sensor_matrix,engineering_practical,ridge,1.000000000000e-04,0.000000000000e+00,False,
sensor_count_sensitivity,suboff_0000_u0_v0_w1p5,0.000000000000e+00,0.000000000000e+00,1.500000000000e+00,1.500000000000e+00,interpolation,all_surface,practical,,100,100,70,70,0.000000000000e+00,0.000000000000e+00,0,70,6.739878324166e+01,5.721825806450e+01,6.306600000244e+00,,,,1.543202658221e-01,1.026174495085e-01,1.657579630108e+00,2.982370291630e-01,5.749348174002e-01,3.384878368569e-02,9.622514157765e-01,9.818696569538e-01,1.461783486678e-01,1.782462601266e-01,cgns_extracted_sensor_matrix,engineering_practical,ridge,1.000000000000e-04,0.000000000000e+00,False,
sensor_count_sensitivity,suboff_0000_u0_v0_w1p5,0.000000000000e+00,0.000000000000e+00,1.500000000000e+00,1.500000000000e+00,interpolation,all_surface,practical,,126,126,70,70,0.000000000000e+00,0.000000000000e+00,0,70,2.455491399346e+01,2.010701320024e+01,3.430899989326e+00,,,,7.763706581907e-02,5.351561471504e-02,8.408517109699e-01,1.594525798059e-01,2.862925422570e-01,1.720212712200e-02,9.904458298928e-01,9.956153362276e-01,7.854080360458e-02,9.577071185602e-02,cgns_extracted_sensor_matrix,engineering_practical,ridge,1.000000000000e-04,0.000000000000e+00,False,
sensor_count_sensitivity,suboff_0000_u0_v0_w2p5,0.000000000000e+00,0.000000000000e+00,2.500000000000e+00,2.500000000000e+00,interpolation,all_surface,practical,,60,60,70,70,0.000000000000e+00,0.000000000000e+00,0,60,2.920733517762e+02,2.222484255735e+02,2.919099992141e+00,,,,7.533577228760e-01,5.628345485894e-01,3.781968698074e+00,1.560475475824e+00,1.824954988160e+00,4.336123115376e-01,1.347088411261e-01,6.628706132945e-01,7.745586627025e-01,9.446183511687e-01,cgns_extracted_sensor_matrix,engineering_practical,ridge,1.000000000000e-04,0.000000000000e+00,False,
sensor_count_sensitivity,suboff_0000_u0_v0_w2p5,0.000000000000e+00,0.000000000000e+00,2.500000000000e+00,2.500000000000e+00,interpolation,all_surface,practical,,80,80,70,70,0.000000000000e+00,0.000000000000e+00,0,70,4.060851991580e+02,3.118455553643e+02,2.494800020941e+00,,,,4.520881189627e-01,3.079912456820e-01,3.651043651440e+00,1.015016115080e+00,1.408000688076e+00,-2.883938265803e-03,6.883938902172e-01,8.324209668579e-01,4.397822855844e-01,5.363395149858e-01,cgns_extracted_sensor_matrix,engineering_practical,ridge,1.000000000000e-04,0.000000000000e+00,False,
sensor_count_sensitivity,suboff_0000_u0_v0_w2p5,0.000000000000e+00,0.000000000000e+00,2.500000000000e+00,2.500000000000e+00,interpolation,all_surface,practical,,100,100,70,70,0.000000000000e+00,0.000000000000e+00,0,70,6.739878324166e+01,5.721825806450e+01,2.725900005316e+00,,,,2.051531857349e-01,1.402410668041e-01,1.818417993587e+00,4.374316771141e-01,6.978393589408e-01,5.656831953631e-02,9.358323244269e-01,9.707052999582e-01,1.998891068866e-01,2.437761368584e-01,cgns_extracted_sensor_matrix,engineering_practical,ridge,1.000000000000e-04,0.000000000000e+00,False,
sensor_count_sensitivity,suboff_0000_u0_v0_w2p5,0.000000000000e+00,0.000000000000e+00,2.500000000000e+00,2.500000000000e+00,interpolation,all_surface,practical,,126,126,70,70,0.000000000000e+00,0.000000000000e+00,0,70,2.455491399346e+01,2.010701320024e+01,3.353300009621e+00,,,,1.339554892012e-01,9.166814287924e-02,9.305621853348e-01,2.732719842889e-01,5.115682614231e-01,4.540600007963e-02,9.726422229231e-01,9.878186292145e-01,1.331530170506e-01,1.623876789147e-01,cgns_extracted_sensor_matrix,engineering_practical,ridge,1.000000000000e-04,0.000000000000e+00,False,
sensor_count_sensitivity,suboff_0000_u0_v0_w3p5,0.000000000000e+00,0.000000000000e+00,3.500000000000e+00,3.500000000000e+00,extrapolation,all_surface,practical,,60,60,70,70,0.000000000000e+00,0.000000000000e+00,0,60,2.920733517762e+02,2.222484255735e+02,3.738600003999e+00,,,,7.674342407106e-01,5.691928161112e-01,3.034181691776e+00,1.606515601042e+00,1.907944005463e+00,4.382187157829e-01,1.306814345891e-01,6.540252262303e-01,7.781497046826e-01,9.490651568766e-01,cgns_extracted_sensor_matrix,engineering_practical,ridge,1.000000000000e-04,0.000000000000e+00,False,
sensor_count_sensitivity,suboff_0000_u0_v0_w3p5,0.000000000000e+00,0.000000000000e+00,3.500000000000e+00,3.500000000000e+00,extrapolation,all_surface,practical,,80,80,70,70,0.000000000000e+00,0.000000000000e+00,0,70,4.060851991580e+02,3.118455553643e+02,2.921800012700e+00,,,,4.547475772413e-01,3.073564532916e-01,3.512396915678e+00,1.020055913978e+00,1.502665130194e+00,2.267631222933e-02,6.947628442964e-01,8.349376797299e-01,4.389059375195e-01,5.353087329332e-01,cgns_extracted_sensor_matrix,engineering_practical,ridge,1.000000000000e-04,0.000000000000e+00,False,
sensor_count_sensitivity,suboff_0000_u0_v0_w3p5,0.000000000000e+00,0.000000000000e+00,3.500000000000e+00,3.500000000000e+00,extrapolation,all_surface,practical,,100,100,70,70,0.000000000000e+00,0.000000000000e+00,0,70,6.739878324166e+01,5.721825806450e+01,4.718600015622e+00,,,,1.713158313012e-01,1.123028820396e-01,1.244821779944e+00,3.448785555316e-01,6.500003310478e-01,5.152999612560e-02,9.566796849822e-01,9.812367524967e-01,1.659366114377e-01,2.023834940988e-01,cgns_extracted_sensor_matrix,engineering_practical,ridge,1.000000000000e-04,0.000000000000e+00,False,
sensor_count_sensitivity,suboff_0000_u0_v0_w3p5,0.000000000000e+00,0.000000000000e+00,3.500000000000e+00,3.500000000000e+00,extrapolation,all_surface,practical,,126,126,70,70,0.000000000000e+00,0.000000000000e+00,0,70,2.455491399346e+01,2.010701320024e+01,3.466699999990e+00,,,,1.510167845347e-01,9.747245376095e-02,1.024904925404e+00,3.064402459833e-01,6.196486425690e-01,5.774410970415e-02,9.663374471640e-01,9.860709400649e-01,1.489365215034e-01,1.816494464942e-01,cgns_extracted_sensor_matrix,engineering_practical,ridge,1.000000000000e-04,0.000000000000e+00,False,
sensor_count_sensitivity,suboff_0000_u0_v1p5_w-1p5,0.000000000000e+00,1.500000000000e+00,-1.500000000000e+00,2.121320343560e+00,interpolation,all_surface,practical,,60,60,70,70,0.000000000000e+00,0.000000000000e+00,0,60,2.589806684087e+02,2.298743951986e+02,3.316300018923e+00,,,,8.062918558398e-01,5.969901722413e-01,5.452944885071e+00,1.615691314688e+00,2.533185113001e+00,4.661790448235e-01,1.835599282302e-02,6.600400297677e-01,8.254846786352e-01,1.004554770873e+00,cgns_extracted_sensor_matrix,engineering_practical,ridge,1.000000000000e-04,0.000000000000e+00,False,
sensor_count_sensitivity,suboff_0000_u0_v1p5_w-1p5,0.000000000000e+00,1.500000000000e+00,-1.500000000000e+00,2.121320343560e+00,interpolation,all_surface,practical,,80,80,70,70,0.000000000000e+00,0.000000000000e+00,0,70,3.307865966778e+02,2.694448350063e+02,2.694900002098e+00,,,,4.328681421966e-01,2.784854315725e-01,5.221027701558e+00,9.008497370174e-01,1.567036628819e+00,1.745738376979e-02,7.170688780187e-01,8.839249453223e-01,4.227104434486e-01,5.144078426342e-01,cgns_extracted_sensor_matrix,engineering_practical,ridge,1.000000000000e-04,0.000000000000e+00,False,
sensor_count_sensitivity,suboff_0000_u0_v1p5_w-1p5,0.000000000000e+00,1.500000000000e+00,-1.500000000000e+00,2.121320343560e+00,interpolation,all_surface,practical,,100,100,70,70,0.000000000000e+00,0.000000000000e+00,0,70,7.124413357791e+01,6.729191686044e+01,5.544099985855e+00,,,,3.572508575603e-01,2.296843527400e-01,5.350207142355e+00,7.518356627424e-01,1.271275913262e+00,4.655755329716e-02,8.072847719350e-01,9.126799884118e-01,3.469867334846e-01,4.222575991695e-01,cgns_extracted_sensor_matrix,engineering_practical,ridge,1.000000000000e-04,0.000000000000e+00,False,
sensor_count_sensitivity,suboff_0000_u0_v1p5_w-1p5,0.000000000000e+00,1.500000000000e+00,-1.500000000000e+00,2.121320343560e+00,interpolation,all_surface,practical,,126,126,70,70,0.000000000000e+00,0.000000000000e+00,0,70,2.538768855500e+01,2.219485031872e+01,3.124400012894e+00,,,,2.137043260772e-01,1.501111513981e-01,1.661285409120e+00,4.648302340676e-01,6.719352358865e-01,-2.693132718165e-04,9.310401828965e-01,9.657122290677e-01,2.123231764904e-01,2.583818518147e-01,cgns_extracted_sensor_matrix,engineering_practical,ridge,1.000000000000e-04,0.000000000000e+00,False,
sensor_count_sensitivity,suboff_0000_u0_v1p5_w0,0.000000000000e+00,1.500000000000e+00,0.000000000000e+00,1.500000000000e+00,interpolation,all_surface,practical,,60,60,70,70,0.000000000000e+00,0.000000000000e+00,0,60,2.605972296843e+02,2.248281002054e+02,3.396299987799e+00,,,,6.998368065670e-01,5.396163770042e-01,4.233190787530e+00,1.404896445567e+00,1.792512354867e+00,3.212341932489e-01,2.635553765903e-01,6.769907459710e-01,7.185178609344e-01,8.580095612550e-01,cgns_extracted_sensor_matrix,engineering_practical,ridge,1.000000000000e-04,0.000000000000e+00,False,
sensor_count_sensitivity,suboff_0000_u0_v1p5_w0,0.000000000000e+00,1.500000000000e+00,0.000000000000e+00,1.500000000000e+00,interpolation,all_surface,practical,,80,80,70,70,0.000000000000e+00,0.000000000000e+00,0,70,3.614794458012e+02,3.127213353290e+02,2.973199996632e+00,,,,2.291291238468e-01,1.564872036148e-01,2.989157380450e+00,4.803078312779e-01,7.046713626826e-01,-4.995037759335e-02,9.210581816996e-01,9.623272957213e-01,2.236107597335e-01,2.670221302520e-01,cgns_extracted_sensor_matrix,engineering_practical,ridge,1.000000000000e-04,0.000000000000e+00,False,
sensor_count_sensitivity,suboff_0000_u0_v1p5_w0,0.000000000000e+00,1.500000000000e+00,0.000000000000e+00,1.500000000000e+00,interpolation,all_surface,practical,,100,100,70,70,0.000000000000e+00,0.000000000000e+00,0,70,6.558187553974e+01,5.696809946240e+01,5.568799999310e+00,,,,1.243662984416e-01,8.205408171924e-02,1.541661639957e+00,2.525205761511e-01,4.198413416962e-01,1.358546268038e-02,9.767430931449e-01,9.884824518491e-01,1.211726338184e-01,1.446968600662e-01,cgns_extracted_sensor_matrix,engineering_practical,ridge,1.000000000000e-04,0.000000000000e+00,False,
sensor_count_sensitivity,suboff_0000_u0_v1p5_w0,0.000000000000e+00,1.500000000000e+00,0.000000000000e+00,1.500000000000e+00,interpolation,all_surface,practical,,126,126,70,70,0.000000000000e+00,0.000000000000e+00,0,70,2.592901195434e+01,2.349303275795e+01,3.866699989885e+00,,,,1.135659804662e-01,8.484612183495e-02,8.549857412630e-01,2.211293645092e-01,3.566028471902e-01,1.881029522761e-02,9.806070871393e-01,9.908617691734e-01,1.144923187963e-01,1.367196413040e-01,cgns_extracted_sensor_matrix,engineering_practical,ridge,1.000000000000e-04,0.000000000000e+00,False,
sensor_count_sensitivity,suboff_0000_u0_v1p5_w1p5,0.000000000000e+00,1.500000000000e+00,1.500000000000e+00,2.121320343560e+00,interpolation,all_surface,practical,,60,60,70,70,0.000000000000e+00,0.000000000000e+00,0,60,2.589806684087e+02,2.298743951986e+02,3.086199983954e+00,,,,7.814860102946e-01,6.130755521801e-01,6.228470642814e+00,1.462370020770e+00,1.922821798722e+00,2.775747360229e-01,2.560332773905e-04,5.542020822890e-01,7.987044319019e-01,9.796862898945e-01,cgns_extracted_sensor_matrix,engineering_practical,ridge,1.000000000000e-04,0.000000000000e+00,False,
sensor_count_sensitivity,suboff_0000_u0_v1p5_w1p5,0.000000000000e+00,1.500000000000e+00,1.500000000000e+00,2.121320343560e+00,interpolation,all_surface,practical,,80,80,70,70,0.000000000000e+00,0.000000000000e+00,0,70,3.307865966778e+02,2.694448350063e+02,3.212900017388e+00,,,,7.824130161938e-01,5.230672613086e-01,9.312097321717e+00,1.611913185281e+00,2.709443822909e+00,-4.152434520863e-02,-2.117184447181e-03,6.076713936878e-01,7.967067403423e-01,9.772359328485e-01,cgns_extracted_sensor_matrix,engineering_practical,ridge,1.000000000000e-04,0.000000000000e+00,False,
sensor_count_sensitivity,suboff_0000_u0_v1p5_w1p5,0.000000000000e+00,1.500000000000e+00,1.500000000000e+00,2.121320343560e+00,interpolation,all_surface,practical,,100,100,70,70,0.000000000000e+00,0.000000000000e+00,0,70,7.124413357791e+01,6.729191686044e+01,5.154700018466e+00,,,,5.919775296181e-01,3.947939180626e-01,7.037529663657e+00,1.234326756934e+00,1.984200733020e+00,-3.364040828754e-02,4.263370259905e-01,7.456172950430e-01,5.907854406072e-01,7.246540438669e-01,cgns_extracted_sensor_matrix,engineering_practical,ridge,1.000000000000e-04,0.000000000000e+00,False,
sensor_count_sensitivity,suboff_0000_u0_v1p5_w1p5,0.000000000000e+00,1.500000000000e+00,1.500000000000e+00,2.121320343560e+00,interpolation,all_surface,practical,,126,126,70,70,0.000000000000e+00,0.000000000000e+00,0,70,2.538768855500e+01,2.219485031872e+01,3.615099994931e+00,,,,2.730955958070e-01,1.961182239776e-01,2.000644235882e+00,5.731390078499e-01,8.835526483931e-01,6.642445495101e-03,8.779112158404e-01,9.371446928675e-01,2.754764999246e-01,3.378978998796e-01,cgns_extracted_sensor_matrix,engineering_practical,ridge,1.000000000000e-04,0.000000000000e+00,False,
sensor_count_sensitivity,suboff_0000_u0_v2p5_w0,0.000000000000e+00,2.500000000000e+00,0.000000000000e+00,2.500000000000e+00,interpolation,all_surface,practical,,60,60,70,70,0.000000000000e+00,0.000000000000e+00,0,60,2.605972296843e+02,2.248281002054e+02,3.803600004176e+00,,,,7.004972171063e-01,5.325835312831e-01,5.028736918361e+00,1.393537233708e+00,1.821672115270e+00,3.604674807703e-01,2.647475347248e-01,7.037121858923e-01,7.163619873673e-01,8.535747880545e-01,cgns_extracted_sensor_matrix,engineering_practical,ridge,1.000000000000e-04,0.000000000000e+00,False,
sensor_count_sensitivity,suboff_0000_u0_v2p5_w0,0.000000000000e+00,2.500000000000e+00,0.000000000000e+00,2.500000000000e+00,interpolation,all_surface,practical,,80,80,70,70,0.000000000000e+00,0.000000000000e+00,0,70,3.614794458012e+02,3.127213353290e+02,3.676199994516e+00,,,,1.877648252386e-01,1.405311210660e-01,1.683201351456e+00,3.788205673069e-01,5.062486735881e-01,4.047005225630e-02,9.471734637644e-01,9.753807542631e-01,1.903746949197e-01,2.268392833967e-01,cgns_extracted_sensor_matrix,engineering_practical,ridge,1.000000000000e-04,0.000000000000e+00,False,
sensor_count_sensitivity,suboff_0000_u0_v2p5_w0,0.000000000000e+00,2.500000000000e+00,0.000000000000e+00,2.500000000000e+00,interpolation,all_surface,practical,,100,100,70,70,0.000000000000e+00,0.000000000000e+00,0,70,6.558187553974e+01,5.696809946240e+01,3.796800010605e+00,,,,8.812605059685e-02,6.250857348988e-02,1.197478735089e+00,1.696427829458e-01,2.750698166957e-01,2.390059822893e-03,9.883632346851e-01,9.941721072464e-01,8.759126027966e-02,1.043685912250e-01,cgns_extracted_sensor_matrix,engineering_practical,ridge,1.000000000000e-04,0.000000000000e+00,False,
sensor_count_sensitivity,suboff_0000_u0_v2p5_w0,0.000000000000e+00,2.500000000000e+00,0.000000000000e+00,2.500000000000e+00,interpolation,all_surface,practical,,126,126,70,70,0.000000000000e+00,0.000000000000e+00,0,70,2.592901195434e+01,2.349303275795e+01,3.424099995755e+00,,,,7.117854897098e-02,5.187242384830e-02,6.687118155919e-01,1.459157066085e-01,2.326546892900e-01,7.798682311925e-03,9.924085991973e-01,9.962454021042e-01,7.073765597702e-02,8.428682812994e-02,cgns_extracted_sensor_matrix,engineering_practical,ridge,1.000000000000e-04,0.000000000000e+00,False,
sensor_count_sensitivity,suboff_0000_u0_v3p5_w0,0.000000000000e+00,3.500000000000e+00,0.000000000000e+00,3.500000000000e+00,extrapolation,all_surface,practical,,60,60,70,70,0.000000000000e+00,0.000000000000e+00,0,60,2.605972296843e+02,2.248281002054e+02,2.859400003217e+00,,,,7.317054521597e-01,5.550248682601e-01,5.031793211112e+00,1.482028873140e+00,1.931651477648e+00,3.824019501442e-01,2.416356685575e-01,6.965213252169e-01,7.265784207819e-01,8.683712017536e-01,cgns_extracted_sensor_matrix,engineering_practical,ridge,1.000000000000e-04,0.000000000000e+00,False,
sensor_count_sensitivity,suboff_0000_u0_v3p5_w0,0.000000000000e+00,3.500000000000e+00,0.000000000000e+00,3.500000000000e+00,extrapolation,all_surface,practical,,80,80,70,70,0.000000000000e+00,0.000000000000e+00,0,70,3.614794458012e+02,3.127213353290e+02,2.446300000884e+00,,,,1.805501158855e-01,1.339492340927e-01,1.574734706520e+00,3.565470121609e-01,5.103008078622e-01,4.393834011205e-02,9.538256426998e-01,9.783812847780e-01,1.777854723348e-01,2.124805524771e-01,cgns_extracted_sensor_matrix,engineering_practical,ridge,1.000000000000e-04,0.000000000000e+00,False,
sensor_count_sensitivity,suboff_0000_u0_v3p5_w0,0.000000000000e+00,3.500000000000e+00,0.000000000000e+00,3.500000000000e+00,extrapolation,all_surface,practical,,100,100,70,70,0.000000000000e+00,0.000000000000e+00,0,70,6.558187553974e+01,5.696809946240e+01,4.216600005748e+00,,,,1.124322185239e-01,7.819299548517e-02,1.042670070711e+00,2.318115047750e-01,3.803182545776e-01,2.639009246879e-03,9.820944825250e-01,9.910247147681e-01,1.050185356672e-01,1.255130477527e-01,cgns_extracted_sensor_matrix,engineering_practical,ridge,1.000000000000e-04,0.000000000000e+00,False,
sensor_count_sensitivity,suboff_0000_u0_v3p5_w0,0.000000000000e+00,3.500000000000e+00,0.000000000000e+00,3.500000000000e+00,extrapolation,all_surface,practical,,126,126,70,70,0.000000000000e+00,0.000000000000e+00,0,70,2.592901195434e+01,2.349303275795e+01,3.562800004147e+00,,,,7.998283509017e-02,5.678601150385e-02,7.292997260494e-01,1.696411605235e-01,2.577856774124e-01,1.103952923179e-02,9.909385248343e-01,9.956577754663e-01,7.804926125640e-02,9.328068224248e-02,cgns_extracted_sensor_matrix,engineering_practical,ridge,1.000000000000e-04,0.000000000000e+00,False,
sensor_count_sensitivity,suboff_0000_u1p5_v-1p5_w0,1.500000000000e+00,-1.500000000000e+00,0.000000000000e+00,2.121320343560e+00,interpolation,all_surface,practical,,60,60,70,70,0.000000000000e+00,0.000000000000e+00,0,60,2.589806684087e+02,2.298743951986e+02,3.603099990869e+00,,,,1.836450913185e+00,1.440677922172e+00,1.487198475255e+01,3.622429829277e+00,4.436060481385e+00,1.091638300108e+00,-3.769548042452e+00,5.062586513323e-01,8.574455485274e-01,2.281628006173e+00,cgns_extracted_sensor_matrix,engineering_practical,ridge,1.000000000000e-04,0.000000000000e+00,False,
sensor_count_sensitivity,suboff_0000_u1p5_v-1p5_w0,1.500000000000e+00,-1.500000000000e+00,0.000000000000e+00,2.121320343560e+00,interpolation,all_surface,practical,,80,80,70,70,0.000000000000e+00,0.000000000000e+00,0,70,3.307865966778e+02,2.694448350063e+02,3.358599991770e+00,,,,1.330887868700e+00,9.624592674398e-01,9.764701611432e+00,2.811042971650e+00,3.962084753916e+00,-4.449660386266e-01,-1.504964130809e+00,2.905933324898e-01,5.953287268791e-01,1.584145720343e+00,cgns_extracted_sensor_matrix,engineering_practical,ridge,1.000000000000e-04,0.000000000000e+00,False,
sensor_count_sensitivity,suboff_0000_u1p5_v-1p5_w0,1.500000000000e+00,-1.500000000000e+00,0.000000000000e+00,2.121320343560e+00,interpolation,all_surface,practical,,100,100,70,70,0.000000000000e+00,0.000000000000e+00,0,70,7.124413357791e+01,6.729191686044e+01,5.276300013065e+00,,,,6.737805467205e-01,4.592261256763e-01,6.919131740301e+00,1.273752521350e+00,2.369929664706e+00,9.314107976246e-02,3.579697149141e-01,7.310970902019e-01,2.881133042260e-01,7.666578769954e-01,cgns_extracted_sensor_matrix,engineering_practical,ridge,1.000000000000e-04,0.000000000000e+00,False,
sensor_count_sensitivity,suboff_0000_u1p5_v-1p5_w0,1.500000000000e+00,-1.500000000000e+00,0.000000000000e+00,2.121320343560e+00,interpolation,all_surface,practical,,126,126,70,70,0.000000000000e+00,0.000000000000e+00,0,70,2.538768855500e+01,2.219485031872e+01,3.475500008790e+00,,,,4.784150532508e-01,3.362423167356e-01,3.749309984531e+00,1.023278482717e+00,1.624871998716e+00,1.069031840437e-01,6.763107688353e-01,8.544534608718e-01,2.147948832029e-01,5.715605170965e-01,cgns_extracted_sensor_matrix,engineering_practical,ridge,1.000000000000e-04,0.000000000000e+00,False,
sensor_count_sensitivity,suboff_0000_u1p5_v0_w-1p5,1.500000000000e+00,0.000000000000e+00,-1.500000000000e+00,2.121320343560e+00,interpolation,all_surface,practical,,60,60,70,70,0.000000000000e+00,0.000000000000e+00,0,60,2.589806684087e+02,2.298743951986e+02,3.665600001113e+00,,,,3.961891171755e+00,3.151654363190e+00,1.650194050857e+01,7.480034102698e+00,9.017078536648e+00,2.827211474681e+00,-2.784585374409e+00,3.625259219082e-01,8.563863786786e-01,1.994451089000e+00,cgns_extracted_sensor_matrix,engineering_practical,ridge,1.000000000000e-04,0.000000000000e+00,False,
sensor_count_sensitivity,suboff_0000_u1p5_v0_w-1p5,1.500000000000e+00,0.000000000000e+00,-1.500000000000e+00,2.121320343560e+00,interpolation,all_surface,practical,,80,80,70,70,0.000000000000e+00,0.000000000000e+00,0,70,3.307865966778e+02,2.694448350063e+02,2.594399993541e+00,,,,1.878971511497e+00,1.335007931977e+00,1.732092457116e+01,3.838882530390e+00,5.748571709990e+00,-4.831058759189e-01,1.487568816479e-01,7.589961507432e-01,3.811936843557e-01,8.877676920270e-01,cgns_extracted_sensor_matrix,engineering_practical,ridge,1.000000000000e-04,0.000000000000e+00,False,
sensor_count_sensitivity,suboff_0000_u1p5_v0_w-1p5,1.500000000000e+00,0.000000000000e+00,-1.500000000000e+00,2.121320343560e+00,interpolation,all_surface,practical,,100,100,70,70,0.000000000000e+00,0.000000000000e+00,0,70,7.124413357791e+01,6.729191686044e+01,5.367999983719e+00,,,,1.621074365088e+00,1.146047870428e+00,1.613131851773e+01,3.346827115978e+00,4.980051650231e+00,9.566501813176e-03,3.663942654543e-01,7.073985487681e-01,3.300219878819e-01,7.685931601813e-01,cgns_extracted_sensor_matrix,engineering_practical,ridge,1.000000000000e-04,0.000000000000e+00,False,
sensor_count_sensitivity,suboff_0000_u1p5_v0_w-1p5,1.500000000000e+00,0.000000000000e+00,-1.500000000000e+00,2.121320343560e+00,interpolation,all_surface,practical,,126,126,70,70,0.000000000000e+00,0.000000000000e+00,0,70,2.538768855500e+01,2.219485031872e+01,3.198000020348e+00,,,,1.039410860701e+00,7.271620875968e-01,1.106011209813e+01,2.169889418663e+00,3.368598006587e+00,1.582220033938e-01,7.395119984630e-01,8.735995325157e-01,2.082392868119e-01,4.849716000800e-01,cgns_extracted_sensor_matrix,engineering_practical,ridge,1.000000000000e-04,0.000000000000e+00,False,
sensor_count_sensitivity,suboff_0000_u1p5_v0_w0,1.500000000000e+00,0.000000000000e+00,0.000000000000e+00,1.500000000000e+00,interpolation,all_surface,practical,,60,60,70,70,0.000000000000e+00,0.000000000000e+00,0,60,3.851233346315e+02,3.497466005536e+02,3.401900001336e+00,,,,3.655298498097e+00,3.088913853100e+00,1.802672566413e+01,6.158731794957e+00,7.111295036331e+00,2.861118886597e+00,-3.790513623070e+02,1.787351571037e-01,8.200716204856e-01,2.166168099280e+01,cgns_extracted_sensor_matrix,engineering_practical,ridge,1.000000000000e-04,0.000000000000e+00,False,
sensor_count_sensitivity,suboff_0000_u1p5_v0_w0,1.500000000000e+00,0.000000000000e+00,0.000000000000e+00,1.500000000000e+00,interpolation,all_surface,practical,,80,80,70,70,0.000000000000e+00,0.000000000000e+00,0,70,4.183587084503e+02,3.399780676405e+02,3.414200007683e+00,,,,6.698795911915e-01,4.543085986194e-01,6.133957967663e+00,1.463947313657e+00,2.118015419321e+00,2.676436517036e-01,-1.176409685074e+01,3.524439285693e-01,1.400291189420e-01,3.698781945933e+00,cgns_extracted_sensor_matrix,engineering_practical,ridge,1.000000000000e-04,0.000000000000e+00,False,
sensor_count_sensitivity,suboff_0000_u1p5_v0_w0,1.500000000000e+00,0.000000000000e+00,0.000000000000e+00,1.500000000000e+00,interpolation,all_surface,practical,,100,100,70,70,0.000000000000e+00,0.000000000000e+00,0,70,7.786666892895e+01,7.432924373371e+01,4.665000014938e+00,,,,3.701688888667e-01,2.490071854560e-01,3.308243789379e+00,7.984946929069e-01,1.220193270965e+00,6.469732089055e-02,-2.897592476428e+00,5.244940748418e-01,7.710473459027e-02,2.036673531929e+00,cgns_extracted_sensor_matrix,engineering_practical,ridge,1.000000000000e-04,0.000000000000e+00,False,
sensor_count_sensitivity,suboff_0000_u1p5_v0_w0,1.500000000000e+00,0.000000000000e+00,0.000000000000e+00,1.500000000000e+00,interpolation,all_surface,practical,,126,126,70,70,0.000000000000e+00,0.000000000000e+00,0,70,2.825453647861e+01,2.593958796565e+01,3.188300004695e+00,,,,2.781133788410e-01,2.075531451370e-01,2.094107570434e+00,5.684246953792e-01,7.534449261827e-01,5.052545775009e-02,-1.200089561288e+00,4.932227827808e-01,6.016164277174e-02,1.589132316215e+00,cgns_extracted_sensor_matrix,engineering_practical,ridge,1.000000000000e-04,0.000000000000e+00,False,
sensor_count_sensitivity,suboff_0000_u1p5_v0_w1p5,1.500000000000e+00,0.000000000000e+00,1.500000000000e+00,2.121320343560e+00,interpolation,all_surface,practical,,60,60,70,70,0.000000000000e+00,0.000000000000e+00,0,60,2.589806684087e+02,2.298743951986e+02,3.465300018433e+00,,,,7.249834583094e-01,5.481152753118e-01,5.252647842564e+00,1.470912927392e+00,1.822962158904e+00,1.994180689375e-01,-9.386158390805e-01,4.271794274196e-01,1.110585274327e+00,1.404990765910e+00,cgns_extracted_sensor_matrix,engineering_practical,ridge,1.000000000000e-04,0.000000000000e+00,False,
sensor_count_sensitivity,suboff_0000_u1p5_v0_w1p5,1.500000000000e+00,0.000000000000e+00,1.500000000000e+00,2.121320343560e+00,interpolation,all_surface,practical,,80,80,70,70,0.000000000000e+00,0.000000000000e+00,0,70,3.307865966778e+02,2.694448350063e+02,2.668299974175e+00,,,,8.653084221251e-01,6.162781311627e-01,7.194511658441e+00,1.722625923785e+00,2.765692499472e+00,-2.845470293797e-03,-1.761705870917e+00,3.462987635635e-01,1.289496137172e+00,1.631329180464e+00,cgns_extracted_sensor_matrix,engineering_practical,ridge,1.000000000000e-04,0.000000000000e+00,False,
sensor_count_sensitivity,suboff_0000_u1p5_v0_w1p5,1.500000000000e+00,0.000000000000e+00,1.500000000000e+00,2.121320343560e+00,interpolation,all_surface,practical,,100,100,70,70,0.000000000000e+00,0.000000000000e+00,0,70,7.124413357791e+01,6.729191686044e+01,5.389400001150e+00,,,,6.227184599014e-01,4.185315155258e-01,6.388953919542e+00,1.311024434186e+00,2.110080720184e+00,8.984098884931e-02,-4.302733348013e-01,5.568884626141e-01,9.221885132359e-01,1.166651832575e+00,cgns_extracted_sensor_matrix,engineering_practical,ridge,1.000000000000e-04,0.000000000000e+00,False,
sensor_count_sensitivity,suboff_0000_u1p5_v0_w1p5,1.500000000000e+00,0.000000000000e+00,1.500000000000e+00,2.121320343560e+00,interpolation,all_surface,practical,,126,126,70,70,0.000000000000e+00,0.000000000000e+00,0,70,2.538768855500e+01,2.219485031872e+01,3.343499993207e+00,,,,3.133491630445e-01,2.373417989125e-01,2.054719824836e+00,6.520605656273e-01,8.434628194194e-01,5.469488958566e-02,6.378465392184e-01,8.239849919992e-01,4.806586448352e-01,6.080766359499e-01,cgns_extracted_sensor_matrix,engineering_practical,ridge,1.000000000000e-04,0.000000000000e+00,False,
sensor_count_sensitivity,suboff_0000_u1p5_v1p5_w0,1.500000000000e+00,1.500000000000e+00,0.000000000000e+00,2.121320343560e+00,interpolation,all_surface,practical,,60,60,70,70,0.000000000000e+00,0.000000000000e+00,0,60,2.589806684087e+02,2.298743951986e+02,3.369900019607e+00,,,,2.383521491015e+00,1.914476455025e+00,1.239413495229e+01,4.290107613704e+00,5.864607050193e+00,1.734491896752e+00,-7.037992569672e+00,3.474770649815e-01,8.059930930448e-01,3.002456257840e+00,cgns_extracted_sensor_matrix,engineering_practical,ridge,1.000000000000e-04,0.000000000000e+00,False,
sensor_count_sensitivity,suboff_0000_u1p5_v1p5_w0,1.500000000000e+00,1.500000000000e+00,0.000000000000e+00,2.121320343560e+00,interpolation,all_surface,practical,,80,80,70,70,0.000000000000e+00,0.000000000000e+00,0,70,3.307865966778e+02,2.694448350063e+02,2.899399987655e+00,,,,1.373782865127e+00,1.009329775338e+00,9.736394758507e+00,2.728506148320e+00,4.101745293936e+00,-2.993768451409e-01,-1.670211405701e+00,3.869687300801e-01,4.464238148246e-01,1.663001814824e+00,cgns_extracted_sensor_matrix,engineering_practical,ridge,1.000000000000e-04,0.000000000000e+00,False,
sensor_count_sensitivity,suboff_0000_u1p5_v1p5_w0,1.500000000000e+00,1.500000000000e+00,0.000000000000e+00,2.121320343560e+00,interpolation,all_surface,practical,,100,100,70,70,0.000000000000e+00,0.000000000000e+00,0,70,7.124413357791e+01,6.729191686044e+01,3.548699984094e+00,,,,7.878491695093e-01,5.541267816257e-01,6.983333848237e+00,1.583820530780e+00,2.460564548477e+00,3.833728373330e-02,1.217955785290e-01,6.276674534741e-01,2.499044526635e-01,9.309350095383e-01,cgns_extracted_sensor_matrix,engineering_practical,ridge,1.000000000000e-04,0.000000000000e+00,False,
sensor_count_sensitivity,suboff_0000_u1p5_v1p5_w0,1.500000000000e+00,1.500000000000e+00,0.000000000000e+00,2.121320343560e+00,interpolation,all_surface,practical,,126,126,70,70,0.000000000000e+00,0.000000000000e+00,0,70,2.538768855500e+01,2.219485031872e+01,3.523199993651e+00,,,,5.734216121678e-01,4.070987190620e-01,4.365913501084e+00,1.210834921104e+00,1.918246505566e+00,7.674008993257e-02,5.347808633281e-01,7.608083280550e-01,1.842493643282e-01,6.863590540714e-01,cgns_extracted_sensor_matrix,engineering_practical,ridge,1.000000000000e-04,0.000000000000e+00,False,
sensor_count_sensitivity,suboff_0000_u1_v-2_w0p5,1.000000000000e+00,-2.000000000000e+00,5.000000000000e-01,2.291287847478e+00,interpolation,all_surface,practical,,60,60,70,70,0.000000000000e+00,0.000000000000e+00,0,60,2.605972296843e+02,2.248281002054e+02,3.444400004810e+00,,,,1.109555341532e+00,8.282374277161e-01,6.863169692400e+00,2.352656805097e+00,2.954950717253e+00,4.323569753607e-01,-1.073234476620e+00,3.351593014201e-01,9.436492758586e-01,1.436914645478e+00,cgns_extracted_sensor_matrix,engineering_practical,ridge,1.000000000000e-04,0.000000000000e+00,False,
sensor_count_sensitivity,suboff_0000_u1_v-2_w0p5,1.000000000000e+00,-2.000000000000e+00,5.000000000000e-01,2.291287847478e+00,interpolation,all_surface,practical,,80,80,70,70,0.000000000000e+00,0.000000000000e+00,0,70,3.614794458012e+02,3.127213353290e+02,2.352600015001e+00,,,,1.208135439668e+00,8.984712839823e-01,9.526957844791e+00,2.467147681292e+00,3.781625733954e+00,-1.731132194480e-01,-1.457999179839e+00,7.304830692642e-02,1.020152435924e+00,1.553407620079e+00,cgns_extracted_sensor_matrix,engineering_practical,ridge,1.000000000000e-04,0.000000000000e+00,False,
sensor_count_sensitivity,suboff_0000_u1_v-2_w0p5,1.000000000000e+00,-2.000000000000e+00,5.000000000000e-01,2.291287847478e+00,interpolation,all_surface,practical,,100,100,70,70,0.000000000000e+00,0.000000000000e+00,0,70,6.558187553974e+01,5.696809946240e+01,4.130199988140e+00,,,,4.479854021324e-01,3.123591471392e-01,4.260404606370e+00,8.824849370385e-01,1.595355456970e+00,3.884013465206e-02,6.620299544606e-01,8.332091166059e-01,3.593603671389e-01,5.472056067405e-01,cgns_extracted_sensor_matrix,engineering_practical,ridge,1.000000000000e-04,0.000000000000e+00,False,
sensor_count_sensitivity,suboff_0000_u1_v-2_w0p5,1.000000000000e+00,-2.000000000000e+00,5.000000000000e-01,2.291287847478e+00,interpolation,all_surface,practical,,126,126,70,70,0.000000000000e+00,0.000000000000e+00,0,70,2.592901195434e+01,2.349303275795e+01,3.315199981444e+00,,,,2.275676215671e-01,1.721013115991e-01,1.956257259720e+00,4.753038894340e-01,6.175186777844e-01,1.809957301628e-02,9.127889678897e-01,9.588560448787e-01,1.920734695719e-01,2.924743212299e-01,cgns_extracted_sensor_matrix,engineering_practical,ridge,1.000000000000e-04,0.000000000000e+00,False,
sensor_count_sensitivity,suboff_0000_u1_v2_w0p5,1.000000000000e+00,2.000000000000e+00,5.000000000000e-01,2.291287847478e+00,interpolation,all_surface,practical,,60,60,70,70,0.000000000000e+00,0.000000000000e+00,0,60,2.605972296843e+02,2.248281002054e+02,3.325500001665e+00,,,,1.081692519898e+00,8.403459128192e-01,5.873634959774e+00,2.051169403024e+00,2.452152388038e+00,7.077004015928e-01,-9.543012407088e-01,4.992605485033e-01,7.625331022309e-01,1.412824847662e+00,cgns_extracted_sensor_matrix,engineering_practical,ridge,1.000000000000e-04,0.000000000000e+00,False,
sensor_count_sensitivity,suboff_0000_u1_v2_w0p5,1.000000000000e+00,2.000000000000e+00,5.000000000000e-01,2.291287847478e+00,interpolation,all_surface,practical,,80,80,70,70,0.000000000000e+00,0.000000000000e+00,0,70,3.614794458012e+02,3.127213353290e+02,3.138000000035e+00,,,,5.072129006301e-01,3.843077111485e-01,4.320227427570e+00,9.525796532940e-01,1.433869740291e+00,9.273361573552e-02,5.703009072018e-01,8.234443406207e-01,3.445445701775e-01,6.383737682336e-01,cgns_extracted_sensor_matrix,engineering_practical,ridge,1.000000000000e-04,0.000000000000e+00,False,
sensor_count_sensitivity,suboff_0000_u1_v2_w0p5,1.000000000000e+00,2.000000000000e+00,5.000000000000e-01,2.291287847478e+00,interpolation,all_surface,practical,,100,100,70,70,0.000000000000e+00,0.000000000000e+00,0,70,6.558187553974e+01,5.696809946240e+01,3.554399998393e+00,,,,3.177796807595e-01,2.269423592384e-01,2.829252100313e+00,6.406244560521e-01,9.674747764929e-01,-4.583073124834e-02,8.313306762979e-01,9.175827056929e-01,2.094084802592e-01,3.879929977543e-01,cgns_extracted_sensor_matrix,engineering_practical,ridge,1.000000000000e-04,0.000000000000e+00,False,
sensor_count_sensitivity,suboff_0000_u1_v2_w0p5,1.000000000000e+00,2.000000000000e+00,5.000000000000e-01,2.291287847478e+00,interpolation,all_surface,practical,,126,126,70,70,0.000000000000e+00,0.000000000000e+00,0,70,2.592901195434e+01,2.349303275795e+01,3.442299988819e+00,,,,2.215401410658e-01,1.656328684944e-01,1.494346107707e+00,4.346670263990e-01,6.522975805661e-01,-2.304362693514e-02,9.180236248668e-01,9.586832933899e-01,1.519215306200e-01,2.814809124049e-01,cgns_extracted_sensor_matrix,engineering_practical,ridge,1.000000000000e-04,0.000000000000e+00,False,
sensor_count_sensitivity,suboff_0000_u2p5_v0_w0,2.500000000000e+00,0.000000000000e+00,0.000000000000e+00,2.500000000000e+00,interpolation,all_surface,practical,,60,60,70,70,0.000000000000e+00,0.000000000000e+00,0,60,3.851233346315e+02,3.497466005536e+02,3.139599983115e+00,,,,3.643674622287e+00,3.075588523638e+00,1.816779124112e+01,6.165116648796e+00,7.119711103234e+00,2.845384443743e+00,-3.142367670372e+02,2.166261249549e-01,8.187581688070e-01,1.939040359626e+01,cgns_extracted_sensor_matrix,engineering_practical,ridge,1.000000000000e-04,0.000000000000e+00,False,
sensor_count_sensitivity,suboff_0000_u2p5_v0_w0,2.500000000000e+00,0.000000000000e+00,0.000000000000e+00,2.500000000000e+00,interpolation,all_surface,practical,,80,80,70,70,0.000000000000e+00,0.000000000000e+00,0,70,4.183587084503e+02,3.399780676405e+02,2.408700005617e+00,,,,6.584390831017e-01,4.431633896149e-01,6.252742706691e+00,1.420009481931e+00,2.152506733066e+00,2.417106121037e-01,-9.294112073728e+00,4.011516579707e-01,1.371732187781e-01,3.248632106574e+00,cgns_extracted_sensor_matrix,engineering_practical,ridge,1.000000000000e-04,0.000000000000e+00,False,
sensor_count_sensitivity,suboff_0000_u2p5_v0_w0,2.500000000000e+00,0.000000000000e+00,0.000000000000e+00,2.500000000000e+00,interpolation,all_surface,practical,,100,100,70,70,0.000000000000e+00,0.000000000000e+00,0,70,7.786666892895e+01,7.432924373371e+01,5.146500014234e+00,,,,3.758066087650e-01,2.584345582139e-01,3.181710312234e+00,7.871048400753e-01,1.227615242670e+00,5.839907848032e-02,-2.353408922223e+00,5.225073477880e-01,7.871456733619e-02,1.864173436923e+00,cgns_extracted_sensor_matrix,engineering_practical,ridge,1.000000000000e-04,0.000000000000e+00,False,
sensor_count_sensitivity,suboff_0000_u2p5_v0_w0,2.500000000000e+00,0.000000000000e+00,0.000000000000e+00,2.500000000000e+00,interpolation,all_surface,practical,,126,126,70,70,0.000000000000e+00,0.000000000000e+00,0,70,2.825453647861e+01,2.593958796565e+01,3.259699995397e+00,,,,2.703323135240e-01,2.005422801247e-01,1.970126992697e+00,5.564618172807e-01,7.347948431283e-01,4.646629948960e-02,-7.352162716118e-01,5.114279463867e-01,5.855110275047e-02,1.386648166200e+00,cgns_extracted_sensor_matrix,engineering_practical,ridge,1.000000000000e-04,0.000000000000e+00,False,
sensor_count_sensitivity,suboff_0000_u2_v-1_w0p5,2.000000000000e+00,-1.000000000000e+00,5.000000000000e-01,2.291287847478e+00,interpolation,all_surface,practical,,60,60,70,70,0.000000000000e+00,0.000000000000e+00,0,60,3.851233346315e+02,3.497466005536e+02,3.082799987169e+00,,,,2.048788460175e+00,1.669359969875e+00,1.154252441088e+01,3.718540445069e+00,4.376515391062e+00,1.460375278424e+00,-4.666814936340e+01,8.609675180442e-02,8.860329177824e-01,7.445275137851e+00,cgns_extracted_sensor_matrix,engineering_practical,ridge,1.000000000000e-04,0.000000000000e+00,False,
sensor_count_sensitivity,suboff_0000_u2_v-1_w0p5,2.000000000000e+00,-1.000000000000e+00,5.000000000000e-01,2.291287847478e+00,interpolation,all_surface,practical,,80,80,70,70,0.000000000000e+00,0.000000000000e+00,0,70,4.183587084503e+02,3.399780676405e+02,2.583699999377e+00,,,,9.436168602702e-01,6.650174152673e-01,1.127913173341e+01,2.075544601760e+00,2.606247573764e+00,-2.126925730040e-01,-9.111729358488e+00,9.527916511055e-03,4.000112503300e-01,3.361267687883e+00,cgns_extracted_sensor_matrix,engineering_practical,ridge,1.000000000000e-04,0.000000000000e+00,False,
sensor_count_sensitivity,suboff_0000_u2_v-1_w0p5,2.000000000000e+00,-1.000000000000e+00,5.000000000000e-01,2.291287847478e+00,interpolation,all_surface,practical,,100,100,70,70,0.000000000000e+00,0.000000000000e+00,0,70,7.786666892895e+01,7.432924373371e+01,4.505299992161e+00,,,,4.750647947243e-01,3.006571545798e-01,6.012202660393e+00,8.888523340022e-01,1.684253891766e+00,-1.365764378670e-02,-1.562947725144e+00,5.689212384326e-01,1.849748637083e-01,1.554331364281e+00,cgns_extracted_sensor_matrix,engineering_practical,ridge,1.000000000000e-04,0.000000000000e+00,False,
sensor_count_sensitivity,suboff_0000_u2_v-1_w0p5,2.000000000000e+00,-1.000000000000e+00,5.000000000000e-01,2.291287847478e+00,interpolation,all_surface,practical,,126,126,70,70,0.000000000000e+00,0.000000000000e+00,0,70,2.825453647861e+01,2.593958796565e+01,3.923599986592e+00,,,,2.344953011784e-01,1.641223484314e-01,2.012519149364e+00,4.976768644454e-01,7.465451201838e-01,3.307182618321e-02,3.755432817181e-01,7.172125690308e-01,9.576864902155e-02,8.047375297639e-01,cgns_extracted_sensor_matrix,engineering_practical,ridge,1.000000000000e-04,0.000000000000e+00,False,
sensor_count_sensitivity,suboff_0000_u2_v1_w0p5,2.000000000000e+00,1.000000000000e+00,5.000000000000e-01,2.291287847478e+00,interpolation,all_surface,practical,,60,60,70,70,0.000000000000e+00,0.000000000000e+00,0,60,3.851233346315e+02,3.497466005536e+02,4.052000003867e+00,,,,2.554088689430e+00,2.136667307014e+00,1.316819797670e+01,4.431241644243e+00,5.310068899162e+00,1.953535392654e+00,-7.162535572578e+01,4.235872079005e-02,8.368541466652e-01,9.288525167944e+00,cgns_extracted_sensor_matrix,engineering_practical,ridge,1.000000000000e-04,0.000000000000e+00,False,
sensor_count_sensitivity,suboff_0000_u2_v1_w0p5,2.000000000000e+00,1.000000000000e+00,5.000000000000e-01,2.291287847478e+00,interpolation,all_surface,practical,,80,80,70,70,0.000000000000e+00,0.000000000000e+00,0,70,4.183587084503e+02,3.399780676405e+02,2.880699990783e+00,,,,4.844931182782e-01,3.297997546692e-01,5.653134964219e+00,1.006977729902e+00,1.582338362058e+00,1.015646360788e-01,-1.613313731185e+00,4.029246996768e-01,1.496082190589e-01,1.660551857928e+00,cgns_extracted_sensor_matrix,engineering_practical,ridge,1.000000000000e-04,0.000000000000e+00,False,
sensor_count_sensitivity,suboff_0000_u2_v1_w0p5,2.000000000000e+00,1.000000000000e+00,5.000000000000e-01,2.291287847478e+00,interpolation,all_surface,practical,,100,100,70,70,0.000000000000e+00,0.000000000000e+00,0,70,7.786666892895e+01,7.432924373371e+01,3.336199995829e+00,,,,2.974144393021e-01,1.982605691464e-01,3.081664537661e+00,6.558692129262e-01,9.819651623798e-01,1.734987684948e-02,1.521727000084e-02,6.293602744094e-01,9.152502961834e-02,1.015867035486e+00,cgns_extracted_sensor_matrix,engineering_practical,ridge,1.000000000000e-04,0.000000000000e+00,False,
sensor_count_sensitivity,suboff_0000_u2_v1_w0p5,2.000000000000e+00,1.000000000000e+00,5.000000000000e-01,2.291287847478e+00,interpolation,all_surface,practical,,126,126,70,70,0.000000000000e+00,0.000000000000e+00,0,70,2.825453647861e+01,2.593958796565e+01,3.084600000875e+00,,,,2.770212050130e-01,1.969347910818e-01,3.005388247253e+00,5.830119475590e-01,8.344297893727e-01,3.167529754116e-02,1.456371553545e-01,6.514960055748e-01,8.744947057049e-02,9.706310371457e-01,cgns_extracted_sensor_matrix,engineering_practical,ridge,1.000000000000e-04,0.000000000000e+00,False,
sensor_count_sensitivity,suboff_0000_u3p5_v0_w0,3.500000000000e+00,0.000000000000e+00,0.000000000000e+00,3.500000000000e+00,extrapolation,all_surface,practical,,60,60,70,70,0.000000000000e+00,0.000000000000e+00,0,60,3.851233346315e+02,3.497466005536e+02,3.755200013984e+00,,,,6.468018411807e-01,5.418540008657e-01,3.284981529583e+00,1.126648495066e+00,1.366762711690e+00,-4.898703207440e-01,-9.073611718748e+00,3.889886812530e-01,6.995425472655e-01,3.509530440816e+00,cgns_extracted_sensor_matrix,engineering_practical,ridge,1.000000000000e-04,0.000000000000e+00,False,
sensor_count_sensitivity,suboff_0000_u3p5_v0_w0,3.500000000000e+00,0.000000000000e+00,0.000000000000e+00,3.500000000000e+00,extrapolation,all_surface,practical,,80,80,70,70,0.000000000000e+00,0.000000000000e+00,0,70,4.183587084503e+02,3.399780676405e+02,2.908499998739e+00,,,,1.715657699594e-01,1.179059360452e-01,1.502491254575e+00,3.754019928948e-01,5.586521434305e-01,-4.305110385678e-02,2.912321663456e-01,7.551592502823e-01,1.770298919209e-01,8.881401096469e-01,cgns_extracted_sensor_matrix,engineering_practical,ridge,1.000000000000e-04,0.000000000000e+00,False,
sensor_count_sensitivity,suboff_0000_u3p5_v0_w0,3.500000000000e+00,0.000000000000e+00,0.000000000000e+00,3.500000000000e+00,extrapolation,all_surface,practical,,100,100,70,70,0.000000000000e+00,0.000000000000e+00,0,70,7.786666892895e+01,7.432924373371e+01,4.138699994655e+00,,,,1.199877492744e-01,8.228956622239e-02,9.799397397396e-01,2.481514126083e-01,3.858512662926e-01,-3.850804832221e-03,6.533297879648e-01,8.718235993864e-01,1.223124854735e-01,6.136287102752e-01,cgns_extracted_sensor_matrix,engineering_practical,ridge,1.000000000000e-04,0.000000000000e+00,False,
sensor_count_sensitivity,suboff_0000_u3p5_v0_w0,3.500000000000e+00,0.000000000000e+00,0.000000000000e+00,3.500000000000e+00,extrapolation,all_surface,practical,,126,126,70,70,0.000000000000e+00,0.000000000000e+00,0,70,2.825453647861e+01,2.593958796565e+01,3.876500006299e+00,,,,9.987622293581e-02,7.109473725437e-02,8.295639043531e-01,2.154775968413e-01,3.269639696687e-01,-6.443832828844e-03,7.598033575491e-01,8.858518114354e-01,1.050051422690e-01,5.267996130842e-01,cgns_extracted_sensor_matrix,engineering_practical,ridge,1.000000000000e-04,0.000000000000e+00,False,
sensor_count_sensitivity,suboff_0000_u3p5_v1_w0,3.500000000000e+00,1.000000000000e+00,0.000000000000e+00,3.640054944640e+00,extrapolation,all_surface,practical,,60,60,70,70,0.000000000000e+00,0.000000000000e+00,0,60,3.851233346315e+02,3.497466005536e+02,3.478099999484e+00,,,,1.052133727150e+00,8.761901969410e-01,5.680254410762e+00,1.843512728558e+00,2.193626636700e+00,-7.842006333714e-01,-1.161002989516e+01,3.803779428697e-01,7.292868468416e-01,4.062588428166e+00,cgns_extracted_sensor_matrix,engineering_practical,ridge,1.000000000000e-04,0.000000000000e+00,False,
sensor_count_sensitivity,suboff_0000_u3p5_v1_w0,3.500000000000e+00,1.000000000000e+00,0.000000000000e+00,3.640054944640e+00,extrapolation,all_surface,practical,,80,80,70,70,0.000000000000e+00,0.000000000000e+00,0,70,4.183587084503e+02,3.399780676405e+02,3.071000013733e+00,,,,3.450808573851e-01,2.566622289398e-01,2.613255894217e+00,6.802943561979e-01,9.787199957577e-01,-1.344806384607e-01,-3.564880366057e-01,6.600257967518e-01,2.316498164730e-01,1.290435811184e+00,cgns_extracted_sensor_matrix,engineering_practical,ridge,1.000000000000e-04,0.000000000000e+00,False,
sensor_count_sensitivity,suboff_0000_u3p5_v1_w0,3.500000000000e+00,1.000000000000e+00,0.000000000000e+00,3.640054944640e+00,extrapolation,all_surface,practical,,100,100,70,70,0.000000000000e+00,0.000000000000e+00,0,70,7.786666892895e+01,7.432924373371e+01,4.978899989510e+00,,,,2.283995248962e-01,1.454128325921e-01,2.915780097604e+00,4.668911742220e-01,7.790393994172e-01,1.117531849165e-02,4.057562489908e-01,7.703762095804e-01,1.383643713103e-01,7.707769531150e-01,cgns_extracted_sensor_matrix,engineering_practical,ridge,1.000000000000e-04,0.000000000000e+00,False,
sensor_count_sensitivity,suboff_0000_u3p5_v1_w0,3.500000000000e+00,1.000000000000e+00,0.000000000000e+00,3.640054944640e+00,extrapolation,all_surface,practical,,126,126,70,70,0.000000000000e+00,0.000000000000e+00,0,70,2.825453647861e+01,2.593958796565e+01,3.329600003781e+00,,,,1.822904726300e-01,1.270705723219e-01,2.335076310462e+00,3.688883118247e-01,5.510215296745e-01,2.423697201695e-02,6.214683716645e-01,8.594533164638e-01,1.176775300155e-01,6.555381792040e-01,cgns_extracted_sensor_matrix,engineering_practical,ridge,1.000000000000e-04,0.000000000000e+00,False,
